code,name,lon,lat,alt_m,dpos_m,dvel_mm_s,dx_m,dy_m,dz_m,error
000,UK/England     Greenwich,0.0,51.477379,65.985,161.42036354725835,0.0061428380740497215,128.66467237472534,83.15455168485641,-50.86508020758629,
001,UK/England     Crowborough,0.1542,51.051835,267.895,161.42029446366433,0.006170055590782453,128.66449356079102,83.15471932291985,-50.865039229393005,
002,UK/England     Rayleigh,0.62,51.652979,3041.392,161.41985958511518,0.006128037690615942,128.6643147468567,83.15417915582657,-50.864994525909424,
003,France         Montpellier,3.9,43.650525,2466.725,161.4193611364066,0.006605313277164665,128.66032123565674,83.15946906805038,-50.86486600339413,
004,France         Toulouse,1.4625,43.612279,177.272,161.42122875594757,0.006628175860018924,128.66222858428955,83.16018432378769,-50.864798948168755,
005,France         Meudon,2.231,48.805069,157.735,161.4193832334838,0.006300610488057557,128.66252660751343,83.1560268998146,-50.86498521268368,
006,"Spain          Fabra Observatory, Barcelona",2.12417,41.418524,372.605,161.42103705459095,0.006750979298421713,128.6611258983612,83.16146582365036,-50.86488462984562,
007,France         Paris,2.33675,48.836384,60.339,161.4194519844809,0.006297701964123713,128.6625862121582,83.15601572394371,-50.86507089436054,
008,Algeria        Algiers-Bouzareah,3.0355,36.801463,321.739,161.4211795315712,0.006996911629535687,128.65957617759705,83.16417410969734,-50.86482875049114,
009,Switzerland    Berne-Uecht,7.4417,46.953793,-107.241,161.4163809296554,0.006367584012416423,128.65862250328064,83.15618708729744,-50.86507089436054,
010,France         Caussols,6.92124,43.750945,1266.252,161.4170714174425,0.006567778354453156,128.6579668521881,83.15864205360413,-50.86490698158741,
011,Switzerland    Wetzikon,8.7975,47.319327,551.394,161.41539177181514,0.006330058879424485,128.65781784057617,83.15551653504372,-50.865063443779945,
012,Belgium        Uccle,4.35821,50.798599,105.369,161.4176836106916,0.0061533507487085805,128.6616027355194,83.15406367182732,-50.865137949585915,
013,Netherlands    Leiden,4.48397,52.154947,1.9629999999999999,161.41737880515458,0.006062766694211869,128.6618709564209,83.15310254693031,-50.865063443779945,
014,France         Marseilles,5.39509,43.305869,68.916,161.4183656729447,0.0066097499431835025,128.65906953811646,83.1594243645668,-50.864946097135544,
015,Netherlands    Utrecht,5.12929,52.085463,4.29,161.4170837795028,0.006061597768691789,128.6616027355194,83.15293118357658,-50.865085795521736,
016,France         Besancon,5.9893,47.250002,289.019,161.4173123292423,0.0063646245118874996,128.6596655845642,83.15639942884445,-50.865041092038155,
017,Germany        Hoher List,6.84924,50.161388,504.20200000000006,161.41622364202001,0.006171166175341459,128.65987420082092,83.15391093492508,-50.86512677371502,
018,Germany        Dusseldorf-Bilk,6.7612,51.206991,35.055,161.41614556105813,0.0061038850818684025,128.66023182868958,83.15321058034897,-50.86511932313442,
019,Switzerland    Neuchatel,6.9575,46.99744,511.41099999999994,161.41659426000788,0.006370366255990401,128.65877151489258,83.15639570355415,-50.86502991616726,
020,France         Nice,7.3004,43.721542,390.994,161.4170736508151,0.00656488607691891,128.6579966545105,83.15856382250786,-50.864966586232185,
021,Germany        Karlsruhe,8.3855,49.024024,124.234,161.4153988523251,0.00622754090368692,128.65859270095825,83.15429836511612,-50.86511746048927,
022,Italy          Pino Torinese,7.7748,45.037805,656.589,161.41635700006796,0.0064811923625086865,128.65784764289856,83.15740898251534,-50.86495727300644,
023,Germany        Wiesbaden,8.2625,50.081187,211.801,161.4153223033021,0.006161366350685329,128.6589801311493,83.15353095531464,-50.86514912545681,
024,Germany        Heidelberg-Konigstuhl,8.7216,49.398618,569.103,161.415138428787,0.006200166564762437,128.6584436893463,83.15404504537582,-50.86508207023144,
025,Germany        Stuttgart,9.1965,48.782528,335.024,161.41494079222065,0.0062337858490184766,128.65802645683289,83.15430581569672,-50.86508393287659,
026,Switzerland    Berne-Zimmerwald,7.46511,46.877102,898.201,161.41636764914756,0.006372522665822286,128.65856289863586,83.15624669194221,-50.86508207023144,
027,Italy          Milan,9.1912,45.466337,144.519,161.41517613804137,0.0064386756876062086,128.65683436393738,83.15667882561684,-50.864966586232185,
028,Germany        Wurzburg,9.9363,49.791035,185.813,161.41428748075933,0.006161099179199219,128.6577582359314,83.15343782305717,-50.86510814726353,
029,Germany        Hamburg-Bergedorf,10.2406,53.479709,20.053,161.4137778503003,0.005916892330574283,128.65892052650452,83.15055444836617,-50.86526460945606,
030,"Italy          Arcetri Observatory, Florence",11.25446,43.750648,166.264,161.41406274669157,0.006514804286552718,128.65504622459412,83.15720781683922,-50.865091383457184,
031,Germany        Sonneberg,11.18985,50.377394,627.921,161.41337138798644,0.006108795329137763,128.65719199180603,83.15256983041763,-50.86505226790905,
032,Germany        Jena,11.58295,50.925259,151.114,161.41319226097767,0.006068569376546037,128.6572515964508,83.15207064151764,-50.86514912545681,
033,"Germany        Karl Schwarzschild Observatory, Tautenburg",11.71124,50.980142,388.733,161.41302538749926,0.006063543684411306,128.6570131778717,83.15206319093704,-50.865234807133675,
034,"Italy          Monte Mario Observatory, Rome",12.45246,41.922451,102.548,161.41321918850505,0.006603837836444667,128.6536157131195,83.15788954496384,-50.864918157458305,
035,Denmark        Copenhagen,12.57592,55.686868,10.378,161.4121745104278,0.005741764596979404,128.65838408470154,83.14822986721992,-50.865333527326584,
036,Italy          Castel Gandolfo,12.6504,41.747469,432.01,161.4131805246533,0.006611109795549351,128.65346670150757,83.157978951931,-50.86502619087696,
037,"Italy          Collurania Observatory, Teramo",13.7333,42.65747,427.798,161.41225547272492,0.006543775556421513,128.65298986434937,83.15689489245415,-50.86506903171539,
038,Italy          Trieste,13.7704,45.643273,64.334,161.41196632119113,0.006368252359246165,128.653883934021,83.15496519207954,-50.86504481732845,
039,Sweden         Lund,13.1874,55.697864,16.642,161.41161000142912,0.005733687437025276,128.65787744522095,83.14794301986694,-50.8652925491333,
040,"Germany        Lohrmann Institute, Dresden",13.7298,51.031147,160.361,161.41178005158966,0.006034379508779518,128.65599989891052,83.15126597881317,-50.86514912545681,
041,Austria        Innsbruck,11.38083,47.268155,612.371,161.413554444365,0.006301940083385018,128.6560297012329,83.15470069646835,-50.865089520812035,
042,Germany        Potsdam,13.06428,52.379654,89.789,161.4120080775193,0.005955674314815707,128.656804561615,83.1504613161087,-50.86515285074711,
043,"Italy          Asiago Astrophysical Observatory, Padua",11.52643,45.866447,1090.301,161.413630952689,0.006385788960079505,128.65552306175232,83.15561711788177,-50.865115597844124,
044,"Italy          Capodimonte Observatory, Naples",14.2559,40.862941,145.865,161.41189384926884,0.006636985793071529,128.65197658538818,83.15776288509369,-50.865065306425095,
045,Austria        Vienna (since 1879),16.339,48.231915,278.342,161.41020942717807,0.006173718186313874,128.65328788757324,83.15243944525719,-50.86510628461838,
046,"Czech Republi  Klet Observatory, Ceske Budejovice",14.2881,48.863293,1061.815,161.41151871669942,0.006164458000706247,128.65474820137024,83.15269649028778,-50.86514726281166,
047,Poland         Poznan,16.8782,52.398536,89.404,161.4095727823072,0.005902754220417248,128.65453958511353,83.14917236566544,-50.865260884165764,
048,Czech Republi  Hradec Kralove,15.8408,50.177332,270.684,161.410402706873,0.00605966541774052,128.6543309688568,83.15112441778183,-50.865231081843376,
049,Sweden         Uppsala-Kvistaberg,17.6067,59.500336,9.188,161.4090797897826,0.005418451248989215,128.65740060806274,83.14372226595879,-50.86536891758442,
050,Sweden         Stockholm (before 1931),18.0582,59.342247,43.972,161.409047613938,0.005423336212498011,128.65737080574036,83.1437036395073,-50.86537264287472,
051,"South Africa   Royal Observatory, Cape of Good Hope",18.4766,-33.933947,11.697,161.4099720335727,0.007310433367756819,128.6487579345703,83.15906673669815,-50.86497589945793,
052,Sweden         Stockholm-Saltsjobaden,18.3083,59.271649,39.628,161.40872300585116,0.005424811314050037,128.6570429801941,83.14353972673416,-50.86543969810009,
053,"Hungary        Konkoly Observatory, Budapest (since 1933)",18.9642,47.499604,492.032,161.4083379525356,0.0061774547317502565,128.65129113197327,83.15183222293854,-50.865210592746735,
054,Denmark        Brorfelde,11.6654,55.621918,77.196,161.4125886888683,0.005756819035143089,128.65877151489258,83.14847201108932,-50.86527206003666,
055,Poland         Cracow,19.9596,50.064521,183.069,161.4075748803841,0.006003591767237316,128.65176796913147,83.14958587288857,-50.865255296230316,
056,Slovakia       Skalnate Pleso,20.23418,49.189565,1812.541,161.40749277300085,0.0060539209808868856,128.65132093429565,83.15014094114304,-50.86521804332733,
057,Serbia         Belgrade,20.5133,44.803652,286.69,161.40699764868356,0.006310863908439412,128.6489963531494,83.15276727080345,-50.865232944488525,
058,Russia         Kaliningrad,20.495,54.712819,25.539,161.4074365580973,0.005698235997027419,128.65367531776428,83.14628526568413,-50.86538754403591,
059,Slovakia       Lomnicky Stit,20.2201,49.195978,2629.08,161.40752648576725,0.006054089897995476,128.65138053894043,83.15009251236916,-50.86525343358517,
060,Poland         Warsaw-Ostrowik,21.42,52.090014,135.419,161.40690813129945,0.005852327118891872,128.65206599235535,83.147794008255,-50.86531490087509,
061,Ukraine        Uzhhorod,22.2985,48.633469,182.711,161.40611394575927,0.0060519183333891296,128.64989042282104,83.14960822463036,-50.865331664681435,
062,Finland        Turku,22.2293,60.452429,-0.512,161.4068061001345,0.0052889920168956005,128.65591049194336,83.14157649874687,-50.865430384874344,
063,Finland        Turku-Tuorla,22.445,60.41579,42.113,161.4067938150298,0.0052883119131341355,128.65599989891052,83.14136415719986,-50.86551234126091,
064,Finland        Turku-Kevola,22.75,60.420405,43.576,161.4065662578317,0.005283465120143662,128.6557912826538,83.14128965139389,-50.86543969810009,
065,Germany        Traunstein,12.6318,47.86215,618.812,161.41272735144997,0.006248989653966737,128.65549325942993,83.15395936369896,-50.86503364145756,
066,Greece         Athens,23.71817,37.972271,93.569,161.40449884662584,0.0066233014375371765,128.64437699317932,83.15512165427208,-50.865137949585915,
067,Ukraine        Lviv University Observatory,24.0297,49.832821,350.781,161.40503122368875,0.0059478244532649455,128.64950299263,83.14808085560799,-50.86537264287472,
068,Ukraine        Lviv Polytechnic Institute,24.0142,49.836492,340.051,161.40501586544903,0.0059478780516529035,128.64944338798523,83.14813300967216,-50.86538940668106,
069,Latvia         Baldone,24.4042,56.773119,73.404,161.40534964178178,0.005500629905880093,128.6529302597046,83.14331620931625,-50.865503028035164,
070,Lithuania      Vilnius (before 1939),25.2865,54.68311,100.911,161.40483975928444,0.005621046435594,128.65158915519714,83.14447104930878,-50.86538940668106,
071,"Bulgaria       NAO Rozhen, Smolyan",24.73782,41.693123,1740.173,161.40398772372723,0.006406707583542662,128.64530086517334,83.1526592373848,-50.86520500481129,
072,Germany        Scheuren Observatory,7.17,51.088915,-3965.065,161.41580476013237,0.006105879817451122,128.65984439849854,83.15316215157509,-50.86509697139263,
073,Romania        Bucharest,26.09391,44.411996,133.589,161.40313769502353,0.006227472763732666,128.64571809768677,83.15034210681915,-50.86524039506912,
074,"South Africa   Boyden Observatory, Bloemfontein",26.4058,-29.038138,1407.074,161.40284335626987,0.0072932814536541945,128.64115834236145,83.15687626600266,-50.86515657603741,
075,Estonia        Tartu,26.7216,58.379715,65.646,161.40436255540536,0.005356184075999881,128.65296006202698,83.14140513539314,-50.86541920900345,
076,South Africa   Johannesburg-Hartbeespoort,27.8768,-25.77277,1232.957,161.40113692543594,0.007349611693352646,128.6388337612152,83.15715566277504,-50.865164026618004,
077,"South Africa   Yale-Columbia Station, Johannesburg",28.0292,-26.187261,1762.339,161.4011297584321,0.007334460157976251,128.63898277282715,83.15691351890564,-50.865160301327705,
078,South Africa   Johannesburg,28.075,-26.181859,1823.363,161.40100541114145,0.0073334219841860995,128.63889336585999,83.1567831337452,-50.86520500481129,
079,"South Africa   Radcliffe Observatory, Pretoria",28.2288,-25.787998,1552.165,161.40088121841484,0.007339898160677835,128.6386251449585,83.15704017877579,-50.86506903171539,
080,Turkey         Istanbul,28.9667,41.012704,49.844,161.4005920011188,0.0063523605953292196,128.64232063293457,83.15065130591393,-50.86524970829487,
081,"South Africa   Leiden Station, Johannesburg",27.8768,-25.77277,1232.957,161.40113692543594,0.007349611693352646,128.6388337612152,83.15715566277504,-50.865164026618004,
082,Austria        St. Polten,15.7561,48.087978,569.092,161.4106289904698,0.006191346785048158,128.65358591079712,83.15274491906166,-50.865184515714645,
083,Ukraine        Holosiivskyi district-Kyiv,30.5056,50.365008,154.101,161.40096511112057,0.005788743878784393,128.64649295806885,83.14475044608116,-50.865527242422104,
084,Russia         Pulkovo,30.3274,59.772118,85.607,161.40280825888192,0.005201811774976682,128.6523938179016,83.13916251063347,-50.86558498442173,
085,Ukraine        Kyiv,30.5023,50.452956,174.404,161.40095928607798,0.005783550612861461,128.64649295806885,83.14476534724236,-50.86548440158367,
086,Ukraine        Odesa,30.7582,46.476827,64.628,161.40006474392027,0.006011146296372037,128.6441683769226,83.14669504761696,-50.86537078022957,
087,Egypt          Helwan,31.3411,29.858775,105.72,161.39741192155947,0.00682488309256925,128.6361813545227,83.15400034189224,-50.865210592746735,
088,Egypt          Kottomia,31.82769,29.934013,494.061,161.3970032269804,0.0068094339214063125,128.63600254058838,83.15344154834747,-50.865279510617256,
089,Ukraine        Mykolaiv,31.9747,46.971605,50.87,161.39930364107846,0.005955768885939648,128.64378094673157,83.14577490091324,-50.86543969810009,
090,Germany        Mainz,8.25,49.943154,1853.099,161.4153228513249,0.006171044600266928,128.65880131721497,83.15381780266762,-50.865134224295616,
091,"France         Observatoire de Nurol, Aurec sur Loire",4.20919,45.381384,467.05,161.4188123654764,0.006497327992467341,128.6604404449463,83.15813168883324,-50.86500942707062,
092,Poland         Torun-Piwnice,18.5546,53.096304,93.8,161.408731943011,0.005832977337725111,128.65415215492249,83.14808830618858,-50.86534470319748,
093,Norway         Skibotn,20.3647,69.349331,-136.036,161.40820507852968,0.00469138281819762,128.66175174713135,83.13516527414322,-50.865573808550835,
094,Ukraine        Crimea-Simeiz,33.9974,44.403089,369.338,161.3975366916551,0.006052713249922027,128.64136695861816,83.14604684710503,-50.86549371480942,
095,Ukraine        Crimea-Nauchnyi,34.016,44.726558,592.42,161.3974639528431,0.0060346043195143055,128.64148616790771,83.14580097794533,-50.86536332964897,
096,Italy          Merate,9.4283,45.698835,362.184,161.4150522229916,0.006421878957884924,128.65683436393738,83.15637335181236,-50.86507275700569,
097,"Israel         Wise Observatory, Mitzpeh Ramon",34.7625,30.59566,904.252,161.3946007120743,0.006704034494592675,128.63436341285706,83.15125480294228,-50.865376368165016,
098,"Italy          Asiago Observatory, Cima Ekar, 182 cm Copernicus",11.569,45.848591,1425.941,161.4134575184509,0.006386461313400769,128.6553144454956,83.15562829375267,-50.86507461965084,
099,Finland        Lahti,25.53529,61.130238,112.982,161.40531130976166,0.005192844100559257,128.6550760269165,83.13993737101555,-50.865476951003075,
100,Finland        Ahtari,24.14145,62.617163,173.539,161.4060864854193,0.005113362373106885,128.65641713142395,83.13929289579391,-50.865598022937775,
101,Ukraine        Kharkiv,36.2322,50.002702,120.706,161.39729490666073,0.005682789246249016,128.6436915397644,83.14193412661552,-50.865570083260536,
102,Russia         Zvenigorod,36.75953,55.699517,184.51,161.39832500151178,0.005330554735857595,128.6470890045166,83.13863351941109,-50.86564086377621,
103,Slovenia       Ljubljana,14.52774,46.043781,453.667,161.41148802220064,0.006333565866301715,128.65358591079712,83.15441012382507,-50.865188241004944,
104,Italy          San Marcello Pistoiese,10.80375,44.064181,1017.4609999999999,161.41435491386966,0.006502668610174641,128.65546345710754,83.15719664096832,-50.86498148739338,
105,Russia         Moscow,37.5706,55.755715,181.063,161.39788122328187,0.005309213495025996,128.64679098129272,83.13822746276855,-50.86565017700195,
106,Slovenia       Crni Vrh,14.0711,45.945908,711.299,161.41170227773236,0.0063461181644122915,128.65367531776428,83.15476402640343,-50.865063443779945,
107,Italy          Cavezzo,11.003,44.862896,-3.071,161.41405794180096,0.006452296948078057,128.6555826663971,83.15642550587654,-50.86499825119972,
108,Italy          Montelupo,11.0278,43.738117,34.381,161.41401542402798,0.006518445990003541,128.65498661994934,83.157267421484,-50.864994525909424,
109,Algeria        Algiers-Kouba,3.0705,36.733068,143.991,161.42110675667746,0.007000074279634383,128.65951657295227,83.16411823034286,-50.86483992636204,
110,Russia         Rostov,39.415,57.189178,85.484,161.3975553515803,0.00518076047212519,128.6473274230957,83.13669636845589,-50.86576193571091,
111,"Italy          Piazzano Observatory, Florence",10.9721,43.67885,92.617,161.41420906693438,0.006522679977571203,128.65516543388367,83.15737918019295,-50.86497403681278,
112,"Italy          Pleiade Observatory, Verona",10.9039,45.483789,115.5,161.41409086347917,0.006416447661333342,128.65573167800903,83.15618708729744,-50.865115597844124,
113,"Germany        Volkssternwarte Drebach, Schoenbrunn",13.0166,50.676689,514.971,161.41217413055855,0.0060666015220047585,128.65611910820007,83.15183967351913,-50.865160301327705,
114,"Russia         Engelhardt Observatory, Zelenchukskaya Station",41.4277,43.655713,2047.154,161.39218670440877,0.005901559299444917,128.637433052063,83.14171060919762,-50.86555518209934,
115,Russia         Zelenchukskaya,41.44067,43.646713,2097.774,161.3921144747059,0.005901692147380669,128.6373734474182,83.14163982868195,-50.86559243500233,
116,Germany        Giesing,11.5958,48.115221,507.416,161.413474512976,0.006246689734195578,128.656268119812,83.15419033169746,-50.865067169070244,
117,Germany        Sendling,11.5385,48.112747,582.784,161.4134249983253,0.006247600528152504,128.656268119812,83.15407484769821,-50.86509883403778,
118,"Slovakia       Astronomical and Geophysical Observatory, Modra",17.274,48.373144,552.14,161.40945618295655,0.006150966546345553,128.65272164344788,83.15179869532585,-50.86519569158554,
119,Georgia        Abastuman,42.82,41.753627,1581.216,161.39081009708428,0.005959833448139157,128.63582372665405,83.14147591590881,-50.86564086377621,
120,Croatia        Visnjan,13.7261,45.277637,233.86,161.412037819393,0.006390785663186525,128.65373492240906,83.1553265452385,-50.8650578558445,
121,"Ukraine        Kharkiv University, Chuhuivskyi district Station",36.93403,49.640838,165.265,161.3969255752458,0.0056871218837990225,128.64333391189575,83.14177393913269,-50.86556449532509,
122,France         Pises Observatory,3.5035,44.039542,1279.287,161.41961545798088,0.0065852922763935924,128.66070866584778,83.15936103463173,-50.864869728684425,
123,Armenia        Byurakan,44.2917,40.335211,1490.248,161.38948812222375,0.0059871970062403265,128.63442301750183,83.14105868339539,-50.865670666098595,
124,France         Castres,2.255,43.600501,163.995,161.4205763264039,0.006622152703534286,128.66151332855225,83.15994590520859,-50.86492747068405,
125,Georgia        Tbilisi,44.7895,41.717322,410.872,161.389328636399,0.005903647217773218,128.63481044769287,83.14019069075584,-50.86560361087322,
126,Italy          Monte Viseggi L. Zannoni Observatory,9.79015,44.132567,397.186,161.41494215826373,0.006511187361310858,128.6560297012329,83.15739780664444,-50.86508393287659,
127,Germany        Bornheim,6.9797,50.760191,85.429,161.41621781912858,0.006130855510074359,128.66011261940002,83.15354213118553,-50.86510814726353,
128,Russia         Saratov,46.00661,51.538322,76.861,161.39198160958728,0.005347359119275379,128.6410093307495,83.13565701246262,-50.86575448513031,
129,Azerbaijan     Ordubad,45.92,39.134625,2454.983,161.38790587121073,0.0059961736216894755,128.6330223083496,83.14017951488495,-50.86562968790531,
130,Italy          Lumezzane,10.23963,45.66502,876.729,161.41443060258126,0.006414237027799572,128.65614891052246,83.15623179078102,-50.865065306425095,
131,France         Observatoire de l'Ardeche,4.725,44.677036,350.459,161.41863168857543,0.006534954453585987,128.6599338054657,83.15858989953995,-50.864968448877335,
132,France         Bedoin,5.2461,44.113303,515.659,161.4181967926845,0.006563626904432836,128.65927815437317,83.15876126289368,-50.864966586232185,
133,France         Les Tardieux,5.0906,43.361706,55.403,161.41848080355606,0.00660955894542315,128.659188747406,83.1594280898571,-50.86500383913517,
134,Germany        Groszschwabhausen,11.48245,50.928437,414.528,161.41308293225885,0.006069701742504968,128.65716218948364,83.15200358629227,-50.865137949585915,
135,Russia         Kasan,49.121,55.789708,74.812,161.3919955688808,0.005024597677336553,128.6431849002838,83.1323005259037,-50.86578242480755,
136,"Russia         Engelhardt Observatory, Kasan",48.8156,55.839125,115.679,161.39226557087486,0.00502993296023662,128.64342331886292,83.13244208693504,-50.86580477654934,
137,Israel         Givatayim Observatory,34.8147,32.069775,53.507,161.3948465626134,0.006639408954623513,128.63504886627197,83.15066248178482,-50.86539126932621,
138,France         Village-Neuf,7.5717,47.604863,246.243,161.41629981975447,0.006325857963846707,128.65880131721497,83.15575867891312,-50.865061581134796,
139,France         Antibes,7.1108,43.606163,58.431,161.41701765522276,0.006573656149123019,128.65793704986572,83.15857127308846,-50.86492747068405,
140,France         Augerolles,3.6294,45.71829,569.343,161.41912908394008,0.006482191695615878,128.6608874797821,83.15813913941383,-50.864871591329575,
141,France         Hottviller,7.3672,49.067017,281.551,161.416117428623,0.0062358883950701495,128.65927815437317,83.15466344356537,-50.865067169070244,
142,Germany        Sinsen,7.1874,51.663869,49.824,161.4156870653053,0.006069651740342662,128.66005301475525,83.15262570977211,-50.86507275700569,
143,Switzerland    Gnosca,9.02406,46.231419,258.878,161.4152103853581,0.0063942485919169356,128.65716218948364,83.15623924136162,-50.864964723587036,
144,France         Bray et Lu,1.666,49.138729,39.745,161.41971961566753,0.006283642028322084,128.66294384002686,83.15607532858849,-50.864918157458305,
145,Belgium        's-Gravenwezel,4.5597,51.240029,27.57,161.4175968775651,0.00612257219433689,128.66169214248657,83.15374329686165,-50.865160301327705,
146,Italy          Frignano,10.6673,44.288328,1281.741,161.41437446443334,0.006491312619077054,128.65552306175232,83.15707743167877,-50.865087658166885,
147,Italy          Osservatorio Astronomico di Suno,8.57391,45.637244,291.382,161.41570075175565,0.006435672860147202,128.65737080574036,83.15683528780937,-50.865018740296364,
148,France         Guitalens,2.0375,43.644347,137.07,161.42061956783357,0.006621403597991358,128.66157293319702,83.15994217991829,-50.864920020103455,
149,France         Beine-Nauroy,4.2236,49.250078,133.95,161.41814918377045,0.006254944700411026,128.6613941192627,83.1553004682064,-50.86512118577957,
150,France         Maisons Laffitte,2.1572,48.943583,43.733,161.41946160627077,0.006292276213156065,128.6626160144806,83.15600082278252,-50.8650504052639,
151,"Switzerland    Eschenberg Observatory, Winterthur",8.744,47.47603,558.718,161.41526474192457,0.006320947132461833,128.657728433609,83.15541967749596,-50.86504481732845,
152,Lithuania      Moletai Astronomical Observatory,25.5633,55.316042,205.539,161.4047452615145,0.005575575193566838,128.65179777145386,83.14388617873192,-50.86551792919636,
153,Germany        Stuttgart-Hoffeld,9.1747,48.738079,453.064,161.41484529459296,0.006236891639040041,128.65784764289856,83.15437659621239,-50.86511746048927,
154,Italy          Cortina,12.1043,46.542158,1789.969,161.41316053945837,0.006337536301896087,128.65525484085083,83.15510302782059,-50.86514167487621,
155,"Denmark        Ole Romer Observatory, Aarhus",10.1971,56.127647,56.419,161.41354391412224,0.005738727966170082,128.6599338054657,83.1485278904438,-50.86527206003666,
156,Italy          Catania Astrophysical Observatory,15.0858,37.503415,55.339,161.41130356167858,0.0068046793926784584,128.6502182483673,83.15940573811531,-50.86495354771614,
157,Italy          Frasso Sabino,12.8117,42.227537,484.433,161.4129559718528,0.0065816117205498865,128.65334749221802,83.15770700573921,-50.86505971848965,
158,Italy          Promiod,7.6033,45.785535,1479.324,161.4163988985731,0.0064382280086156,128.65814566612244,83.157017827034,-50.86497589945793,
159,Italy          Monte Agliale,10.5153,43.995223,777.373,161.41456956997342,0.006510332420249262,128.65561246871948,83.15731212496758,-50.86509697139263,
160,Italy          Castelmartini,10.84144,43.823061,77.081,161.41426220485846,0.0065159194110694565,128.65537405014038,83.15718919038773,-50.8649256080389,
161,Italy          Cerrina Tololo Observatory,8.1605,45.08772,346.964,161.4161259811605,0.006473653956312382,128.65754961967468,83.15738290548325,-50.86502060294151,
162,Italy          Potenza,15.7805,40.650008,815.135,161.41077361250169,0.006625419749848832,128.6507546901703,83.15746858716011,-50.86508207023144,
163,"Luxembourg     Roeser Observatory, Luxembourg",6.1492,49.543169,333.391,161.4168033727249,0.006217945831663107,128.6601424217224,83.15466344356537,-50.8650578558445,
164,France         St. Michel sur Meurthe,6.8861,48.315558,358.631,161.41653702156353,0.006288605668170617,128.65933775901794,83.15540850162506,-50.86502991616726,
165,"Spain          Piera Observatory, Barcelona",1.7553,41.521506,249.915,161.42138846148677,0.006748213689094705,128.66151332855225,83.16152915358543,-50.864916294813156,
166,Czech Republi  Upice,16.0117,50.506901,432.968,161.41020169525893,0.006036417374993576,128.65427136421204,83.15088227391243,-50.865139812231064,
167,Switzerland    Bulach Observatory,8.5727,47.520289,547.703,161.41531625191723,0.0063201391364642616,128.65784764289856,83.15534889698029,-50.86502246558666,
168,Russia         Kourovskaya,59.5472,57.036807,272.229,161.38805241498352,0.004662644376317761,128.64214181900024,83.12612026929855,-50.866009667515755,
169,Italy          Airali Observatory,8.4016,45.077171,255.07599999999996,161.4159741561335,0.006471467217939982,128.65740060806274,83.15732330083847,-50.865013152360916,
170,Spain          Observatorio de Begues,1.9206,41.331805,1475.405,161.42107915033677,0.006758291651017984,128.66118550300598,83.16151797771454,-50.86478218436241,
171,"Malta          Flarestar Observatory, San Gwann",14.4697,35.909942,125.254,161.41198065964855,0.006896274544244584,128.65027785301208,83.16060155630112,-50.86499638855457,
172,Switzerland    Onnens,7.0364,46.793619,754.195,161.41647763792895,0.006382251654772151,128.65865230560303,83.15638452768326,-50.86497962474823,
173,"France (Reuni  St. Clotilde, Reunion",55.5061,-20.897572,152.16,161.3770593632697,0.006509794294921309,128.62226366996765,83.13557878136635,-50.86594261229038,
174,"Finland        Nyrola Observatory, Jyvaskyla",25.5131,62.346623,204.446,161.40538665935404,0.005111123539765763,128.6557912826538,83.13892781734467,-50.86555704474449,
175,"Switzerland    F.-X. Bagnoud Observatory, St-Luc",7.6083,46.230887,2170.299,161.4162609476524,0.006411292278537657,128.6582052707672,83.15664529800415,-50.86499638855457,
176,Spain          Observatorio Astronomico de Consell,2.8225,39.653687,105.596,161.42091366384219,0.0068442858562169934,128.66032123565674,83.16249400377274,-50.864847376942635,
177,France         Le Cres,3.9414,43.646763,40.498,161.41920111534395,0.006603988776367632,128.6601424217224,83.15945789217949,-50.86482875049114,
178,France         Collonges,6.1344,46.134629,505.83500000000004,161.41741445070357,0.0064322139041788785,128.65930795669556,83.15718173980713,-50.864990800619125,
179,Switzerland    Monte Generoso,9.0175,45.927927,1580.735,161.41540435215467,0.006413412661465536,128.65716218948364,83.15656334161758,-50.8650504052639,
180,France         Mauguio,3.9519,43.568393,26.579,161.41920341284379,0.006608534584212005,128.66008281707764,83.15952494740486,-50.86487717926502,
181,"France (Reuni  Observatoire des Makes, Saint-Louis",55.41,-21.199551,992.033,161.37720183460846,0.006508246897943875,128.62250208854675,83.13557878136635,-50.865791738033295,
182,"France (Reuni  St. Paul, Reunion",55.2586,-21.012592,248.32,161.3771105463181,0.00651788806174989,128.62229347229004,83.13567191362381,-50.86587741971016,
183,"Russia         Starlab Observatory, Karachay-Cherkessia",41.42,43.650034,2061.998,161.39214737141754,0.00590207077976962,128.6374032497406,83.14170315861702,-50.86551792919636,
184,"France         Valmeca Observatory, Puimichel",6.0361,43.981412,714.261,161.4177340463888,0.0065634023511120165,128.65877151489258,83.15868675708771,-50.86490139365196,
185,Switzerland    Observatoire Astronomique Jurassien-Vicques,7.4219,47.353048,478.669,161.41628876473803,0.006343279589471304,128.65862250328064,83.15599337220192,-50.86509510874748,
186,Uzbekistan     Kitab,66.8821,39.133773,651.201,161.37506194893865,0.005253607592872398,128.6274492740631,83.12353864312172,-50.86616985499859,
187,"Poland         Astronomical Observatory, Borowiec",17.0733,52.277129,123.134,161.40959569164696,0.005907784470079339,128.65447998046875,83.14931020140648,-50.865259021520615,
188,Uzbekistan     Maidanak,66.89555,38.673365,2578.325,161.37499947050196,0.005272889638224129,128.62727046012878,83.12371000647545,-50.8661437779665,
189,Switzerland    Geneva (before 1967),6.1514,46.199977,428.303,161.41730860301135,0.006427991866786111,128.65924835205078,83.15710723400116,-50.86492747068405,
190,Tajikistan     Gissar,68.6819,38.490299,730.333,161.37400052076111,0.005207667346985019,128.62694263458252,83.12220498919487,-50.86626298725605,
191,Tajikistan     Dushanbe,68.7811,38.561092,791.624,161.37393595465375,0.0052007996701074225,128.62691283226013,83.12210068106651,-50.86630396544933,
192,Uzbekistan     Tashkent,69.2936,41.325129,483.55,161.37492918843066,0.005065934584997882,128.62861156463623,83.12138542532921,-50.86632817983627,
193,Tajikistan     Sanglok,69.2178,38.260781,2191.556,161.37365380634046,0.005195664629802309,128.6267638206482,83.12179148197174,-50.86629092693329,
194,Namibia        Tivoli,18.0094,-23.461596,1778.323,161.4101642453982,0.007648636551559884,128.64577770233154,83.16410705447197,-50.86488276720047,
195,"Germany        Untermenzing Observatory, Munich",11.4492,48.18386,520.893,161.41357980922666,0.006244278512407375,128.6565065383911,83.15397799015045,-50.86514540016651,
196,Germany        Homburg-Erbach,7.3331,49.331752,227.55,161.41601338813922,0.006219341877928823,128.65924835205078,83.15451443195343,-50.86505599319935,
197,Italy          Bastia,12.1836,44.256931,18.025,161.41316720396145,0.006472557401470512,128.6543905735016,83.15647020936012,-50.865113735198975,
198,Germany        Wildberg,8.75674,48.631946,501.852,161.41529992829976,0.006248369211196588,128.6582052707672,83.15469324588776,-50.865137949585915,
199,"France         Telescope Jean-Marc Salomon, Buthiers",2.438,48.291739,70.213,161.41936160387183,0.006331640148737194,128.66228818893433,83.15634354948997,-50.86500197649002,
200,Belgium        Beersel Hills Observatory,4.3036,50.760191,85.429,161.4178425059311,0.006156345228237859,128.66175174713135,83.15417915582657,-50.86507648229599,
201,Italy          Jonathan B. Postel Observatory,7.6033,45.785135,1433.61,161.41641771208623,0.006438230553410162,128.6582052707672,83.15699175000191,-50.86492747068405,
202,"France         Tamaris Observatoire, La Seyne sur Mer",5.8997,43.095279,68.434,161.41799925421486,0.006616851826737164,128.6587119102478,83.15930515527725,-50.86488276720047,
203,Italy          GiaGa Observatory,8.99548,45.541445,213.425,161.41538188711752,0.006436501158161253,128.65707278251648,83.15673097968102,-50.86493119597435,
204,Italy          Schiaparelli Observatory,8.76972,45.868295,1228.727,161.41538317708827,0.006419792875456286,128.65713238716125,83.15663784742355,-50.8649367839098,
205,"Italy          Obs. Casalecchio di Reno, Bologna",11.2731,44.472064,113.686,161.41391271486506,0.006472058252267578,128.65513563156128,83.1567794084549,-50.865089520812035,
206,"Norway         Haagaar Observatory, Eina",10.5667,60.600925,758.276,161.4127287901631,0.005423428370426394,128.6613941192627,83.1446573138237,-50.86531862616539,
207,Italy          Osservatorio Antonio Grosso,9.3065,45.545063,131.545,161.41521730020796,0.0064325349677472245,128.65692377090454,83.15657824277878,-50.86503550410271,
208,Italy          Rivalta,9.5875,44.949339,116.489,161.41484429919697,0.00646495872301512,128.6562979221344,83.15688744187355,-50.8649293333292,
209,"Italy          Asiago Observatory, Cima Ekar, 67/92 cm Schmidt",11.56883,45.849484,1418.392,161.41350421538678,0.006386410532745197,128.65537405014038,83.15565064549446,-50.86503550410271,
210,Kazakhstan     Alma-Ata,76.9573,43.188278,1447.907,161.37283949521282,0.004675292846684703,128.6298930644989,83.11531320214272,-50.86638033390045,
211,Italy          Scandicci,11.1764,43.762483,65.543,161.41399684072468,0.006515087223860353,128.65495681762695,83.15727859735489,-50.864992663264275,
212,Spain          Observatorio La Dehesilla,355.35747,36.653332,255.47200000000004,161.42706416581748,0.007063539403631693,128.66583466529846,83.1659696996212,-50.86473748087883,
213,Spain          Observatorio Montcabre,2.38539,41.519715,99.35,161.42093698572398,0.006742708670741937,128.6611258983612,83.16127955913544,-50.864871591329575,
214,Germany        Garching Observatory,11.6569,48.256592,479.063,161.4133545520518,0.0062370878505613484,128.65623831748962,83.15397053956985,-50.86512118577957,
215,Germany        Buchloe,10.7328,48.017293,601.552,161.41387012834795,0.0062636374822764825,128.65662574768066,83.15440267324448,-50.86507089436054,
216,France         Observatoire des Cote de Meuse,5.6914,49.001576,265.577,161.4170796438233,0.006257092062322044,128.66023182868958,83.15509557723999,-50.86500197649002,
217,Kazakhstan     Assah,77.87114,43.225527,2658.45,161.37245046911457,0.004635656770641426,128.6298930644989,83.11456814408302,-50.86636357009411,
218,India          Hyderabad,78.4541,17.431847,530.207,161.3612591585295,0.005411551370897103,128.61678004264832,83.11299979686737,-50.86658149957657,
219,India          Japal-Rangapur,78.7283,17.098328,678.825,161.36111694159135,0.005404658870975072,128.61675024032593,83.11273902654648,-50.8666317909956,
220,"India          Vainu Bappu Observatory, Kavalur",78.8263,12.57628,706.361,161.36008242930652,0.005478677039586473,128.6155879497528,83.11251550912857,-50.86665414273739,
221,"Namibia        IAS Observatory, Hakos",16.3617,-23.236369,1851.855,161.4116284753316,0.0076886864671016205,128.64714860916138,83.16486701369286,-50.864819437265396,
222,France         Yerres-Canotiers,2.4939,48.709856,67.997,161.41924288988142,0.006304508704743368,128.66225838661194,83.15619453787804,-50.864944234490395,
223,India          Madras,80.2464,13.068995,31.205,161.35954630080133,0.005398731788217263,128.61591577529907,83.1109844148159,-50.86662620306015,
224,France         Ottmarsheim,7.50171,47.784762,221.518,161.41611351592576,0.006315365722137963,128.65865230560303,83.15560594201088,-50.86509697139263,
225,US/New Hampsh  Northwood Ridge Observatory,288.825,43.227708,137.66,161.45218501238898,0.005915589943905002,128.71238589286804,83.14245194196701,-50.865139812231064,
226,"Italy          Guido Ruggieri Observatory, Padua",11.8858,45.433882,25.977,161.41347683582822,0.006406620874557426,128.65516543388367,83.15586671233177,-50.86512304842472,
227,"US/New York    OrbitJet Observatory, Colden",281.2853,42.638389,469.728,161.45239553602468,0.005724108739904173,128.71584296226501,83.13744142651558,-50.86524970829487,
228,"Italy          Bruno Zugna Observatory, Trieste",13.875,45.642425,424.101,161.41190105734697,0.006366977381187144,128.65373492240906,83.15499499440193,-50.86516588926315,
229,"Italy          G. C. Gloriosi Astronomical Observatory, Salerno",14.9743,40.690815,336.337,161.41134347921087,0.00663560379875948,128.6514401435852,83.15758034586906,-50.86497403681278,
230,Germany        Mt. Wendelstein Observatory,12.0133,47.704038,1931.411,161.41305869205792,0.006267451528362773,128.65564227104187,83.15432071685791,-50.86511746048927,
231,Belgium        Vesqueville,5.3983,50.005282,462.741,161.41727239521003,0.0061955173117265614,128.66079807281494,83.15456286072731,-50.86505226790905,
232,Spain          Masquefa Observatory,1.3317,41.508536,337.643,161.42159267372688,0.00675260605646539,128.66175174713135,83.16155895590782,-50.86491256952286,
233,"Italy          Sauro Donati Astronomical Observatory, San Vito",10.5403,43.855044,32.13,161.41459813915733,0.006517908861974309,128.65564227104187,83.15739780664444,-50.86497217416763,
234,UK/England     Coddenham Observatory,1.12833,52.145254,48.48,161.41935960314518,0.006090394598079305,128.6640465259552,83.15359055995941,-50.86504854261875,
235,"Italy          CAST Observatory, Talmassons",13.11352,45.936027,25.686,161.41241662359437,0.0063598344930393316,128.6543607711792,83.15504342317581,-50.865139812231064,
236,Russia         Tomsk,84.9465,56.46826,136.94,161.379532917637,0.0038274995263474013,128.64094972610474,83.11117067933083,-50.866423174738884,
237,France         Baugy,2.7333,47.083528,401.129,161.41933844432037,0.006405519671228112,128.66175174713135,83.15720036625862,-50.86488462984562,
238,Norway         Grorudalen Optical Observatory,10.9094,59.949148,139.68,161.41265345402797,0.005465828234005252,128.6609172821045,83.14522728323936,-50.865354016423225,
239,Germany        Trebur,8.4114,49.925391,98.118,161.4152616647084,0.00616970251822974,128.65880131721497,83.15367624163628,-50.8651714771986,
240,Germany        Herrenberg Sternwarte,8.83317,48.623595,537.872,161.41509949750935,0.006248048369007815,128.65808606147766,83.15453305840492,-50.865065306425095,
241,Austria        Schaerding,13.47,48.443494,430.733,161.41204683276496,0.006201584285881849,128.65501642227173,83.15327018499374,-50.865206867456436,
242,France         Varennes,1.6956,43.47912,282.196,161.4210088405422,0.006634203681488948,128.66193056106567,83.1601433455944,-50.864921882748604,
243,"Germany        Umbrella Observatory, Fredenbeck",9.413,53.528078,4.148,161.4142878658324,0.005922808835223222,128.6594569683075,83.15078169107437,-50.86515471339226,
246,Czech Republi  Klet Observatory-KLENOT,14.28476,48.863994,1112.283,161.41148394272471,0.0061644801458519095,128.65468859672546,83.15273374319077,-50.86512677371502,
251,US/Puerto Ric  Arecibo,293.24692,18.343444,504.271,161.46517213502023,0.007115594048503746,128.72165441513062,83.15354585647583,-50.864774733781815,
252,"US/California  Goldstone DSS 13, Fort Irwin",243.20512,35.2472,1072.243,161.44421269746704,0.004527884921727843,128.7248730659485,83.10703188180923,-50.86611956357956,
253,"US/California  Goldstone DSS 14, Fort Irwin",243.11047,35.425917,1012.2690000000001,161.44398922762196,0.004516803201461681,128.72466444969177,83.10695737600327,-50.866059958934784,
254,"US/Massachuse  Haystack, Westford",288.51128,42.623198,155.872,161.45256968386983,0.005939198559117358,128.71289253234863,83.14249664545059,-50.86500570178032,
255,Ukraine        Yevpatoriya,33.18689,45.189218,63.03300000000001,161.39823379888367,0.006028460172639324,128.64229083061218,83.14602077007294,-50.86541175842285,
256,US/West Virgi  Green Bank,280.16017,38.433112,826.992,161.45498773450183,0.005898163843496969,128.71885299682617,83.1378847360611,-50.865136086940765,
257,"US/California  Goldstone DSS 25, Fort Irwin",243.12461,35.337575,958.13,161.44404257321898,0.004520685756843001,128.72469425201416,83.10699090361595,-50.86609907448292,
259,Norway         EISCAT Tromso UHF,19.22586,69.586488,90.019,161.40863768527262,0.00468689853206813,128.6623179912567,83.13512429594994,-50.86558125913143,
260,Australia/NSW  Siding Spring Observatory-DSS,149.0661,-31.276809,1185.198,161.37393578329937,0.000989641137062836,128.66288423538208,83.06552842259407,-50.86774379014969,
261,US/California  Palomar Mountain-DSS,243.14022,33.35734,1686.997,161.444907152798,0.004592806957164503,128.72594594955444,83.10680463910103,-50.86597986519337,
262,"Chile          European Southern Observatory, La Silla-DSS",289.26626,-29.258822,2345.44,161.46188807463986,0.007024761971203245,128.72162461280823,83.14712718129158,-50.864918157458305,
263,Australia/ACT  Canberra DSS 35,148.98146,-35.395795,694.173,161.37574020890278,0.0009712461818081031,128.66371870040894,83.06777104735374,-50.86769536137581,
264,Australia/ACT  Canberra DSS 36,148.97854,-35.39508,684.731,161.37578629947612,0.0009714061101270693,128.66368889808655,83.06793868541718,-50.86764320731163,
265,Australia/ACT  Canberra DSS 43,148.98127,-35.40243,693.134,161.37563157935435,0.0009712582065507676,128.66359949111938,83.06779712438583,-50.867609679698944,
266,US/Hawaii      New Horizons KBO Search-Subaru,204.52396,19.825501,4194.602,161.4170127394942,0.0028247258255040247,128.71283292770386,83.0722227692604,-50.867125391960144,
267,US/Hawaii      New Horizons KBO Search-CFHT,204.53109,19.825438,4232.766,161.4171472434584,0.002825158967363156,128.71304154396057,83.07210728526115,-50.86721293628216,
268,Chile          Magellan-Clay Telescope,289.30803,-29.014271,2389.673,161.46221106946103,0.007033004162329714,128.7219226360321,83.1473283469677,-50.86486041545868,
269,Chile          Magellan-Baade Telescope,289.30914,-29.014791,2377.862,161.4620168757407,0.0070330176008953135,128.72174382209778,83.14723148941994,-50.86485482752323,
271,"Australia/NSW  ATCA, W196 reduction, DSS 47",149.55014,-30.312905,236.803,161.37382791826812,0.0009713698725437607,128.66315245628357,83.06489884853363,-50.867751240730286,
272,Australia/ACT  Canberra DSS 34,148.98196,-35.398475,694.185,161.37560640008172,0.0009712118184306883,128.6635398864746,83.0678679049015,-50.86756497621536,
276,Poland         Plonsk,20.38279,52.627454,132.677,161.40744699888847,0.005834897827923663,128.65284085273743,83.14766734838486,-50.86527206003666,
277,"UK/Scotland    Royal Observatory, Blackford Hill, Edinburgh",356.8175,55.924922,115.095,161.42088556787272,0.005857980102243025,128.66747379302979,83.1512063741684,-50.86511932313442,
278,"China          Peking, Transit of Venus site",116.4494,39.904051,10.977,161.36544403109858,0.0028578797798317476,128.63954901695251,83.08550715446472,-50.867194309830666,
279,"Germany        Seeberg Observatory, Gotha (1787-1857)",10.72822,50.933993,356.325,161.41368912726864,0.00607840511586618,128.6577582359314,83.15221592783928,-50.865206867456436,
280,Germany        Lilienthal,8.9118,53.140662,-22.008,161.41446910598094,0.005954009241806022,128.65939736366272,83.1512063741684,-50.865186378359795,
281,Italy          Bologna,11.3522,44.496414,89.328,161.413840310359,0.006469559109142649,128.65519523620605,83.15658196806908,-50.86503177881241,
282,France         Nimes,4.3603,43.839623,66.606,161.4189259985723,0.006588516199605821,128.65987420082092,83.15927162766457,-50.86493864655495,
283,Germany        Bremen,8.8163,53.076358,6.202,161.41461672056738,0.005959315514111643,128.65963578224182,83.15110579133034,-50.86521618068218,
284,Poland         Driesen,15.8311,52.838165,35.14,161.4103866393794,0.005889021151685269,128.65549325942993,83.14931765198708,-50.86519382894039,
285,"France         Flammarion Observatory, Juvisy",2.3708,48.693563,131.551,161.41937969897964,0.006306590667363714,128.66243720054626,83.15610140562057,-50.86507834494114,
286,China          Yunnan Observatory,102.7883,25.025449,1948.274,161.35724701056586,0.0039642724885389675,128.62607836723328,83.09046551585197,-50.86715705692768,
287,"Australia/SA   Ceduna 30, UTAS",133.80983,-31.867704,165.869,161.36680053249253,0.0019437926641141423,128.65027785301208,83.0712765455246,-50.867605954408646,
290,US/Arizona     Mt. Graham-VATT,250.10799,32.701295,3191.62,161.449046026293,0.004947947125262273,128.7272870540619,83.11289176344872,-50.8657768368721,
291,US/Arizona     LPL/Spacewatch II,248.40024,31.961598,2037.677,161.44843954396225,0.004894522763443534,128.72755527496338,83.11119675636292,-50.86594261229038,
292,"US/New Jersey  Burlington, New Jersey",285.1058,40.072036,5.048,161.45429497228207,0.0059724754282834336,128.71599197387695,83.14104750752449,-50.86500756442547,
293,US/New Jersey  Burlington remote site,285.5899,39.798433,26.128,161.45446936167244,0.00600090225474709,128.7158727645874,83.14156159758568,-50.86502246558666,
294,"US/New York    Astrophysical Obs., College of Staten Island",285.8467,40.603851,31.1,161.4539242941251,0.005967614731373578,128.71521711349487,83.14149081707001,-50.865067169070244,
295,"US/Dist. of C  Catholic University Observatory, Washington",283.0,38.936501,218.851,161.45505871096037,0.005964454991532593,128.7175416946411,83.14003795385361,-50.865160301327705,
296,"US/New York    Dudley Observatory, Albany (after 1893)",286.22,42.65367,38.839,161.45251493009428,0.0058720421828678355,128.71375679969788,83.14099535346031,-50.86509883403778,
297,US/Vermont     Middlebury,286.819,44.015373,-163.642,161.45166593293305,0.005816620586638945,128.7127435207367,83.14090967178345,-50.86510814726353,
298,US/Connecticu  Van Vleck Observatory,287.3408,41.555172,68.909,161.45341559447613,0.005962198470826879,128.71408462524414,83.14220607280731,-50.86514912545681,
299,"Indonesia      Bosscha Observatory, Lembang",107.616,-6.825509,1287.049,161.3526053893801,0.003929311013299176,128.624826669693,83.08322727680206,-50.86742155253887,
300,Japan          Bisei Spaceguard Center-BATTeRS,133.54444,34.67196,427.526,161.3668650645574,0.002003877661690117,128.64893674850464,83.07354152202606,-50.86750350892544,
301,Canada/Quebec  Mont Megantic,288.8467,45.454905,1126.54,161.45056499902105,0.0057950767632475066,128.71089577674866,83.14161747694016,-50.86513236165047,
302,Venezuela      University of the Andes station,288.88,8.672755,8768.476,161.46787225689096,0.0072218883435911955,128.7265419960022,83.15128087997437,-50.864679738879204,
303,"Venezuela      OAN de Llano del Hato, Merida",289.1296,8.787722,3624.775,161.46790750094303,0.007224536139029999,128.72648239135742,83.1514336168766,-50.86469277739525,
304,Chile          Las Campanas Observatory,289.30858,-29.014556,2385.314,161.46195186017363,0.007033011181164684,128.7217140197754,83.14717188477516,-50.864821299910545,
305,"China          Purple Mountain, Hainan Island station",109.5514,34.945455,471.527,161.36179737606034,0.003354781943144266,128.63337993621826,83.08800682425499,-50.867144018411636,
306,"Venezuela      Observatorio Taya Beixo, Barquisimeto",290.6769,10.075583,591.394,161.46760660144457,0.007246820144769002,128.7253201007843,83.15269649028778,-50.86461454629898,
307,"US/New Hampsh  Shattuck Observatory, Hanover",287.7166,43.704047,209.115,161.4516528178914,0.0058589672845653275,128.71232628822327,83.14153924584389,-50.86509324610233,
308,"Japan          Usuda Deep Space Center, 64-m, Nagano",138.36276,36.132395,1530.312,161.36947928615876,0.0017008119206660694,128.65304946899414,83.0722264945507,-50.86754262447357,
309,Chile          Cerro Paranal,289.59569,-24.627212,2637.192,161.464016605805,0.007154949341292837,128.72326374053955,83.14880728721619,-50.86478032171726,
310,US/Massachuse  Minor Planet Center Test Code,288.87164,42.381468,22.543,161.45269718560894,0.005962109598033764,128.71286273002625,83.14274251461029,-50.86508393287659,
312,"China          Tsingtao field station, Xisha Islands",112.334,16.831966,-178.875,161.35446773510097,0.0035581120809775,128.6287009716034,83.08079466223717,-50.86750537157059,
318,Australia/WA   Quinns Rock,115.691,-31.649985,36.499,161.36210569440365,0.0030867191227428176,128.6376416683197,83.08190479874611,-50.86731165647507,
319,"Australia/WA   Perth Observatory, Perth-Lowell Telescope",116.135,-32.007951,428.106,161.36219614637824,0.0030535081772107733,128.63779067993164,83.08178931474686,-50.867410376667976,
320,Australia/WA   Chiro Observatory,116.4381,-30.929884,249.212,161.36168908602806,0.003052773601765949,128.63761186599731,83.08105170726776,-50.867458805441856,
321,Australia/WA   Craigie,115.7571,-31.790469,67.146,161.36194341086812,0.0030803115490993446,128.63752245903015,83.08178558945656,-50.867293030023575,
322,"Australia/WA   Perth Observatory, Bickley-MCT",116.134,-32.008744,407.828,161.36221535544223,0.0030535418306031304,128.63793969154358,83.08159932494164,-50.86740478873253,
323,"Australia/WA   Perth Observatory, Bickley",116.135,-32.008744,407.828,161.3621508168981,0.00305348413951674,128.63779067993164,83.08174461126328,-50.867339596152306,
324,"China          Peking Observatory, Shaho Station",116.3277,40.101011,45.324,161.36555366516117,0.0028598695248895334,128.63966822624207,83.08553323149681,-50.867198035120964,
327,"China          Peking Observatory, Xinglong Station",117.575,40.394239,868.221,161.36593655150858,0.002785726254464423,128.64041328430176,83.08509364724159,-50.867246463894844,
330,"China          Purple Mountain Observatory, Nanking",118.8209,32.066662,364.126,161.36135491786243,0.002903670062888102,128.63755226135254,83.08050408959389,-50.86744390428066,
333,US/Arizona     Desert Eagle Observatory,249.5236,31.962537,1268.217,161.44914506576387,0.004946905487932997,128.72770428657532,83.11234787106514,-50.86592398583889,
334,China          Tsingtao,120.3196,36.069984,94.902,161.3637589399197,0.002731236002737033,128.6400854587555,83.08127149939537,-50.867410376667976,
337,China          Sheshan,121.1843,31.095926,79.051,161.3613817492778,0.0027883795452813684,128.63877415657043,83.07864144444466,-50.86748115718365,
340,Japan          Toyonaka,135.4853,34.806934,100.255,161.36768026048236,0.0018893829268501715,128.6504566669464,83.07276666164398,-50.867510959506035,
341,Japan          Akashina,137.9486,36.328956,894.002,161.3693817581622,0.0017209535838869099,128.65275144577026,83.07252824306488,-50.86749419569969,
342,Japan          Shishikui,134.3189,33.551342,43.512,161.36644061535202,0.001979708159197742,128.64908576011658,83.07246118783951,-50.86754448711872,
343,South Korea    Younchun,127.1258,38.200078,130.275,161.3666390043877,0.002303314794736713,128.64544987678528,83.0785259604454,-50.867464393377304,
344,South Korea    Bohyunsan Optical Astronomy Observatory,128.9767,36.164835,1143.09,161.36598222094392,0.0022383060512799167,128.64592671394348,83.07654038071632,-50.86741782724857,
345,South Korea    Sobaeksan Optical Astronomy Observatory,128.4575,36.934554,1354.511,161.36619776630312,0.0022529865928299694,128.64577770233154,83.07720348238945,-50.86739547550678,
346,South Korea    KNUE Astronomical Observatory,127.3854,36.507876,86.947,161.36580008046857,0.002322095114103567,128.64506244659424,83.07750895619392,-50.86744390428066,
347,Japan          Utsunomiya-Imaizumi,139.9086,36.563401,127.54000000000002,161.37020981147518,0.00160471045167601,128.65421175956726,83.07187631726265,-50.86749233305454,
348,Japan          Ayabe,135.2669,35.307915,64.425,161.36778158265136,0.0018928515471514338,128.65036725997925,83.07310193777084,-50.867510959506035,
349,Japan          Ageo,139.56622,35.95647,22.983,161.36986290158032,0.0016346344297312242,128.65394353866577,83.07161554694176,-50.86749605834484,
350,Japan          Kurohone,139.2635,36.481912,335.424,161.36999298430158,0.001642966004884932,128.6538541316986,83.0720067024231,-50.86749605834484,
351,Japan          Sakamoto,135.8678,35.068331,130.204,161.36799183976788,0.0018626193678643432,128.65081429481506,83.07278156280518,-50.86757056415081,
352,Japan          Konan,136.1778,34.947102,210.123,161.36796654011494,0.001846983647982916,128.65105271339417,83.07236433029175,-50.86756870150566,
353,Japan          Nishi Kobe,135.0648,34.741373,174.938,161.36733512782877,0.0019148286198782665,128.64992022514343,83.07290077209473,-50.86755380034447,
354,Japan          Kawachi,140.0206,36.867325,776.436,161.3705544225391,0.0015933108910582718,128.6545693874359,83.0720067024231,-50.8674681186676,
355,Japan          Hadano,139.2133,35.388445,146.092,161.36935584697216,0.0016647502817444678,128.6533772945404,83.07145163416862,-50.86758732795715,
356,Japan          Kogota,141.0867,38.540262,9.11,161.37190172975738,0.0015052559970365868,128.65573167800903,83.07274058461189,-50.867604091763496,
357,Japan          Shimotsuma,140.0064,36.184257,32.57,161.37020622414317,0.0016055645534404951,128.65430116653442,83.07170122861862,-50.86754076182842,
358,Japan          Nanyo,140.1586,38.045106,251.726,161.37131174992376,0.0015658358032838904,128.65495681762695,83.07281509041786,-50.86757056415081,
359,Japan          Wakayama,135.1719,34.214312,25.571,161.36708338243122,0.001918229930136959,128.64989042282104,83.0724909901619,-50.86749978363514,
360,Japan          Kuma Kogen,132.9442,33.674308,608.887,161.36612903520725,0.002057171302843925,128.64816188812256,83.07326957583427,-50.86757242679596,
361,Japan          Sumoto,134.8933,34.349555,-14.049,161.3671637298502,0.0019318395838987226,128.64983081817627,83.0727256834507,-50.86752213537693,
362,Japan          Ray Observatory,140.655,42.644812,259.786,161.37394411635535,0.0014722787732005696,128.6565065383911,83.07557180523872,-50.86749978363514,
363,Japan          Yamada,130.7703,33.559953,-11.798,161.3651664790976,0.0021849829737969994,128.6463439464569,83.07419344782829,-50.867607817053795,
364,Japan          YCPM Kagoshima Station,130.5747,31.644934,215.782,161.36417295169312,0.002232713582102199,128.645658493042,83.07336270809174,-50.86754634976387,
365,Japan          Uto Observatory,135.9579,34.409143,490.065,161.36759558599704,0.0018694596983510048,128.65066528320312,83.07225629687309,-50.86754821240902,
366,Japan          Miyasaka Observatory,138.3003,35.862459,879.148,161.36919558200992,0.0017089465441257065,128.65278124809265,83.07211473584175,-50.86750350892544,
367,Japan          Yatsuka,133.167,35.499977,29.518,161.3671645573104,0.002010186449974902,128.64887714385986,83.0741710960865,-50.86757615208626,
368,Japan          Ochiai,138.8117,35.804841,1454.109,161.36952161657118,0.0016808245326822037,128.65322828292847,83.0720067024231,-50.867583602666855,
369,Japan          Chichibu,139.15,35.989182,277.439,161.36974391426958,0.0016579402466823559,128.65352630615234,83.0719918012619,-50.867559388279915,
370,Japan          Kochi,133.5273,33.552139,25.609,161.36622855317148,0.0020255317315269372,128.6485493183136,83.07291194796562,-50.86749233305454,
371,Japan          Tokyo-Okayama,133.5965,34.573894,356.529,161.36684459739558,0.0020026618351753544,128.64893674850464,83.0734595656395,-50.86757242679596,
372,Japan          Geisei,133.8276,33.526623,139.191,161.36636806415186,0.002008648906049969,128.6487579345703,83.07281881570816,-50.867559388279915,
373,Japan          Oishi,135.3397,34.132477,338.181,161.36721647206775,0.0019101238359681908,128.65003943443298,83.07245373725891,-50.867605954408646,
374,Japan          Minami-Oda Observatory,134.7196,35.094608,307.187,161.36741195180718,0.0019283225022005504,128.64989042282104,83.07314291596413,-50.86747743189335,
375,Japan          Uzurano,134.8708,34.950729,413.602,161.36729116108367,0.0019222769024361556,128.6497712135315,83.07306095957756,-50.86752958595753,
376,Japan          Uenohara,139.0392,35.689745,747.491,161.36957729862158,0.0016696092622241006,128.65349650382996,83.0717496573925,-50.86750164628029,
377,"Japan          Kwasan Observatory, Kyoto",135.7933,34.994623,239.527,161.36787019328366,0.0018682748161459155,128.6507546901703,83.07261019945145,-50.86761526763439,
378,Japan          Murou,136.01132,34.573339,445.808,161.36766999081658,0.0018633819021006894,128.65066528320312,83.07236433029175,-50.867607817053795,
379,Japan          Hamamatsu-Yuto,137.6279,34.703448,-24.724,161.36845963027122,0.001767813721480852,128.65206599235535,83.07177573442459,-50.867531448602676,
380,Japan          Ishiki,137.0349,34.814608,-6.942,161.3683048380361,0.0017999629495850699,128.6516785621643,83.07204768061638,-50.86757615208626,
381,Japan          Tokyo-Kiso,137.62542,35.797229,1175.148,161.36888747192987,0.0017488642811717156,128.65230441093445,83.07227864861488,-50.867464393377304,
382,Japan          Tokyo-Norikura,137.5553,36.11377,2848.305,161.369051312729,0.00174774589059127,128.65236401557922,83.0724760890007,-50.867510959506035,
383,Japan          Chirorin,137.8959,36.761699,685.718,161.36964004920554,0.0017164071794672463,128.65287065505981,83.07276666164398,-50.86762271821499,
384,Japan          Shimada,138.1792,34.818384,284.385,161.36867697715275,0.001734174422512165,128.65254282951355,83.07147771120071,-50.86750164628029,
385,Japan          Nihondaira Observatory,138.468,34.970368,302.676,161.36889945855896,0.00171490122026239,128.65272164344788,83.07161927223206,-50.86752399802208,
386,Japan          Yatsugatake-Kobuchizawa,138.3217,35.890776,1105.346,161.3692832645419,0.0017072884579161893,128.65287065505981,83.07209983468056,-50.867579877376556,
387,Japan          Tokyo-Dodaira,139.1944,36.006046,848.562,161.3698179474313,0.0016552545590781326,128.65370512008667,83.07182788848877,-50.867609679698944,
388,Japan          Tokyo-Mitaka,139.5421,35.672253,60.506,161.36977029368578,0.001640949015117038,128.65382432937622,83.07153359055519,-50.86763761937618,
389,Japan          Tokyo (before 1938),139.7447,35.654413,-25.394,161.36981911394966,0.001629665204683471,128.65400314331055,83.07144045829773,-50.86749233305454,
390,Japan          Utsunomiya,139.8725,36.556046,157.471,161.3702004975304,0.0016068848193261025,128.65418195724487,83.07184278964996,-50.8675929158926,
391,"Japan          Sendai Observatory, Ayashi Station",140.77843,38.265246,121.171,161.37167763532278,0.0015271017137903446,128.65549325942993,83.07269960641861,-50.86756311357021,
392,Japan          JCPM Sapporo Station,141.3667,42.91335,231.18,161.3743200570081,0.0014298523167912257,128.6570429801941,83.07548612356186,-50.8674755692482,
393,Japan          JCPM Sakura Station,140.1292,36.091454,-142.034,161.37031023263575,0.0016001120707371842,128.65445017814636,83.07165652513504,-50.86756683886051,
394,Japan          JCPM Hamatonbetsu Station,142.3208,45.111668,35.893,161.37607375702225,0.0013574010504830807,128.65841388702393,83.07681977748871,-50.86739361286163,
395,Japan          Tokyo-Asahikawa,142.3583,43.840783,-251.76999999999998,161.37528994139046,0.001365839778678377,128.65811586380005,83.07572454214096,-50.86744949221611,
396,Japan          Asahikawa,142.4208,43.743384,-23.593,161.37526747000146,0.0013633616461293549,128.65805625915527,83.07576179504395,-50.8674681186676,
397,Japan          Sapporo Science Center,141.4761,43.033526,29.531,161.3744591719873,0.0014224720794452346,128.65722179412842,83.07551592588425,-50.867415964603424,
398,Japan          Nagatoro,139.108,36.124836,191.439,161.3698521886167,0.0016579721871209795,128.65367531776428,83.07195082306862,-50.8675929158926,
399,Japan          Kushiro,144.59,43.078239,131.675,161.37585556890895,0.0012508513268387267,128.6594569683075,83.07470753788948,-50.867512822151184,
400,Japan          Kitami,143.7827,43.758443,165.479,161.37584909992702,0.0012888444848130705,128.65909934043884,83.07535946369171,-50.86733214557171,
401,Japan          Oosato,139.4208,36.112161,-45.263,161.3698350964756,0.001640240499990728,128.65376472473145,83.07177573442459,-50.86759850382805,
402,Japan          Dynic Astronomical Observatory,136.3078,35.208347,222.127,161.3682280795889,0.0018347993342028752,128.6512017250061,83.07261765003204,-50.867607817053795,
403,Japan          Kani,137.0556,35.413171,139.539,161.36861217374823,0.0017881196646348707,128.65188717842102,83.07231590151787,-50.867585465312004,
404,Japan          Yamamoto,140.9292,37.823762,24.848,161.3713696827288,0.0015256393039951648,128.65537405014038,83.07232707738876,-50.86749605834484,
405,Japan          Kamihoriguchi,139.3292,36.297262,-28.584,161.36988384852532,0.0016422980339832183,128.65367531776428,83.07204768061638,-50.867535173892975,
406,Japan          Bibai,141.8233,43.255299,43.55,161.37461359697602,0.0014009945862543324,128.65743041038513,83.07545632123947,-50.8674755692482,
407,Japan          Kahoku,140.3099,38.442185,71.027,161.3714526531629,0.0015508277043195713,128.65501642227173,83.07299762964249,-50.86756870150566,
408,Japan          Nyukasa,138.1747,35.899622,1815.857,161.36919804184416,0.0017157295846165208,128.65272164344788,83.07220041751862,-50.86752213537693,
409,Japan          Kiyose and Mizuho,139.5211,35.766543,41.786,161.36986811018252,0.0016405121686106612,128.65391373634338,83.07157829403877,-50.86764879524708,
410,Japan          Sengamine,134.891,35.127762,398.44,161.36756335919011,0.001917856913198524,128.65009903907776,83.07310938835144,-50.867484882473946,
411,Japan          Oizumi,139.417,36.250478,38.179,161.37000489489893,0.0016380957518391287,128.65394353866577,83.07186514139175,-50.86753889918327,
412,Japan          Iwaki,140.5991,36.960421,720.585,161.37089661695353,0.0015587908356542585,128.65495681762695,83.0720029771328,-50.867579877376556,
413,Australia/NSW  Siding Spring Observatory,149.06608,-31.277057,1164.565,161.37388086633916,0.000989635811771622,128.6628544330597,83.06551352143288,-50.86766928434372,
414,Australia/ACT  Mount Stromlo,149.0077,-35.320502,741.112,161.37559278863725,0.0009697409287617106,128.6635398864746,83.06776732206345,-50.86768604815006,
415,Australia/ACT  Kambah,149.0636,-35.396942,581.16,161.375616238668,0.0009664127824719763,128.66359949111938,83.06776732206345,-50.867609679698944,
416,Australia/ACT  Barton,149.1336,-35.311609,589.224,161.37582143726937,0.000962333945241247,128.6638379096985,83.06776359677315,-50.86766369640827,
417,Japan          Yanagida Astronomical Observatory,137.1371,37.334673,181.999,161.36954982363025,0.0017497799190495224,128.652423620224,83.07335898280144,-50.86749978363514,
418,Australia/NSW  Tamworth,150.94034,-31.081447,444.175,161.37509066118633,0.0008803638889456704,128.66467237472534,83.06500688195229,-50.86773633956909,
419,Australia/NSW  Windsor,150.8329,-33.608598,48.999,161.37592938616856,0.0008670715162105411,128.66491079330444,83.06629210710526,-50.86769536137581,
420,Australia/NSW  Sydney,151.205,-33.86154,71.035,161.3763519329125,0.0008445935282721845,128.66532802581787,83.06648954749107,-50.867658108472824,
421,"Japan          Mt. Kajigamori, Otoyo",133.765,33.75595,1285.06,161.36648619083192,0.002008336487363194,128.64884734153748,83.07294175028801,-50.867507234215736,
422,Australia/NSW  Loomberah,151.0461,-31.334632,829.679,161.37511953632588,0.0008715742256391278,128.66467237472534,83.06510746479034,-50.86766369640827,
423,Australia/NSW  North Ryde,151.12473,-33.804956,64.195,161.37611587330457,0.0008494166140641234,128.66514921188354,83.06631818413734,-50.86764134466648,
424,Australia/ACT  Macquarie,149.0658,-35.255144,609.617,161.3757741519837,0.0009663643546946445,128.6637783050537,83.06774124503136,-50.867700949311256,
425,"Australia/QLD  Taylor Range Observatory, Brisbane",152.9316,-27.463275,151.075,161.37491091569703,0.0008210398559922781,128.665953874588,83.06268975138664,-50.86770839989185,
426,Australia/SA   Woomera,136.8217,-31.196556,114.586,161.3675978928478,0.0017596050697562043,128.65230441093445,83.06967094540596,-50.867632031440735,
427,Australia/SA   Stockport,138.7283,-34.333272,142.325,161.37007860975794,0.001606549664691747,128.65495681762695,83.07040482759476,-50.86759477853775,
428,Australia/QLD  Reedy Creek,153.397,-28.110269,82.437,161.3753572717168,0.0007845800452166676,128.66628170013428,83.06305482983589,-50.86769908666611,
429,Australia/ACT  Hawker,149.04,-35.252741,655.425,161.37574185859845,0.0009678726448498795,128.66374850273132,83.06773379445076,-50.86768604815006,
430,"Australia/NSW  Rainbow Observatory, near Coonabarabran",149.2123,-31.27832,540.74,161.37416673785074,0.0009807430350147592,128.66318225860596,83.06556567549706,-50.86766183376312,
431,"Australia/NSW  Mt. Tarana Observatory, Bathurst",149.7578,-33.434627,884.088,161.37523057162502,0.0009309970652258813,128.66392731666565,83.06647837162018,-50.86766183376312,
432,Australia/NSW  Boambee,153.08222,-30.339159,10.784,161.37578280122787,0.0007675281565590976,128.66616249084473,83.06408673524857,-50.86766555905342,
433,Australia/NSW  Bagnall Beach Observatory,152.1078,-32.738478,-18.612,161.37635612984667,0.0007986325481857752,128.66583466529846,83.0657072365284,-50.86766742169857,
434,Italy          S. Benedetto Po,10.9206,45.052013,-18.677,161.41407239164744,0.00644205956415262,128.6555826663971,83.15644785761833,-50.86500756442547,
435,"Italy          G. Colombo Astronomical Observatory, Padua",11.8936,45.404256,46.996,161.41338293133128,0.006408298047600391,128.6551058292389,83.1558108329773,-50.865067169070244,
436,Italy          Osservatorio di Livergnano,11.3356,44.328016,506.82300000000004,161.41385683638893,0.00647993375322603,128.6551058292389,83.1567831337452,-50.86498148739338,
437,US/Pennsylvan  Haverford,284.6971,40.010986,140.462,161.45443043037326,0.005963245498572154,128.71623039245605,83.14093574881554,-50.865016877651215,
438,"US/Massachuse  Smith College Observatory, Northampton",287.3621,42.317295,325.467,161.45273723877966,0.0059228943586871734,128.71351838111877,83.14182236790657,-50.86505599319935,
439,"US/New Mexico  ROTSE-III, Los Alamos",253.2539,35.869209,2129.084,161.44908016312525,0.004969175356260379,128.72540950775146,83.11586827039719,-50.8657731115818,
440,Canada/Ontari  Elginfield Observatory,278.6842,43.192028,351.797,161.45168425882346,0.005613076924159717,128.71620059013367,83.13553035259247,-50.865210592746735,
441,"UK/Scotland    Swilken Brae, St. Andrews",357.1697,56.337515,7.181,161.42046953733785,0.005827257347362948,128.66723537445068,83.1507220864296,-50.86519382894039,
442,Spain          Gualba Observatory,357.4822,41.707871,380.821,161.42441306466898,0.006769557635731597,128.66491079330444,83.16222578287125,-50.86478218436241,
443,"Argentina      Obs. Astronomico Plomer, Buenos Aires",301.4656,-34.633268,19.256,161.45769506792337,0.007180459196906598,128.7122368812561,83.1536166369915,-50.86475610733032,
444,US/California  Star Cruiser Observatory,243.2794,33.4836,1339.817,161.44488254797346,0.0045949483355715035,128.72588634490967,83.10676366090775,-50.86611956357956,
445,Spain          Observatorio d'Ontinyent,359.42,38.818062,268.553,161.4235806436827,0.006919516090064223,128.6628246307373,83.16386491060257,-50.86473748087883,
446,"US/Texas       Kingsnake Observatory, Seguin",262.1666,29.569093,138.886,161.4558986887579,0.005599118356537892,128.72877717018127,83.12410116195679,-50.86543969810009,
447,US/Colorado    Centennial Observatory,255.2056,39.621225,1757.619,161.44784395980446,0.004900281798688626,128.72281670570374,83.11749622225761,-50.86575075984001,
448,"US/New Mexico  Desert Moon Observatory, Las Cruces",253.2801,32.387587,1313.181,161.45086415942586,0.005104156641602875,128.7277340888977,83.11575278639793,-50.865741446614265,
449,"US/South Caro  Griffin Hunter Observatory, Bethune",279.6503,34.383671,101.404,161.4575896091786,0.006069582160706761,128.72153520584106,83.13874155282974,-50.865206867456436,
450,"US/North Caro  Carla Jane Observatory, Charlotte",279.3339,35.151408,217.09,161.45700388924772,0.006024225588531826,128.7211775779724,83.13819766044617,-50.86514167487621,
451,"US/Kansas      West Skies Observatory, Mulvane",262.7569,37.491891,360.251,161.45190086295537,0.0053038750952771,128.72380018234253,83.12392607331276,-50.86563155055046,
452,"US/Florida     Big Cypress Observatory, Fort Lauderdale",279.1063,26.178656,-56.873,161.46175447491805,0.006388299194967676,128.72600555419922,83.14001560211182,-50.86503177881241,
453,US/California  Edwards Raven Observatory,242.1331,34.984639,709.839,161.4436814008129,0.004485543222291459,128.72478365898132,83.10611546039581,-50.866156816482544,
454,US/Maryland    Maryland Space Grant Consortium Observatory,283.37678,39.331812,94.098,161.45482930757112,0.005956619387436777,128.71712446212769,83.14021676778793,-50.86519569158554,
455,US/California  CBA Concord,237.9636,37.989977,1.552,161.4396020077277,0.0041743021146255065,128.72165441513062,83.10301601886749,-50.86619220674038,
456,UK/England     Daventry Observatory,358.8278,52.252596,138.847,161.42066032802464,0.006098699779942294,128.66541743278503,83.15399661660194,-50.86504481732845,
457,Slovakia       Partizanske,18.3403,48.628495,210.879,161.40864366646483,0.006118486270698792,128.65206599235535,83.1511914730072,-50.86526833474636,
458,Spain          Guadarrama Observatory,355.9806,40.647204,884.058,161.42558166234613,0.006840004696126001,128.6657452583313,83.16317573189735,-50.86482688784599,
459,"US/New Hampsh  Smith River Observatory, Danbury",288.1172,43.54084,284.28,161.45199659956273,0.005879045536419012,128.7125051021576,83.14191177487373,-50.86512304842472,
460,"US/Arkansas    Area 52 Observatory, Nashville",265.9981,33.982263,160.598,161.45481331242652,0.005582822928041259,128.72546911239624,83.12712609767914,-50.86542293429375,
461,"Hungary        University of Szeged, Piszkesteto Stn. (Konkoly)",19.89367,47.917455,983.456,161.40770554076724,0.006137000218128318,128.650963306427,83.15106853842735,-50.865281373262405,
462,US/Maryland    Mount Belleview Observatory,283.0842,38.921254,81.407,161.45494697142541,0.00596779207902813,128.71742248535156,83.1400454044342,-50.86509510874748,
463,"US/Colorado    Sommers-Bausch Observatory, Boulder",254.7375,40.004026,1656.692,161.44731288654634,0.004864155363849145,128.7223994731903,83.11706408858299,-50.86582712829113,
464,"US/Rhode Isla  Toby Point Observatory, Narragansett",288.5013,41.410715,15.737000000000002,161.45351822549003,0.006002920819543957,128.7137269973755,83.14303308725357,-50.86502805352211,
465,New Zealand    Takapuna,174.7801,-36.803529,15.319,161.39335430427494,0.0009500887879430849,128.68598103523254,83.06759223341942,-50.867555662989616,
466,"New Zealand    Mount Molehill Observatory, Auckland",174.8487,-36.942156,-85.941,161.3935098335315,0.0009550580290336782,128.68618965148926,83.06767046451569,-50.86739361286163,
467,New Zealand    Auckland Observatory,174.7766,-36.9079,88.989,161.39332874268723,0.0009506644728923547,128.68598103523254,83.0676406621933,-50.86739547550678,
468,"Italy          Astronomical Observatory, Campo Catino",13.3296,41.821092,1521.887,161.41256430355932,0.0065977299603039415,128.65287065505981,83.15765485167503,-50.86510814726353,
469,Switzerland    Courroux,7.382,47.356257,583.617,161.41631163134628,0.006343554365066923,128.65880131721497,83.15582945942879,-50.86498335003853,
470,Italy          Ceccano,13.32756,41.570282,175.948,161.4126471931315,0.006611251992615355,128.65287065505981,83.15783739089966,-50.86507275700569,
471,Denmark        Houstrup,8.2389,55.781599,-5.378,161.4146573985965,0.005782680367752971,128.6609172821045,83.14919844269753,-50.86522176861763,
472,France         Merlette,6.3203,44.694558,1828.109,161.41734119414855,0.006518300776859209,128.65865230560303,83.15808698534966,-50.8649367839098,
473,Italy          Remanzacco,13.31661,46.086367,108.636,161.41215577422284,0.006348003575807155,128.65424156188965,83.15480127930641,-50.86500942707062,
474,"New Zealand    Mount John Observatory, Lake Tekapo",170.46496,-43.987388,1027.261,161.39246687727194,0.0009015065594121715,128.68204712867737,83.07210355997086,-50.86732469499111,
475,Italy          Turin (before 1913),7.6965,45.069054,253.925,161.4162982008094,0.00648001033455082,128.65778803825378,83.15736427903175,-50.864994525909424,
476,"Italy          Grange Observatory, Bussoleno",7.14074,45.142174,521.467,161.41686040834406,0.0064818950291904215,128.65829467773438,83.15766602754593,-50.86500383913517,
477,UK/England     Galleywood,0.4856,51.702635,55.727,161.41999968516163,0.006124499081636234,128.66440415382385,83.15427973866463,-50.86504854261875,
478,France         Lamalou-les-Bains,3.0896,43.588723,150.986,161.41988041791626,0.006615427416543908,128.66079807281494,83.15969258546829,-50.864942371845245,
479,France         Sollies-Pont,6.0505,43.193574,75.641,161.4178405165547,0.006609491434902532,128.65856289863586,83.1591933965683,-50.86493864655495,
480,UK/England     Cockfield,0.7733,52.166479,63.177,161.4195389482388,0.0060915302316861064,128.66416573524475,83.15376564860344,-50.86502991616726,
481,Germany        Moorwarfen,7.93067,53.55367,48.805,161.41517348138441,0.005936704113317388,128.6604404449463,83.15097913146019,-50.86515471339226,
482,UK/Scotland    St. Andrews,357.1854,56.336721,-10.55,161.4203568975464,0.005827231724465534,128.66705656051636,83.15080404281616,-50.86515471339226,
483,"New Zealand    Carter Observatory, Black Birch Station",173.8036,-41.749054,1384.191,161.3939240987322,0.0009759899862331632,128.68478894233704,83.07063952088356,-50.86740292608738,
484,"New Zealand    Happy Valley, Wellington",174.7594,-41.33951,19.626,161.39461306270348,0.0010144791854926043,128.68568301200867,83.07058736681938,-50.867412239313126,
485,"New Zealand    Carter Observatory, Wellington",174.7654,-41.28424,144.134,161.39458027229747,0.0010135840245358502,128.68568301200867,83.07050541043282,-50.86744204163551,
486,New Zealand    Palmerston North,175.47,-40.237349,4649.362,161.39478456807683,0.0010298975477146931,128.68636846542358,83.06987583637238,-50.86738429963589,
487,UK/Scotland    Macnairston Observatory,355.4444,55.439342,106.009,161.42174010954537,0.005898296904133983,128.6681890487671,83.15179497003555,-50.86505971848965,
488,UK/England     Newcastle-upon-Tyne,358.3664,55.001347,113.38,161.42019135196193,0.005914014196511154,128.66628170013428,83.1516645848751,-50.865182653069496,
489,UK/England     Hemingford Abbots,359.87,52.351623,-1041.0,161.4201799921846,0.006084900368700596,128.66497039794922,83.15379917621613,-50.86497403681278,
490,UK/England     Wimborne Minster,358.0,50.838529,2194.665,161.42167518202822,0.006198764108967068,128.66589426994324,83.15523341298103,-50.865037366747856,
491,Spain          Centro Astronomico de Yebes,356.9,40.525053,936.076,161.4251508100159,0.006841561468705139,128.66517901420593,83.16320180892944,-50.864849239587784,
492,UK/England     Mickleover,358.47,52.913724,7345.507,161.4207843636584,0.0060590657720902,128.66589426994324,83.15352350473404,-50.86500570178032,
493,Spain          Calar Alto,357.4542,37.223531,2173.213,161.4253054811999,0.007021260183837746,128.66413593292236,83.16521719098091,-50.8646834641695,
494,UK/England     Stakenbridge,357.8361,52.412865,69.244,161.42134328761247,0.0060937868984248765,128.66616249084473,83.15414562821388,-50.86508393287659,
495,UK/England     Altrincham,357.66247,53.376319,106.921,161.4212126449956,0.006029530863689058,128.66654992103577,83.15329253673553,-50.86508393287659,
496,UK/England     Bishopstoke,358.686,50.96282,-3.29,161.42110582699172,0.006185482057176088,128.6652684211731,83.15516263246536,-50.8649293333292,
497,UK/England     Loudwater,359.29449,51.608582,119.644,161.42063044495146,0.006138807003596103,128.66511940956116,83.15443620085716,-50.86498521268368,
498,UK/England     Earls Barton,359.2581,52.262099,46.191,161.42053141897696,0.006095323148205128,128.66529822349548,83.15390348434448,-50.865089520812035,
499,UK/England     Cheam,359.79078,51.369834,80.441,161.42028161373491,0.006151397161617284,128.66464257240295,83.15448090434074,-50.86501128971577,
501,UK/England     Herstmonceux,0.3475,50.869432,53.683,161.42025101578352,0.006180656837898342,128.66440415382385,83.15479382872581,-50.86500570178032,
502,UK/England     Colchester,0.84793,51.915842,99.518,161.41947918211653,0.006107752787859623,128.66395711898804,83.15395191311836,-50.865063443779945,
503,UK/England     Cambridge,0.0948,52.214289,52.465,161.42003265900297,0.006093025290772957,128.66467237472534,83.15393328666687,-50.865041092038155,
504,France         Le Creusot,4.3944,46.822521,449.527,161.41835747118395,0.006406893741365349,128.66055965423584,83.15711095929146,-50.8649330586195,
505,Netherlands    Simon Stevin,4.5639,51.56628,107.303,161.4174224913855,0.0061010810283400815,128.66166234016418,83.15352723002434,-50.86503550410271,
506,Germany        Bendestorf,9.96,53.303447,-9254.03,161.41372666434293,0.005928294662667075,128.65886092185974,83.15064758062363,-50.86510069668293,
507,Netherlands    Nyenheim,5.22,51.94921,-6654.872,161.4168509815812,0.006067190575755863,128.6613643169403,83.15286412835121,-50.86505971848965,
508,Netherlands    Zeist,5.29,51.94921,-6654.872,161.41698713137126,0.006066550098090887,128.66145372390747,83.15296843647957,-50.86509510874748,
509,France         La Seyne sur Mer,5.8725,43.099337,53.46,161.4180477280075,0.006616895625718904,128.6587119102478,83.15936848521233,-50.8649330586195,
510,Germany        Siegen,8.0256,50.910286,386.527,161.41541660945913,0.00611034625629619,128.6594271659851,83.15302804112434,-50.865139812231064,
511,France         Haute Provence,5.7157,43.931875,634.08,161.41796252453338,0.006569659471757484,128.6589503288269,83.15881714224815,-50.86496099829674,
512,Netherlands    Leiden (before 1860),4.4893,52.157984,-10.159,161.41739463500718,0.006062512067634005,128.66193056106567,83.15296471118927,-50.865188241004944,
513,France         Lyons,4.7855,45.694788,266.506,161.41835719397477,0.006472574284424661,128.6601424217224,83.1577479839325,-50.864946097135544,
514,Germany        Mundenheim (1907-1913),8.438,49.456279,115.728,161.41525781374483,0.006199447715085214,128.65862250328064,83.15401151776314,-50.865063443779945,
515,"Germany        Volkssternwarte Dhaun, near Kirn",7.4956,49.814908,363.668,161.41590405172326,0.006186736158923569,128.65936756134033,83.15405622124672,-50.86515657603741,
516,Germany        Hamburg (before 1909),9.97321,53.551081,23.72,161.41387441840897,0.005915123616255409,128.65912914276123,83.15050229430199,-50.86512863636017,
517,Switzerland    Geneva (from 1967),6.1358,46.310753,472.602,161.41733854060985,0.006421363975768323,128.65933775901794,83.15693587064743,-50.86507648229599,
518,"Germany        Marine Observatory, Hamburg",9.9727,53.547675,57.94,161.4137847301605,0.00591537224977885,128.65903973579407,83.15042778849602,-50.86519196629524,
519,Germany        Meschede,8.2867,51.342097,326.624,161.4149885409107,0.006079404592495736,128.659188747406,83.15259218215942,-50.86509697139263,
520,Germany        Bonn,7.0966,50.728847,51.951,161.41598434232847,0.0061316890296365546,128.65984439849854,83.15353468060493,-50.8650578558445,
521,"Germany        Remeis Observatory, Bamberg",10.88794,49.884549,287.665,161.4137543632445,0.006143852408413707,128.65737080574036,83.15297961235046,-50.86514540016651,
522,France         Strasbourg,7.7677,48.583819,168.907,161.41584721687434,0.006262205940900991,128.65877151489258,83.15487951040268,-50.865137949585915,
523,Germany        Frankfurt,8.6512,50.116646,156.228,161.4151298936619,0.006154803795190374,128.6587119102478,83.15356448292732,-50.865162163972855,
524,Germany        Mannheim,8.4605,49.484894,-87.821,161.41527538213467,0.006197285236077904,128.65865230560303,83.15400406718254,-50.86505599319935,
525,Germany        Marburg,8.76917,50.811848,277.885,161.4149478500498,0.006108665070005919,128.65892052650452,83.1529088318348,-50.86512863636017,
526,Germany        Kiel,10.1477,54.340949,75.281,161.41365939542766,0.005860360271875826,128.65930795669556,83.149753510952,-50.86521804332733,
527,Germany        Altona,9.9431,53.545029,196.124,161.41391053154132,0.005915931656994052,128.65906953811646,83.15059170126915,-50.86524784564972,
528,Germany        Gottingen,9.9426,51.529931,142.433,161.41406435899617,0.006048784276604573,128.65835428237915,83.15204828977585,-50.865164026618004,
529,Norway         Christiania,10.7229,59.912146,20.624,161.4127911034491,0.005470317452905264,128.66106629371643,83.14525708556175,-50.86536519229412,
530,Germany        Lubeck,10.6898,53.8568,31.564,161.4133901381357,0.00588668663349416,128.6587417125702,83.15012976527214,-50.86518079042435,
531,"Italy          Collegio Romano, Rome",12.4797,41.898438,56.817,161.41315889394178,0.006604791670457145,128.65352630615234,83.15782994031906,-50.8650504052639,
532,Germany        Munich,11.6084,48.146087,514.477,161.41346466706528,0.006244602121059075,128.656268119812,83.15413817763329,-50.86512118577957,
533,Italy          Padua,11.8715,45.400199,43.83,161.4132816381159,0.006408832954913379,128.65495681762695,83.15586298704147,-50.865037366747856,
534,Germany        Leipzig (since 1861),12.3913,51.334935,147.349,161.41260234524307,0.006032075771415754,128.65692377090454,83.15138146281242,-50.865232944488525,
535,Italy          Palermo,13.3578,38.112038,76.74,161.4127483722775,0.006799574261675575,128.65176796913147,83.15980806946754,-50.86496099829674,
536,Germany        Berlin-Babelsberg,13.1062,52.406679,116.17,161.41192903928314,0.005953388922637941,128.65665555000305,83.15049856901169,-50.86521804332733,
537,"Germany        Urania Observatory, Berlin",13.3642,52.526023,128.158,161.41179765718542,0.005942301766823475,128.65659594535828,83.15037563443184,-50.86515285074711,
538,Croatia        Pola,13.8461,44.863303,41.921,161.41205992269676,0.006413586549261104,128.65367531776428,83.15548673272133,-50.865016877651215,
539,Austria        Kremsmunster,14.1316,48.056389,380.558,161.41158903040548,0.006216477142768594,128.65453958511353,83.1531397998333,-50.86517333984375,
540,Austria        Linz,14.2753,48.442489,785.467,161.41152240202737,0.006190722355195186,128.65453958511353,83.15299451351166,-50.86519941687584,
541,Czech Republi  Prague,14.3953,50.076637,302.652,161.41129039051287,0.006086338990000476,128.65504622459412,83.15180242061615,-50.86513049900532,
542,Germany        Falkensee,13.0374,52.567266,-173.718,161.4119262979013,0.00594364676515252,128.6567747592926,83.15029740333557,-50.865236669778824,
543,Germany        Leipzig (before 1861),12.3688,51.337979,-41.931,161.412644115203,0.006032088104582621,128.65692377090454,83.15150812268257,-50.865158438682556,
544,"Germany        Wilhelm Foerster Observatory, Berlin",13.35131,52.457381,65.288,161.41182869970157,0.005946925301208133,128.65659594535828,83.15040171146393,-50.865208730101585,
545,Austria        Vienna (before 1879),16.3817,48.20962,184.008,161.41011233328643,0.006174414754537952,128.65319848060608,83.15234258770943,-50.865182653069496,
546,"Austria        Oppolzer Observatory, Vienna",16.3549,48.215289,219.391,161.41000087204998,0.00617448149229999,128.65298986434937,83.1524170935154,-50.865234807133675,
547,Poland         Breslau,17.0363,51.115578,116.616,161.40950380916559,0.005982714394489092,128.653883934021,83.15009623765945,-50.86519010365009,
548,Germany        Berlin (1835-1913),13.395,52.504462,39.093,161.41191595551948,0.005943286841552582,128.65674495697021,83.15036445856094,-50.86516961455345,
549,Sweden         Uppsala,17.6257,59.858039,51.645,161.40917466272984,0.005393585542877208,128.65769863128662,83.14341679215431,-50.86541548371315,
550,Germany        Schwerin,11.4196,53.627586,-240.982,161.41295158844025,0.0058934153915887275,128.658264875412,83.15001055598259,-50.86519010365009,
551,Slovakia       Hurbanovo,18.1895,47.874161,98.688,161.40880692397945,0.00616702586549176,128.65197658538818,83.15172418951988,-50.86514167487621,
552,"Italy          Osservatorio S. Vittore, Bologna",11.3418,44.468021,298.251,161.41391517996743,0.006471475203441477,128.65516543388367,83.1567756831646,-50.86502805352211,
553,Poland         Chorzow,18.9938,50.299749,-206.364,161.4083527656511,0.006004226958160808,128.65248322486877,83.15001428127289,-50.86521431803703,
554,"Germany        Burgsolms Observatory, Wetzlar",8.3959,50.539287,192.307,161.415283439156,0.0061303572160155565,128.65909934043884,83.15332233905792,-50.865065306425095,
555,Poland         Cracow-Fort Skala,19.8263,50.054245,308.259,161.40790259508987,0.006006445475501805,128.65203619003296,83.14979448914528,-50.86527578532696,
556,"Germany        Reintal, near Munich",11.26,47.589673,-6331.444,161.41353180151035,0.006280627273652508,128.65611910820007,83.15446600317955,-50.8651752024889,
557,Czech Republi  Ondrejov,14.77961,49.914803,580.679,161.41107062101887,0.0060913834715380175,128.6548376083374,83.15163478255272,-50.865234807133675,
558,Poland         Warsaw,21.0303,52.217857,148.194,161.40696799969095,0.0058506041405012735,128.65221500396729,83.14767852425575,-50.86531676352024,
559,Italy          Serra La Nave,14.98,37.6181,-696.944,161.41145676406487,0.006799996905928513,128.65036725997925,83.15948396921158,-50.86493492126465,
560,Italy          Madonna di Dossobuono,10.931,45.407461,63.04899999999999,161.4140050696713,0.00642066803251918,128.65570187568665,83.15614983439445,-50.86497962474823,
561,Hungary        Piszkesteto Stn. (Konkoly),19.89367,47.917455,983.456,161.40770554076724,0.006137000218128318,128.650963306427,83.15106853842735,-50.865281373262405,
562,"Austria        Figl Observatory, Vienna",15.9236,48.083754,905.092,161.41030423047638,0.00618927895343904,128.65331768989563,83.15249532461166,-50.86524039506912,
563,Austria        Seewalchen,13.6,47.952529,135.713,161.41202189497002,0.006230140240676224,128.6548376083374,83.15352350473404,-50.86516588926315,
564,Germany        Herrsching,11.19,48.029249,9614.117,161.41365550780378,0.0062610546567758284,128.65641713142395,83.15428718924522,-50.86510628461838,
565,Italy          Bassano Bresciano,10.1344,45.317821,31.563000000000002,161.41466111877813,0.006436087293164372,128.6563277244568,83.15645158290863,-50.86498521268368,
566,US/Hawaii      Haleakala-NEAT/GEODSS,203.7424,20.708375,3040.446,161.41634889162717,0.002760568467345884,128.71211767196655,83.071980625391,-50.86722411215305,
567,Italy          Chions,12.7117,45.843338,37.101,161.41267832428005,0.006370924586902695,128.6545991897583,83.15525203943253,-50.86502619087696,
568,US/Hawaii      Maunakea,204.5278,19.826116,4212.397,161.41710459065425,0.002824944040690552,128.7129521369934,83.07217434048653,-50.867194309830666,
569,Finland        Helsinki,24.9587,60.155276,10.883,161.40553662691337,0.005267371139843015,128.65480780601501,83.1407830119133,-50.86548812687397,
570,Lithuania      Vilnius (since 1939),25.299,54.682117,-55.218,161.40466521371513,0.0056208445882278985,128.65138053894043,83.14445614814758,-50.86538754403591,
571,Italy          Cavriana,10.63,45.354705,822.341,161.41436071118557,0.006428007613319599,128.65594029426575,83.15641433000565,-50.86507275700569,
572,Germany        Cologne,6.89,50.927521,-5853.344,161.41608589767998,0.006118488551532823,128.66011261940002,83.15325528383255,-50.865158438682556,
573,Germany        Eldagsen,9.6612,52.17513,-361.197,161.41408103274102,0.006009533039539112,128.65865230560303,83.15165713429451,-50.86510255932808,
574,Italy          Gottolengo,10.2667,45.297123,64.319,161.4145605636976,0.0064356953863576516,128.65617871284485,83.15641060471535,-50.865110009908676,
575,Switzerland    La Chaux de Fonds,6.808,47.089416,1011.673,161.4166818816184,0.006366462560648466,128.6589801311493,83.1562988460064,-50.86493864655495,
576,UK/England     Burwash,0.376,50.994968,53.847,161.42002506327952,0.006172179844680856,128.66419553756714,83.15471559762955,-50.864944234490395,
577,Switzerland    Metzerlen Observatory,7.5,47.462736,6589.131,161.41612823238341,0.006338266216982118,128.65853309631348,83.15588161349297,-50.864994525909424,
578,South Africa   Linden Observatory,27.99,-26.204483,1350.698,161.40111472536717,0.007334783532566625,128.63895297050476,83.15698057413101,-50.86507834494114,
579,Italy          Novi Ligure,8.85,44.786623,744.462,161.41555358558662,0.006483860220737138,128.65689396858215,83.15731585025787,-50.86497217416763,
580,Austria        Graz,15.4936,47.067254,516.08,161.41068742960834,0.006257631192097484,128.65331768989563,83.15332233905792,-50.86510442197323,
581,South Africa   Sedgefield,22.8,-33.995489,380.53,161.4062799144974,0.007212565192285003,128.64559888839722,83.1567533314228,-50.86503177881241,
582,UK/England     Orwell Park,1.2408,52.009272,24.17,161.4195520651189,0.006098640643921018,128.66416573524475,83.15378427505493,-50.865041092038155,
583,Ukraine        Odesa-Mayaky,30.2717,46.39729,23.284,161.40037718677291,0.006026351851608551,128.64431738853455,83.1470675766468,-50.865376368165016,
584,Russia         Leningrad,30.2946,59.942394,-14.482,161.40271821139484,0.005191275296826361,128.652423620224,83.13894271850586,-50.86558312177658,
585,Ukraine        Kyiv comet station,30.52462,50.297969,24.383,161.4009793858741,0.005792321062534777,128.64655256271362,83.14472809433937,-50.86545832455158,
586,France         Pic du Midi,0.1423,42.936555,2890.675,161.42234101827765,0.006680093025855511,128.66312265396118,83.16091448068619,-50.864873453974724,
587,Italy          Sormano,9.22918,45.882949,1176.946,161.41534145268946,0.006413460056683525,128.65722179412842,83.15635472536087,-50.865041092038155,
588,Italy          Eremo di Tizzano,11.25,44.46199,981.042,161.41401509090537,0.006473347689059265,128.65525484085083,83.15678685903549,-50.86510069668293,
589,Italy          Santa Lucia Stroncone,12.64369,42.519425,392.032,161.41302304592722,0.006567269275216975,128.65370512008667,83.15735682845116,-50.864940509200096,
590,Switzerland    Metzerlen,7.46,47.462736,6589.131,161.41629394516133,0.006338698267551028,128.6587417125702,83.15584063529968,-50.86505971848965,
591,Germany        Resse Observatory,9.6258,52.507327,35.619,161.4140703270926,0.005988209650113601,128.65883111953735,83.15131068229675,-50.865182653069496,
592,Germany        Solingen,7.02114,51.174341,149.126,161.41587060352145,0.006103446594600326,128.6599338054657,83.1531174480915,-50.86515285074711,
593,Italy          Monte Argentario,11.17,42.430591,-1922.141,161.4141435247015,0.006591437611199608,128.65465879440308,83.15800502896309,-50.86502432823181,
594,Italy          Monte Autore,13.2033,41.957433,1827.85,161.41265372616056,0.0065919971281589084,128.65307927131653,83.15757289528847,-50.86499825119972,
595,Italy          Farra d'Isonzo,13.52578,45.915733,43.36,161.41217976987028,0.006355334741410215,128.65418195724487,83.15490931272507,-50.86505971848965,
596,Italy          Colleverde di Guidonia,12.6183,41.983845,91.857,161.4131539742985,0.0065980110119021815,128.65352630615234,83.15785229206085,-50.86499825119972,
597,Germany        Springe,9.6631,52.170501,119.457,161.4142175936338,0.006010001987165581,128.65880131721497,83.15161988139153,-50.86521990597248,
598,Italy          Loiano,11.33409,44.259208,745.434,161.41380399635088,0.006484124162659771,128.65498661994934,83.15685018897057,-50.86500570178032,
599,Italy          Campo Imperatore-CINEOS,13.55764,42.444136,2141.321,161.4123912836854,0.006559344044793066,128.65296006202698,83.15719664096832,-50.86508207023144,
600,"Italy          TLC Observatory, Bologna",11.4708,44.35884,287.157,161.4136790004197,0.006476224612302807,128.65495681762695,83.15666392445564,-50.864988937973976,
601,"Germany        Engelhardt Observatory, Dresden",13.7281,51.038129,106.413,161.41175075846914,0.006033936827808154,128.65591049194336,83.15131440758705,-50.86520314216614,
602,"Austria        Urania Observatory, Vienna",16.3854,48.21205,199.164,161.4101371492591,0.006174209209495503,128.65325808525085,83.15226435661316,-50.86523853242397,
603,Germany        Bothkamp,10.13,54.2026,74.595,161.41366938153524,0.005869841861706585,128.659188747406,83.1499733030796,-50.86519196629524,
604,"Germany        Archenhold Sternwarte, Berlin-Treptow",13.47524,52.486761,39.219,161.41181658613021,0.005943410546881687,128.65668535232544,83.15024897456169,-50.86519382894039,
605,Germany        Marl,7.113,51.674076,46.379,161.41576163256204,0.0060697287605964755,128.66002321243286,83.15277099609375,-50.86514726281166,
606,Germany        Norderstedt,9.9956,53.684186,33.692,161.413736971298,0.0059060045059929804,128.6589801311493,83.15039426088333,-50.86524598300457,
607,"Germany        Hagen Observatory, Ronkhausen",8.0,51.218913,769.224,161.41538273200888,0.006090666035245818,128.65951657295227,83.15286040306091,-50.86508020758629,
608,US/Hawaii      Haleakala-AMOS,203.742,20.708375,3040.446,161.41632297396376,0.0027605427842526562,128.71208786964417,83.0719992518425,-50.86718685925007,
609,Italy          Osservatorio Polino,12.8533,42.570843,1280.188,161.41271318424074,0.006561795598409091,128.65331768989563,83.15734565258026,-50.86495541036129,
610,Italy          Pianoro,11.3431,44.391708,202.228,161.41375570329868,0.006475927086378038,128.65504622459412,83.15666764974594,-50.86500011384487,
611,"Germany        Starkenburg Sternwarte, Heppenheim",8.6531,49.64779,228.075,161.4152070598898,0.00618487762766939,128.65865230560303,83.15383270382881,-50.86511932313442,
612,Germany        Lenkerbeck,7.1,51.411396,-37.014,161.4157689395268,0.006087061596072731,128.6599636077881,83.15284550189972,-50.86519941687584,
613,Germany        Heisingen,7.0709,51.409604,122.117,161.41589204360508,0.006087540195268292,128.66005301475525,83.15300196409225,-50.86510814726353,
614,France         Soisy-sur-Seine,2.467,48.635126,-13.469,161.41926406559776,0.006309477386576202,128.66228818893433,83.15612003207207,-50.8650578558445,
615,France         St. Veran,6.9067,44.697855,2908.587,161.41685825744634,0.006512295433007577,128.65817546844482,83.15784856677055,-50.86500011384487,
616,Czech Republi  Brno,16.58348,49.204434,351.149,161.40997650919704,0.0061098695542317295,128.65352630615234,83.15161615610123,-50.865110009908676,
617,France         Arbonne la Foret,2.5725,48.41611,-22.857,161.41934108060494,0.006322568136655924,128.66228818893433,83.15630257129669,-50.86500383913517,
618,France         Martigues,5.0077,43.419372,55.859,161.41854686175904,0.006606999305815192,128.6594271659851,83.15924555063248,-50.86490884423256,
619,Spain          Sabadell,2.09013,41.550043,211.667,161.42102240935665,0.006743639137318011,128.66121530532837,83.16135033965111,-50.864800810813904,
620,Spain          Observatorio Astronomico de Mallorca,2.9517,39.64398,206.54,161.42080959874139,0.006843667329306603,128.66023182868958,83.16246792674065,-50.86478590965271,
621,Germany        Bergisch Gladbach,7.48503,51.08639,368.243,161.41569265474357,0.006104534436362851,128.65975499153137,83.15309882164001,-50.86507089436054,
622,Switzerland    Oberwichtrach,7.568,46.645163,439.239,161.41629266129704,0.006385502383695468,128.6584436893463,83.15631747245789,-50.86502991616726,
623,Belgium        Liege,5.5667,50.618355,145.152,161.41686746036396,0.006154000052922386,128.66070866584778,83.15394818782806,-50.86499825119972,
624,Germany        Dertingen,9.6167,49.762986,151.377,161.41443547402434,0.006166582383919404,128.6579668521881,83.15340802073479,-50.86509883403778,
625,US/Hawaii      Kihei-AMOS Remote Maui Experimental Site,203.5683,20.746069,119.141,161.41616489531629,0.0027483231385577894,128.71190905570984,83.07196572422981,-50.867192447185516,
626,Belgium        Geel,4.9864,51.157211,70.258,161.41717032319505,0.006124160934742119,128.66124510765076,83.15366506576538,-50.865065306425095,
627,France         Blauvac,5.2146,44.042227,236.842,161.41834880136528,0.006568051068400629,128.6594569683075,83.15879106521606,-50.86494795978069,
628,Germany        Mulheim-Ruhr,6.84366,51.42743,41.156,161.4160800166074,0.006088622211796984,128.66023182868958,83.15303549170494,-50.86519755423069,
629,Hungary        Szeged Observatory,20.1511,46.250362,96.979,161.40759840535952,0.006232240870915325,128.6502182483673,83.15201103687286,-50.865285098552704,
630,France         Osenbach,7.2367,47.992991,459.688,161.41626686794388,0.006305250872174566,128.6589503288269,83.15547555685043,-50.865042954683304,
631,Germany        Hamburg-Georgswerder,10.02293,53.508969,45.858,161.41374231623251,0.005917384566448628,128.65892052650452,83.15054699778557,-50.865164026618004,
632,Italy          San Polo A Mosciano,11.1739,43.728395,148.489,161.41397193749958,0.006517159904391232,128.65495681762695,83.1572450697422,-50.864968448877335,
633,Italy          Romito,9.9339,44.099841,42.823,161.41493173200865,0.006511170942877709,128.6560297012329,83.15744251012802,-50.86497776210308,
634,France         Crolles,5.1456,45.52718,473.763,161.41812240434766,0.006479361415766054,128.65978479385376,83.15786719322205,-50.86491070687771,
635,France         Pergignan,2.9019,42.700402,53.934,161.42025082757263,0.00666949298909891,128.66082787513733,83.16041901707649,-50.86485482752323,
636,Germany        Essen,6.9794,51.394563,70.505,161.4159327739692,0.0060894320303907816,128.66008281707764,83.15298706293106,-50.865186378359795,
637,Germany        Hamburg-Himmelsmoor,10.0903,53.703441,42.021,161.41378152469449,0.005903666051184385,128.65903973579407,83.15043523907661,-50.86516961455345,
638,Germany        Detmold,8.8933,51.940146,128.258,161.41468015040923,0.006033627741553817,128.65912914276123,83.15207436680794,-50.865115597844124,
639,Germany        Dresden,13.7233,51.094359,136.269,161.41171425015412,0.00603039402294286,128.65591049194336,83.15122872591019,-50.86522735655308,
640,Czech Republi  Senftenberger Sternwarte,13.5996,50.086985,88.064,161.41189268021708,0.006096366936531331,128.65567207336426,83.15194398164749,-50.86522735655308,
641,South Africa   Overberg,20.0272,-34.53549,133.007,161.40865656972318,0.007254760779223975,128.64777445793152,83.15795287489891,-50.865110009908676,
642,"Canada/BritCo  Oak Bay, Victoria",236.685,48.427924,-79.848,161.4343053374169,0.0037322258012028337,128.71402502059937,83.10450613498688,-50.866253674030304,
643,US/California  OCA-Anza Observatory,243.2794,33.4836,1339.817,161.44488254797346,0.0045949483355715035,128.72588634490967,83.10676366090775,-50.86611956357956,
644,US/California  Palomar Mountain/NEAT,243.14022,33.35734,1686.997,161.444907152798,0.004592806957164503,128.72594594955444,83.10680463910103,-50.86597986519337,
645,US/New Mexico  Apache Point-Sloan Digital Sky Survey,254.17942,32.780502,2791.253,161.45089818570426,0.005130521068043942,128.7272572517395,83.11659842729568,-50.86567439138889,
646,"US/California  Santana Observatory, Rancho Cucamonga",242.4369,33.99724,434.639,161.4442084141776,0.0045354669532859495,128.72546911239624,83.10611173510551,-50.86610093712807,
647,"Canada/Albert  Stone Finder Observatory, Calgary",245.9683,50.778455,1061.331,161.43743561881135,0.004041060299289381,128.71363759040833,83.11133831739426,-50.866005942225456,
648,"US/Arizona     Winer Observatory, Sonoita",249.39822,31.665606,1516.776,161.44906338902226,0.004951857218236143,128.72770428657532,83.1122063100338,-50.86589604616165,
649,"US/Kansas      Powell Observatory, Louisburg",265.3003,38.646416,274.347,161.45204297281273,0.0053539787602749425,128.72272729873657,83.12596380710602,-50.86546763777733,
650,US/California  Temecula,242.9028,33.467301,373.646,161.44474646372547,0.004576881042820816,128.7258267402649,83.1066258251667,-50.86606368422508,
651,"US/Arizona     Grasslands Observatory, Tucson",249.41916,31.670421,1501.461,161.44909166815088,0.004952656871830606,128.72779369354248,83.11214670538902,-50.86585693061352,
652,"Canada/Albert  Rock Finder Observatory, Calgary",245.9333,51.116859,902.982,161.43705780182336,0.004025850574563294,128.7132203578949,83.11129733920097,-50.86592957377434,
653,"US/Washington  Torus Observatory, Buckley",237.8678,47.183041,226.543,161.43543329145322,0.0038311785284545112,128.7151575088501,83.10495689511299,-50.86623132228851,
654,"US/California  Table Mountain Observatory, Wrightwood-PHMC",242.31841,34.381822,2287.309,161.4440794808358,0.004516694051024709,128.72523069381714,83.10621231794357,-50.866130739450455,
655,Canada/BritCo  Sooke,236.383,48.366952,-30.546,161.43418303507596,0.003720873556484829,128.71399521827698,83.10436829924583,-50.86616612970829,
656,Canada/BritCo  Victoria,236.3921,48.353425,197.379,161.434137647906,0.003721817971504303,128.71405482292175,83.1041969358921,-50.866151228547096,
657,"Canada/BritCo  Climenhaga Observatory, Victoria",236.6903,48.46198,57.759,161.43425726808036,0.003731246843911215,128.7139654159546,83.10452103614807,-50.866227596998215,
658,Canada/BritCo  Dominion Astrophysical Observatory,236.583,48.519987,234.389,161.43420990144102,0.0037243756793763723,128.71390581130981,83.10452476143837,-50.86622200906277,
659,"US/Washington  Heron Cove Observatory, Orcas",237.0514,48.599732,54.04,161.43437246124412,0.003742400455502313,128.71399521827698,83.10474082827568,-50.86615867912769,
660,"US/California  Leuschner Observatory, Berkeley",237.7379,37.873406,106.22,161.43962869880556,0.004167490212753557,128.72180342674255,83.10286328196526,-50.86614936590195,
661,"Canada/Albert  Rothney Astrophysical Observatory, Priddis",245.7117,50.868272,1309.87,161.43718639807165,0.004026940146185719,128.7134885787964,83.11108499765396,-50.866005942225456,
662,"US/California  Lick Observatory, Mount Hamilton",238.3545,37.340108,1283.998,161.44024399696943,0.004217140352734088,128.72233986854553,83.10320600867271,-50.86618475615978,
663,US/Arizona     Red Mountain Observatory,248.3136,33.496489,450.332,161.44782209206696,0.004833997673602467,128.72666120529175,83.11137184500694,-50.865959376096725,
664,US/Washington  Manastash Ridge Observatory,239.2775,46.949324,1229.622,161.4364194376795,0.0039036223077246403,128.71578335762024,83.10591802001,-50.86620710790157,
665,US/California  Wallis Observatory,240.9903,34.810651,1629.92,161.44297289352227,0.004436489791464283,128.72463464736938,83.10499042272568,-50.86612328886986,
666,US/California  Moorpark College Observatory,241.1692,34.30168,298.548,161.44319322008997,0.0044627881636621165,128.72490286827087,83.10504630208015,-50.86605250835419,
667,US/Washington  Wanapum Dam,240.00921,46.902678,193.321,161.43669335190225,0.003937918517434686,128.7158727645874,83.1063948571682,-50.86607113480568,
668,US/California  San Emigdio Peak,240.82,34.857391,-3698.399,161.44279654468446,0.004424581802661978,128.72445583343506,83.1049270927906,-50.86611956357956,
669,US/California  Ojai,240.8238,34.467031,485.455,161.44307149381663,0.004440100817206973,128.7248432636261,83.10490101575851,-50.866054370999336,
670,US/California  Camarillo,240.9558,34.22133,15.051,161.44314486723056,0.004455069065910346,128.7248730659485,83.10490846633911,-50.866199657320976,
671,US/California  Stony Ridge,242.00198,34.301561,1710.13,161.44386298416538,0.004503969287494667,128.72523069381714,83.10580998659134,-50.86610093712807,
672,US/California  Mount Wilson,241.9436,34.224694,1734.505,161.44391770185658,0.00450386290318567,128.72526049613953,83.10586214065552,-50.86611397564411,
673,"US/California  Table Mountain Observatory, Wrightwood",242.31783,34.381488,2285.092,161.44402465408206,0.0045166781066177854,128.72523069381714,83.10612291097641,-50.866102799773216,
674,"US/California  Ford Observatory, Wrightwood",242.33605,34.382192,2261.268,161.44398838854443,0.0045175391056697985,128.72514128684998,83.1061601638794,-50.866153091192245,
675,US/California  Palomar Mountain,243.13746,33.35412,1696.158,161.44490142584456,0.0045927787138385695,128.72591614723206,83.10680091381073,-50.86604319512844,
676,US/California  San Clemente,242.3907,33.418166,61.063,161.44448248143246,0.004553552254954759,128.7257969379425,83.1061340868473,-50.866104662418365,
677,US/California  Lake Arrowhead,242.8281,34.273483,1716.562,161.4442321389819,0.0045450753569881265,128.7252902984619,83.10650661587715,-50.865983590483665,
678,US/Arizona     Fountain Hills,248.2597,33.635876,682.249,161.44765727669431,0.004826432035989946,128.72657179832458,83.1112414598465,-50.86587555706501,
679,Mexico         San Pedro Martir,244.5367,31.043406,2824.77,161.44662570497763,0.004741881950851616,128.727525472641,83.10767263174057,-50.8660189807415,
680,US/California  Los Angeles,244.78,33.803964,9147.69,161.44576289729912,0.004658802358426985,128.72609496116638,83.10822024941444,-50.866005942225456,
681,Canada/Albert  Calgary,245.8858,51.086072,1126.438,161.43715850051996,0.004025204736025348,128.71327996253967,83.11131969094276,-50.86606182157993,
682,US/Utah        Kanab,247.6381,37.046938,1648.706,161.44574634039554,0.004669044514133364,128.72430682182312,83.1109918653965,-50.86595006287098,
683,"US/Arizona     Goodricke-Pigott Observatory, Tucson",248.9182,32.155481,747.379,161.44848447792805,0.004911376087089625,128.72731685638428,83.1117182970047,-50.865836441516876,
684,US/Arizona     Prescott,247.51,34.512629,1794.482,161.4468856537991,0.004759291381856951,128.72585654258728,83.11080932617188,-50.86594261229038,
685,US/Arizona     Williams,247.84,35.352234,-4112.91,161.44661830223896,0.004740961878685385,128.72526049613953,83.11117440462112,-50.866005942225456,
686,"US/Arizona     U. of Minn. Infrared Obs., Mt. Lemmon",249.2092,32.441312,2755.255,161.44869582194409,0.004915451135242622,128.72734665870667,83.11206102371216,-50.86587183177471,
687,"US/Arizona     Northern Arizona University, Flagstaff",248.3473,35.18446,2098.971,161.44701885827698,0.004773180228249434,128.7255585193634,83.11151713132858,-50.865963101387024,
688,"US/Arizona     Lowell Observatory, Anderson Mesa Station",248.4645,35.095943,2204.195,161.44707201537835,0.0047819892287319045,128.7255883216858,83.11158791184425,-50.86594074964523,
689,"US/Arizona     U.S. Naval Observatory, Flagstaff",248.2601,35.183936,2292.109,161.4469776949043,0.004769221131208205,128.7255585193634,83.1114873290062,-50.86588114500046,
690,"US/Arizona     Lowell Observatory, Flagstaff",248.3367,35.20197,2220.75,161.44702364715872,0.004772067110340275,128.72561812400818,83.11145007610321,-50.865937024354935,
691,"US/Arizona     Steward Observatory, Kitt Peak-Spacewatch",248.39966,31.962189,2041.007,161.44843561310827,0.004894475543313042,128.72743606567383,83.11140909790993,-50.865884870290756,
692,"US/Arizona     Steward Observatory, Tucson",249.0513,32.233024,735.163,161.44859566993344,0.004914802502259127,128.72734665870667,83.11187103390694,-50.865864381194115,
693,"US/Arizona     Catalina Station, Tucson",249.26745,32.416873,2491.132,161.44859325423636,0.004918953010335173,128.72719764709473,83.11209827661514,-50.865862518548965,
694,"US/Arizona     Tumamoc Hill, Tucson",248.9943,32.213449,950.016,161.44859810659042,0.0049129349519874506,128.72737646102905,83.11185240745544,-50.86582712829113,
695,US/Arizona     Kitt Peak,248.40533,31.958398,2064.325,161.4484722710163,0.00489487958810662,128.72755527496338,83.11130478978157,-50.86586996912956,
696,"US/Arizona     Whipple Observatory, Mt. Hopkins",249.1154,31.688954,2627.639,161.44893253190594,0.004938207464772936,128.72764468193054,83.11199769377708,-50.86597241461277,
697,"US/Arizona     Kitt Peak, McGraw-Hill",248.38381,31.951411,1896.663,161.44841799177064,0.0048940508482682,128.72740626335144,83.11140164732933,-50.86591653525829,
698,US/Arizona     Mt. Bigelow,249.26736,32.416926,2517.543,161.44875288252376,0.00491895604559433,128.72734665870667,83.11216160655022,-50.865888595581055,
699,US/Arizona     Lowell Observatory-LONEOS,248.46331,35.095943,2204.195,161.44710549714702,0.004781935663311649,128.72564792633057,83.11160281300545,-50.86587183177471,
700,US/Arizona     Chinle,250.3817,36.35051,1624.518,161.44746635093546,0.004821314326854626,128.72499227523804,83.11330899596214,-50.865888595581055,
701,"US/Arizona     Junk Bond Observatory, Sierra Vista",249.79716,31.475562,1351.518,161.44939573965638,0.004977298188147633,128.72791290283203,83.11249688267708,-50.86594820022583,
702,"US/New Mexico  Joint Obs. for cometary research, Socorro",252.8117,33.984187,3381.271,161.44980603037524,0.005023385117549225,128.72666120529175,83.1153579056263,-50.865743309259415,
703,US/Arizona     University of Arizona Catalina Sky Survey,249.26736,32.417032,2487.202,161.44879650344515,0.004918944697481655,128.72743606567383,83.11213180422783,-50.86584948003292,
704,"US/New Mexico  Lincoln Laboratory ETS, New Mexico",253.34093,33.818259,1528.504,161.4500552525433,0.0050527972621617215,128.72660160064697,83.11590924859047,-50.8657842874527,
705,US/New Mexico  Apache Point,254.17942,32.780502,2791.253,161.45089818570426,0.005130521068043942,128.7272572517395,83.11659842729568,-50.86567439138889,
706,US/Colorado    Salida,253.9366,38.582008,1664.614,161.4478712125992,0.004889154759244639,128.72356176376343,83.11640098690987,-50.865741446614265,
707,US/Colorado    Chamberlin field station,254.56,39.465804,7847.118,161.44756921101046,0.004881455780299738,128.72272729873657,83.1170417368412,-50.86584761738777,
708,"US/Colorado    Chamberlin Observatory, Denver",255.0475,39.675783,1643.012,161.44774749786788,0.0048912076247532655,128.72269749641418,83.11746269464493,-50.86580105125904,
709,"US/New Mexico  W & B Observatory, Cloudcroft",254.22882,32.95569,2478.778,161.4509108684591,0.0051259476981195375,128.72713804244995,83.11671763658524,-50.86582154035568,
710,"US/Colorado    MPO Observatory, Florissant",254.7336,38.880789,2602.563,161.44815581387775,0.0049114799617054755,128.7234127521515,83.11715722084045,-50.86578615009785,
711,"US/Texas       McDonald Observatory, Fort Davis",255.9785,30.671481,2102.8,161.45277404524475,0.005289548833933664,128.72850894927979,83.11833441257477,-50.865624099969864,
712,"US/Colorado    USAF Academy Observatory, Colorado Springs",255.11867,39.007187,2179.112,161.4482550323255,0.004922548923758741,128.72332334518433,83.11752602458,-50.86572468280792,
713,US/Colorado    Thornton,254.9897,39.879687,1656.51,161.44768181253573,0.0048801474913821525,128.7226378917694,83.11742171645164,-50.86581036448479,
714,US/Arizona     Bagdad,246.8173,34.574092,1223.77,161.44642891933276,0.004724314349027902,128.72567772865295,83.11016485095024,-50.86599849164486,
715,"US/New Mexico  Jornada Observatory, Las Cruces",253.2759,32.384721,1338.112,161.4507043699858,0.005104089303695839,128.72755527496338,83.11573415994644,-50.865717232227325,
716,"US/Colorado    Palmer Divide Observatory, Colorado Springs",255.2489,39.084677,2301.855,161.44811530404127,0.004924909859157424,128.72305512428284,83.11764150857925,-50.86577124893665,
717,US/Texas       Prude Ranch,256.0481,30.610986,1538.941,161.45286873513587,0.00529462930937069,128.72862815856934,83.11831206083298,-50.8656594902277,
718,US/Utah        Tooele,247.7042,40.641408,1340.167,161.44398683946778,0.004530229994050676,128.72180342674255,83.11140909790993,-50.8660189807415,
719,US/New Mexico  Etscorn Observatory,253.08608,34.072674,1422.588,161.4498597125991,0.005031540476367479,128.7265419960022,83.11565592885017,-50.86572840809822,
720,Mexico         Universidad de Monterrey,259.6261,25.643182,620.469,161.45657899869195,0.005627995425160623,128.7311613559723,83.12169834971428,-50.86549185216427,
721,US/Nebraska    Lime Creek,259.7312,40.399469,776.214,161.44925460704297,0.005054623773489193,128.7221610546112,83.12135189771652,-50.86558684706688,
722,US/Texas       Missouri City,264.4192,29.604204,1.559,161.45666454563903,0.005692305679821307,128.72838973999023,83.12617614865303,-50.86546018719673,
723,"US/Oklahoma    Cottonwood Observatory, Ada",263.33,34.874996,305.031,161.4536215221727,0.005438125846791418,128.72549891471863,83.12471956014633,-50.865497440099716,
724,"Mexico         National Observatory, Tacubaya",260.8053,19.40499,2282.825,161.4593217416774,0.005872527392726908,128.73369455337524,83.1230878829956,-50.86551606655121,
725,US/Texas       Fair Oaks Ranch,261.3453,29.766354,410.062,161.45542852815674,0.005556919512282047,128.72862815856934,83.1233412027359,-50.86556635797024,
726,US/Minnesota   Brainerd,265.6933,46.44879,210.614,161.44700363425653,0.005003458939176829,128.71676683425903,83.12537521123886,-50.86551792919636,
727,"US/Oklahoma    Zeno Observatory, Edmond",262.53872,35.612756,357.61,161.45296056469275,0.0053750170594738895,128.7251114845276,83.12397077679634,-50.86560361087322,
728,US/Texas       Corpus Christi,262.6084,27.691909,-0.235,161.45670412363185,0.005686416815200557,128.72949242591858,83.1245556473732,-50.86544342339039,
729,"Saskatchewan   Glenlea Astronomical Observatory, Winnipeg",262.87858,49.645227,227.534,161.44409369114192,0.004745848763193407,128.7146508693695,83.12296122312546,-50.86558125913143,
730,"US/North Dako  University of North Dakota, Grand Forks",262.84143,47.91157,268.237,161.44538570804923,0.004828252300485448,128.7161409854889,83.1231027841568,-50.86567997932434,
731,"US/Indiana     Rose-Hulman Observatory, Terre Haute",272.6711,39.481134,160.731,161.45328487365538,0.005591126391769198,128.72058153152466,83.13179761171341,-50.865305587649345,
732,Mexico         Oaxaca,263.23,17.181651,1721.159,161.46103406867346,0.006039542400670894,128.7342607975006,83.12560990452766,-50.86539685726166,
733,"US/Texas       Allen, Texas",263.3546,33.159311,209.096,161.45448149897229,0.005509414540128193,128.72645258903503,83.12492445111275,-50.865478813648224,
734,"US/Kansas      Farpoint Observatory, Eskridge",263.99758,38.890242,376.418,161.45149670962815,0.005292075586365517,128.72269749641418,83.12487602233887,-50.86558684706688,
735,"US/Texas       George Observatory, Needville",264.4064,29.375,17.448,161.45680232926577,0.005700414939827512,128.72850894927979,83.1262432038784,-50.86548626422882,
736,US/Texas       Houston,263.3357,29.618337,84.929,161.45634026536345,0.005646601583745072,128.72865796089172,83.12510699033737,-50.865499302744865,
737,"US/Georgia     New Bullpen Observatory, Alpharetta",275.6633,34.177302,166.237,161.457088200982,0.005940049845626105,128.72305512428284,83.13539624214172,-50.865236669778824,
738,US/Missouri    Observatory of the State University of Missouri,267.6733,38.944581,123.634,161.4524290303017,0.005431770847876974,128.7219226360321,83.1279493868351,-50.86548440158367,
739,"US/Kansas      Sunflower Observatory, Olathe",265.244,38.868756,296.548,161.451794084783,0.005341861704921197,128.7224292755127,83.12591910362244,-50.86550489068031,
740,"US/Texas       SFA Observatory, Nacogdoches",265.3383,31.757304,190.178,161.45590458073863,0.0056467328727461095,128.72713804244995,83.12669768929482,-50.86536332964897,
741,"US/Minnesota   Goodsell Observatory, Northfield",266.8503,44.461527,304.991,161.4486441410173,0.005142078915997631,128.71813774108887,83.1264853477478,-50.86544156074524,
742,"US/Iowa        Drake University, Des Moines",266.31216,41.595519,284.173,161.45044351654298,0.005258138031450048,128.72040271759033,83.12644436955452,-50.86548812687397,
743,"US/Wisconsin   University of Minnesota, Minneapolis",267.76148,44.982902,371.355,161.4486400721948,0.005149916852199171,128.71775031089783,83.12707394361496,-50.86544714868069,
744,"US/Indiana     Doyan Rose Observatory, Indianapolis",273.8378,39.847122,215.578,161.45322205808316,0.005615142254396304,128.71992588043213,83.13263952732086,-50.86538940668106,
745,"US/Missouri    Morrison Obervatory, Glasgow",267.1747,39.229358,249.776,161.4521629648375,0.005399917795061683,128.72183322906494,83.12756195664406,-50.865499302744865,
746,"US/Michigan    Brooks Observatory, Mt. Pleasant",275.2254,43.587536,289.579,161.4511601299325,0.005479212486177063,128.71721386909485,83.13290029764175,-50.865281373262405,
747,US/Louisiana   Highland Road Park Observatory,268.9292,30.346067,15.608,161.45768474934053,0.005846290796317544,128.72713804244995,83.13018828630447,-50.865309312939644,
748,"US/Iowa        Van Allen Observatory, Iowa City",268.468,41.495468,245.634,161.45090824335952,0.005343282222170433,128.71989607810974,83.12815427780151,-50.865450873970985,
749,US/Georgia     Oakwood,276.1642,34.205355,352.676,161.45716219547353,0.005956725120660611,128.72284650802612,83.13584700226784,-50.86526274681091,
750,"US/Wisconsin   Hobbs Observatory, Fall Creek",268.7282,44.815827,282.197,161.4490821755602,0.0051927959953620255,128.717839717865,83.12780782580376,-50.865424796938896,
751,US/Missouri    Lake Saint Louis,269.2439,38.799941,123.86,161.4530123449471,0.005497507494716696,128.72183322906494,83.12930166721344,-50.865352153778076,
752,"US/Georgia     Puckett Observatory, Mountain Town",275.4647,34.73239,492.89,161.4568324951764,0.005908630720711354,128.72284650802612,83.13518390059471,-50.8652999997139,
753,"US/Wisconsin   Washburn Observatory, Madison",270.59069,43.076214,288.139,161.45049565191607,0.00534435584419452,128.71846556663513,83.12958851456642,-50.8654173463583,
754,"US/Wisconsin   Yerkes Observatory, Williams Bay",271.4432,42.570076,335.846,161.45096833458945,0.005399304335019469,128.71861457824707,83.13029631972313,-50.86538381874561,
755,US/Michigan    Optec Observatory,274.6478,42.914973,224.614,161.45139430574795,0.005493413599012947,128.71769070625305,83.13259854912758,-50.86531117558479,
756,"US/Illinois    Dearborn Observatory, Evanston (bef. July 1939)",272.32567,42.057533,126.506,161.45160111713696,0.0054553295372436585,128.71891260147095,83.1310786306858,-50.86535960435867,
757,US/North Caro  High Point,280.005,36.038626,323.042,161.45661566556788,0.006006101491819715,128.72043251991272,83.13862234354019,-50.86510069668293,
758,"US/Florida     BCC Observatory, Cocoa",279.2379,28.385032,6.696,161.46070745334035,0.006308458587748045,128.72490286827087,83.13969522714615,-50.86502246558666,
759,US/Tennessee   Nashville,273.1947,36.052656,351.675,161.45546762962437,0.00576790600683214,128.72251868247986,83.13300088047981,-50.86536519229412,
760,"US/Indiana     Goethe Link Observatory, Brooklyn",273.6048,39.549397,293.825,161.45335571445287,0.00562113047055023,128.72019410133362,83.1325612962246,-50.86526274681091,
761,US/Florida     Zephyrhills,277.6456,28.271214,17.95,161.46053144251462,0.006256334371689264,128.72561812400818,83.13817530870438,-50.865137949585915,
762,"US/Michigan    Four Winds Observatory, Lake Leelanau",274.2008,44.956645,206.023,161.44989909709554,0.0053754537896439575,128.71631979942322,83.13176035881042,-50.865404307842255,
763,Canada/Ontari  King City,280.4658,43.914771,308.935,161.45141113761005,0.005632284783965744,128.7151575088501,83.13655108213425,-50.86531490087509,
764,"US/Georgia     Puckett Observatory, Stone Mountain",275.1439,33.72231,326.617,161.45727075035208,0.005941358548189628,128.72350215911865,83.13504606485367,-50.865257158875465,
765,US/Ohio        Cincinnati,275.5775,39.138735,277.252,161.45397865657867,0.005709647624539607,128.71986627578735,83.1342376768589,-50.865329802036285,
766,"US/Michigan    Michigan State University Obs., East Lansing",275.5167,42.706569,252.146,161.45170620291677,0.00553322796196269,128.71766090393066,83.13329145312309,-50.86524412035942,
767,US/Michigan    Ann Arbor,276.2697,42.280295,293.633,161.45203891266655,0.005579829963301187,128.71763110160828,83.13397690653801,-50.865255296230316,
768,"US/Illinois    Dearborn Observatory, Evanston (aft. Oct. 1939)",272.32488,42.059283,130.066,161.4515769695883,0.005455219276078308,128.71891260147095,83.13104882836342,-50.865331664681435,
769,"US/Ohio        McMillin Observatory, Columbus",276.9892,39.997598,225.137,161.45370830569016,0.005716540762307432,128.71897220611572,83.13512429594994,-50.865285098552704,
770,"US/Indiana     Crescent Moon Observatory, Columbus",274.0786,39.225235,205.395,161.45374124207194,0.0056531789465941885,128.7202537059784,83.13315734267235,-50.86536146700382,
771,"Cuba           Boyeros Observatory, Havana",277.57,23.013306,7724.352,161.462958089386,0.006449393210297538,128.7280023097992,83.13922956585884,-50.86508393287659,
772,"Canada/Ontari  Boltwood Observatory, Stittsville",284.0865,45.254105,131.522,161.45050998877556,0.005670951779503994,128.71283292770386,83.13845470547676,-50.86522549390793,
773,"US/Ohio        Warner and Swasey Observatory, Cleveland",278.4318,41.536957,236.198,161.45281056761962,0.005688597281576467,128.7173628807068,83.13588052988052,-50.86527206003666,
774,"US/Ohio        Warner and Swasey Nassau Station, Chardon",278.925,41.591562,414.251,161.45293772566365,0.005702033908809197,128.71727347373962,83.13625678420067,-50.86528696119785,
775,"US/Pennsylvan  Sayre Observatory, South Bethlehem",284.6168,40.606343,100.299,161.45401744006776,0.005930606776570811,128.7159025669098,83.14061164855957,-50.865065306425095,
776,"US/New York    Foggy Bottom, Hamilton",284.4669,42.816318,407.428,161.4524777971766,0.00581199751330984,128.71450185775757,83.13972875475883,-50.86516588926315,
777,Canada/Ontari  Toronto,280.6017,43.666676,123.956,161.45175996811466,0.005649379701145196,128.71545553207397,83.13680812716484,-50.86524784564972,
778,"US/Pennsylvan  Allegheny Observatory, Pittsburgh",279.9778,40.482685,356.041,161.45366395056143,0.0057915907727578535,128.7176012992859,83.13722908496857,-50.86517333984375,
779,"Canada/Ontari  David Dunlap Observatory, Richmond Hill",280.5779,43.862795,240.522,161.45138018711282,0.0056384733755405776,128.71506810188293,83.13664421439171,-50.86529068648815,
780,"US/Virginia    Leander McCormick Observatory, Charlottesville",281.4778,38.033616,225.691,161.455472382919,0.005960036789860985,128.71867418289185,83.13912898302078,-50.86509324610233,
781,Ecuador        Quito,281.5075,-0.233505,2922.799,161.4684192358523,0.007077016818371843,128.73142957687378,83.14462006092072,-50.86493492126465,
782,"Ecuador        Quito, comet astrograph station",281.65,0.0,-6378.137,161.46838852539548,0.007074568351389956,128.73122096061707,83.1448845565319,-50.8649330586195,
783,US/Virginia    Rixeyville,282.02,38.650286,8213.159,161.45515209495622,0.0059510205694227325,128.71810793876648,83.13937112689018,-50.865113735198975,
784,"US/New York    Stull Observatory, Alfred University",282.2146,42.250749,585.848,161.45263743551624,0.005773019692444483,128.7156045436859,83.13830196857452,-50.86521431803703,
785,"US/New Jersey  Fitz-Randolph Observatory, Princeton",285.3542,40.345554,39.128,161.4540821168025,0.005966088418064887,128.71557474136353,83.14121514558792,-50.865113735198975,
786,"US/Dist. of C  U.S. Naval Obs., Washington (since 1893)",282.9345,38.920446,90.959,161.45505547707936,0.005963132031498052,128.7175714969635,83.14003795385361,-50.86507461965084,
787,"US/Dist. of C  U.S. Naval Obs., Washington (before 1893)",282.9494,38.894247,38.55,161.45509426229933,0.005964867203213955,128.71763110160828,83.14001187682152,-50.865089520812035,
788,"US/Delaware    Mount Cuba Observatory, Wilmington",284.3667,39.784239,124.516,161.45449035311472,0.005964580996416757,128.7163496017456,83.1407718360424,-50.86517333984375,
789,"US/New York    Litchfield Observatory, Clinton",284.594,43.054734,310.081,161.45234790143743,0.00580321563818475,128.71432304382324,83.13979208469391,-50.86510255932808,
790,"Canada/Ontari  Dominion Observatory, Ottawa",284.2835,45.394109,84.24,161.45058423711328,0.005669140676978616,128.71283292770386,83.13865587115288,-50.86513236165047,
791,"US/Pennsylvan  Flower and Cook Observatory, Philadelphia",284.5236,39.999146,119.552,161.45429017891271,0.005958556548063662,128.71617078781128,83.14068615436554,-50.86513049900532,
792,"US/Rhode Isla  University of Rhode Island, Quonochontaug",288.29905,41.35332,-24.079,161.4534449951937,0.006000163927560933,128.7136971950531,83.14287662506104,-50.86512677371502,
793,"US/New York    Dudley Observatory, Albany (before 1893)",286.2515,42.663049,131.645,161.45257178085689,0.0058725049272015176,128.71387600898743,83.14088359475136,-50.865160301327705,
794,"US/New York    Vassar College Observatory, Poughkeepsie",286.11,41.688179,55.257,161.45326333635825,0.005919432665154508,128.71456146240234,83.14117789268494,-50.865139812231064,
795,US/New York    Rutherford,286.03861,40.809795,10.268,161.45382785180192,0.00596273556443579,128.7151277065277,83.14146474003792,-50.86502991616726,
796,US/Connecticu  Stamford,286.45,41.090425,1985.622,161.45358542191508,0.005961251102796376,128.7146508693695,83.14169570803642,-50.865089520812035,
797,"US/Connecticu  Yale Observatory, New Haven",287.0751,41.316332,49.247,161.45349203056557,0.005966953971748146,128.71432304382324,83.14203098416328,-50.86507461965084,
798,"US/Connecticu  Yale Observatory, Bethany",287.0154,41.426698,220.953,161.45349146704854,0.005959548037793061,128.71432304382324,83.14199000597,-50.865139812231064,
799,US/Massachuse  Winchester,288.865,42.453331,41.707,161.4528555965524,0.005958110945959397,128.7129819393158,83.14283937215805,-50.86512677371502,
800,"Peru           Harvard Observatory, Arequipa",288.4511,-16.374554,2429.04,161.46670626393487,0.007268816078688125,128.72615456581116,83.14955607056618,-50.86477845907211,
801,US/Massachuse  Oak Ridge Observatory,288.44233,42.505363,180.012,161.45262166164588,0.005943545503251737,128.71289253234863,83.14255997538567,-50.865067169070244,
802,"US/Massachuse  Harvard Observatory, Cambridge",288.87164,42.381468,22.543,161.45269718560894,0.005962109598033764,128.71286273002625,83.14274251461029,-50.86508393287659,
803,US/Massachuse  Taunton,288.9167,41.90006,47.059,161.4531501182861,0.005988901927331727,128.7132203578949,83.14312994480133,-50.86498335003853,
804,Chile          Santiago-San Bernardo,289.3121,-33.562676,571.287,161.45973033767436,0.006892449390051355,128.71980667114258,83.14576745033264,-50.864892080426216,
805,Chile          Santiago-Cerro El Roble,288.98,-32.981524,2209.162,161.46006958515892,0.006902417489957784,128.72019410133362,83.14581960439682,-50.86490325629711,
806,Chile          Santiago-Cerro Calan,289.4513,-33.396831,868.783,161.45969789793065,0.006902291763197546,128.71962785720825,83.14594253897667,-50.86495541036129,
807,"Chile          Cerro Tololo Observatory, La Serena",289.1941,-30.169135,2379.62,161.4614987045013,0.006996192791173265,128.72132658958435,83.14685523509979,-50.86488090455532,
808,Argentina      El Leoncito,290.6708,-31.802005,2361.167,161.46052839180447,0.006990986590871863,128.71980667114258,83.1473171710968,-50.864892080426216,
809,"Chile          European Southern Observatory, La Silla",289.26626,-29.258822,2345.44,161.46188807463986,0.007024761971203245,128.72162461280823,83.14712718129158,-50.864918157458305,
810,"US/Massachuse  Wallace Observatory, Westford",288.5154,42.610216,103.047,161.4527258836729,0.005939983561846453,128.71301174163818,83.14254134893417,-50.86512677371502,
811,"US/Massachuse  Maria Mitchell Observatory, Nantucket",289.89565,41.280622,12.056,161.4533346321704,0.006048861104163577,128.71289253234863,83.14401283860207,-50.86495541036129,
812,Chile          Vina del Mar,288.4543,-32.958004,136.714,161.46003214981712,0.006885956307897442,128.7204921245575,83.14529806375504,-50.86488276720047,
813,Chile          Santiago-Quinta Normal (1862-1920),289.3083,-33.445138,507.509,161.45994010372152,0.006896187398420617,128.7199854850769,83.145871758461,-50.86493492126465,
814,US/Rhode Isla  North Scituate,288.41917,41.851177,122.11,161.4531661869493,0.005977498867188836,128.7134289741516,83.14278349280357,-50.86507275700569,
815,Chile          Santiago-Santa Lucia (1849-1861),289.3479,-33.440358,615.937,161.4597559762498,0.006897598345262386,128.71980667114258,83.14580470323563,-50.86491256952286,
816,US/New York    Rand Observatory,285.7583,44.338978,537.756,161.45133827136516,0.0057690719877312455,128.71289253234863,83.13997089862823,-50.86522549390793,
817,US/Massachuse  Sudbury,288.6104,42.349703,67.51,161.4528120086409,0.005956492468795111,128.71301174163818,83.14269036054611,-50.86515657603741,
818,"Canada/Quebec  Gemeaux Observatory, Laval",286.4167,45.350672,368.57,161.45072614382732,0.005732999872085599,128.71205806732178,83.14007520675659,-50.86522363126278,
819,Canada/Quebec  Val-des-Bois,284.385,45.894857,169.075,161.4502216836307,0.0056449785907474875,128.71241569519043,83.13855901360512,-50.86519569158554,
820,Bolivia        Tarija,295.37581,-21.596256,1842.178,161.46454921333236,0.007392174397150194,128.72058153152466,83.15403014421463,-50.86472071707249,
821,Argentina      Cordoba-Bosque Alegre,295.45041,-31.598329,1213.158,161.46021922156382,0.007132518265942767,128.71712446212769,83.15090090036392,-50.86483992636204,
822,Argentina      Cordoba,295.80137,-31.420047,427.684,161.4602908513516,0.007147224002758766,128.71700525283813,83.15128833055496,-50.86473561823368,
823,US/Massachuse  Fitchburg,288.1691,42.609895,330.232,161.45255649127753,0.005930350099184796,128.7129521369934,83.14231038093567,-50.86511746048927,
824,US/New York    Lake Clear,285.7528,44.342225,533.603,161.45134884925176,0.00576873218533106,128.71292233467102,83.13997834920883,-50.8651714771986,
825,US/Massachuse  Granville,288.2595,42.33796,173.173,161.45277321393715,0.005947276876711176,128.71310114860535,83.14253017306328,-50.86506903171539,
826,Canada/Quebec  Plessissville,288.2282,46.219516,113.286,161.45000980955086,0.005735403199492796,128.71071696281433,83.14085379242897,-50.86507089436054,
827,Canada/Quebec  Saint-Felicien,287.5393,48.651315,101.164,161.44801280785768,0.005579907447795631,128.7091076374054,83.13938975334167,-50.86519755423069,
828,US/Massachuse  Assonet,288.9758,41.802871,53.671,161.45319853021977,0.005995698334125111,128.7132203578949,83.14317837357521,-50.8650578558445,
829,Argentina      Complejo Astronomico El Leoncito,290.6979,-31.799327,2477.163,161.46061612934125,0.006991940523031489,128.71986627578735,83.14742147922516,-50.864849239587784,
830,US/New Hampsh  Hudson,288.5697,42.79669,39.613,161.45232339859817,0.005931531736788666,128.71262431144714,83.14243704080582,-50.86500011384487,
831,"US/Florida     Rosemary Hill Observatory, University of Florida",277.4134,29.401652,48.904,161.45983535440615,0.0062033237301121836,128.72499227523804,83.13784375786781,-50.8650541305542,
832,US/Pennsylvan  Etters,283.185,40.164833,347.142,161.45418424300956,0.005909149419911053,128.71667742729187,83.13969150185585,-50.865137949585915,
833,"Argentina      Obs. Astronomico de Mercedes, Buenos Aires",301.4633,-34.629923,-4.536,161.45764677655976,0.007180510658098256,128.71220707893372,83.1536054611206,-50.86469650268555,
834,Argentina      Buenos Aires-AAAA,301.5654,-34.605196,39.518,161.45766635511313,0.007183820162595067,128.71217727661133,83.15367251634598,-50.864724442362785,
835,"US/Massachuse  Drum Hill Station, Chelmsford",288.6428,42.612227,48.587,161.45265286159363,0.005943430060717744,128.7129521369934,83.14254879951477,-50.86503364145756,
836,"US/Rhode Isla  Furnace Brook Observatory, Cranston",288.5011,41.758139,62.114,161.45319875698075,0.005984688538283137,128.71351838111877,83.14274251461029,-50.865016877651215,
837,US/Florida     Jupiter,279.7553,26.915986,-25.095,161.46165787739398,0.006383515831224355,128.72552871704102,83.14050361514091,-50.865134224295616,
838,US/Ohio        Dayton,275.8628,39.743125,225.85,161.45369861224538,0.00569049529411808,128.7194788455963,83.13436433672905,-50.86521431803703,
839,Argentina      La Plata,302.0678,-34.908385,11.159,161.45726086081197,0.007184435189982351,128.7115514278412,83.1538550555706,-50.864722579717636,
840,US/Michigan    Flint,276.2833,43.014499,237.84,161.45149293361823,0.005543431769064545,128.71712446212769,83.13371241092682,-50.865236669778824,
841,"US/Virginia    Martin Observatory, Blacksburg",279.44233,37.33281,978.894,161.45571163182868,0.005927049852879691,128.71989607810974,83.13768357038498,-50.86512304842472,
842,US/Pennsylvan  Gettysburg College Observatory,282.7678,39.831163,149.209,161.45440144178576,0.005912775063424915,128.7170648574829,83.13954994082451,-50.86507834494114,
843,"US/Alabama     Emerald Lane Observatory, Decatur",273.0648,34.523202,201.494,161.45642905487443,0.005830754467218274,128.72368097305298,83.13310146331787,-50.86531117558479,
844,Uruguay        Observatorio Astronomico Los Molinos,303.80982,-34.755486,88.859,161.45711116960848,0.007229442596371278,128.71068716049194,83.15490558743477,-50.86471699178219,
845,"US/New York    Ford Observatory, Ithaca",283.5058,42.417288,356.484,161.4526837517622,0.0058038866284726,128.7151575088501,83.13913643360138,-50.86512863636017,
846,"US/Missouri    Principia Astronomical Observatory, Elsah",269.65501,38.850025,193.679,161.45301535428248,0.0055105579108495825,128.721684217453,83.12951773405075,-50.86538568139076,
847,"US/Michigan    Lunar Cafe Observator, Flint",275.975,45.042271,251.034,161.45017830452096,0.005429956036171986,128.71578335762024,83.13316851854324,-50.86534656584263,
848,"US/Oregon      Tenagra Observatory, Cottage Grove",237.0219,43.702424,213.198,161.436877751761,0.003920832613289589,128.71786952018738,83.10358971357346,-50.86618661880493,
849,"US/Kansas      Everstar Observatory, Olathe",265.1694,38.903927,331.908,161.45170045992208,0.005337393467616854,128.7223994731903,83.12580734491348,-50.86546577513218,
850,"US/Tennessee   Cordell-Lorenz Observatory, Sewanee",274.0802,35.204093,669.731,161.456195951973,0.005838042524192165,128.7228763103485,83.13394710421562,-50.86522549390793,
851,"Canada/Nova S  Burke-Gaffney Observatory, Halifax",296.41962,44.630588,2.798,161.45077507300778,0.006034994027104257,128.70803475379944,83.14655348658562,-50.864970311522484,
852,"US/Missouri    River Moss Observatory, St. Peters",269.405,38.789352,160.938,161.4532664544001,0.005504018971765746,128.72204184532166,83.12942087650299,-50.86543597280979,
853,US/Arizona     Biosphere 2 Observatory,249.15327,32.581188,1170.883,161.44850680901473,0.0049070907606144545,128.72707843780518,83.11207965016365,-50.86592026054859,
854,"US/Arizona     Sabino Canyon Observatory, Tucson",249.17995,32.299852,835.864,161.44872779993625,0.004918445149302937,128.72737646102905,83.11206102371216,-50.8658979088068,
855,"US/Minnesota   Wayside Observatory, Minnetonka",266.5383,44.920528,255.426,161.4483696871341,0.0051084691188397965,128.71798872947693,83.12613517045975,-50.86551979184151,
856,US/California  Riverside,242.554,33.995489,380.53,161.4442612705132,0.00454119720239596,128.72537970542908,83.1063836812973,-50.86605064570904,
857,"US/Arizona     Iowa Robotic Observatory, Sonoita",249.3992,31.664517,1554.678,161.44916332649663,0.0049519502934108625,128.72779369354248,83.11227336525917,-50.86587741971016,
858,"US/New Mexico  Tebbutt Observatory, Edgewood",253.78,35.093872,2198.557,161.4496348433503,0.005023136253140797,128.72588634490967,83.11624825000763,-50.86570605635643,
859,Brazil         Wykrota Observatory-CEAMIG,316.3097,-19.823982,1482.985,161.45879585736648,0.007895011467028977,128.70457768440247,83.16780626773834,-50.864432007074356,
860,Brazil         Valinhos,313.0347,-23.003277,877.334,161.45923007159817,0.0077707305264163445,128.70687246322632,83.16504210233688,-50.86452327668667,
861,Brazil         Barao Geraldo,312.9204,-22.78246,589.08,161.45930855757882,0.00777358009016964,128.70699167251587,83.16505327820778,-50.864452496171,
862,Japan          Saku,138.5262,36.140884,780.881,161.36948943471478,0.0016911347657424624,128.6531388759613,83.07208493351936,-50.867579877376556,
863,Japan          Furukawa,137.18,36.261419,-2156.277,161.36910084592705,0.0017653946289897264,128.65221500396729,83.07280763983727,-50.86750350892544,
864,Japan          Kumamoto,130.7533,32.675794,65.274,161.36486278569427,0.0022028018015400955,128.64625453948975,83.07377621531487,-50.86755193769932,
865,"US/New York    Emmy Observatory, New Paltz",285.8792,41.709352,100.308,161.4531272791049,0.005911563116697008,128.71450185775757,83.14105495810509,-50.86505971848965,
866,"US/Maryland    U.S. Naval Academy, Michelson",283.51,38.981367,145.244,161.45502430083064,0.005978154599003199,128.7173628807068,83.1402912735939,-50.865089520812035,
867,Japan          Saji Observatory,134.1222,35.338934,392.622,161.3673100033004,0.0019582765685657914,128.64950299263,83.07352662086487,-50.867507234215736,
868,Japan          Hidaka Observatory,135.1359,33.922783,24.236,161.36707489443904,0.0019256408065279327,128.64992022514343,83.07239413261414,-50.867555662989616,
869,Japan          Tosa,133.4298,33.493125,-26.023,161.36617195044013,0.0020322394694816406,128.64843010902405,83.0729603767395,-50.867535173892975,
870,Brazil         Campinas,313.17411,-22.900508,1030.194,161.45922580288158,0.00777572480219583,128.70684266090393,83.16512778401375,-50.8644450455904,
871,Japan          Akou,134.3925,34.748574,30.413,161.3671680938336,0.0019534417785289867,128.64956259727478,83.07309821248055,-50.867605954408646,
872,Japan          Tokushima,134.2411,34.090233,91.441,161.3667097018779,0.001974305607095043,128.64911556243896,83.07287842035294,-50.86764134466648,
873,Japan          Kurashiki Observatory,133.7717,34.59276,17.631,161.36684252565044,0.001992120615773066,128.64896655082703,83.07340368628502,-50.867581740021706,
874,"Brazil         Observatorio do Pico dos Dias, Itajuba",314.41735,-22.535487,1810.714,161.45868751523201,0.007806492098098763,128.7057101726532,83.16584676504135,-50.86442641913891,
875,Japan          Yorii,139.2353,36.098847,140.295,161.36995019945692,0.0016511277554744517,128.65376472473145,83.07201415300369,-50.86757428944111,
876,Japan          Honjo,139.2467,36.228291,52.516,161.3699354826642,0.001648212127147311,128.65376472473145,83.0719992518425,-50.86755193769932,
877,Japan          Okutama,139.0828,35.81356,657.927,161.36969749915232,0.0016649390193644714,128.65355610847473,83.07187259197235,-50.867531448602676,
878,Japan          Kagiya,136.9142,34.987323,61.886,161.36812485357248,0.001803831341448477,128.6514401435852,83.07209238409996,-50.867535173892975,
879,Japan          Tokai,137.3535,35.041153,429.964,161.3685385957215,0.0017777023500069342,128.6519467830658,83.07214453816414,-50.86748115718365,
880,Brazil         Rio de Janeiro,316.7771,-22.895183,33.313,161.4576511555836,0.007835967314653521,128.7037432193756,83.16689357161522,-50.86440220475197,
881,Japan          Toyota,137.2571,35.135162,118.278,161.3685328363689,0.001781479292576865,128.65185737609863,83.0722227692604,-50.867561250925064,
882,Japan          JCPM Oi Station,137.3558,35.169063,426.624,161.3686559030218,0.0017752830155775294,128.65200638771057,83.0722264945507,-50.86756870150566,
883,Japan          Shizuoka,138.4215,35.019868,20.814,161.36883612733092,0.0017166110742883596,128.6526620388031,83.07157829403877,-50.86754076182842,
884,Japan          Kawane,138.0792,35.140525,381.052,161.3689259045916,0.0017342299106787359,128.65257263183594,83.07182043790817,-50.867656245827675,
885,Japan          JCPM Yakiimo Station,138.4667,34.956708,21.27,161.36888549302955,0.00171512762489079,128.65275144577026,83.0715037882328,-50.8675929158926,
886,Japan          Mishima,138.9367,35.17058,77.058,161.36925720723272,0.001684407660828757,128.65325808525085,83.07142183184624,-50.86762458086014,
887,Japan          Ojima,139.3367,36.245194,82.816,161.36990663250648,0.0016427785938744831,128.65373492240906,83.07201787829399,-50.86750537157059,
888,Japan          Gekko,138.9952,35.124749,319.279,161.36916255504346,0.0016819264679510673,128.6531388759613,83.07145908474922,-50.86756497621536,
889,Japan          Karasuyama,140.1427,36.655017,132.307,161.37053645760633,0.0015898051236437533,128.65453958511353,83.07197690010071,-50.867535173892975,
890,Japan          JCPM Tone Station,140.25,35.919028,146.715,161.37024104181734,0.0015962568560192404,128.65447998046875,83.07147026062012,-50.86757615208626,
891,Japan          JCPM Kimachi Station,140.8633,38.275274,48.855,161.3716692629353,0.001522128328827289,128.6555528640747,83.07265490293503,-50.867458805441856,
892,Japan          YGCO Hoshikawa and Nagano Stations,139.4753,36.140222,16.379,161.36998145492075,0.0016366581063439406,128.65397334098816,83.07177573442459,-50.867535173892975,
893,Japan          Sendai Municipal Observatory,140.86222,38.259193,46.144,161.37159180581668,0.0015224376954470198,128.65552306175232,83.07255059480667,-50.867458805441856,
894,Japan          Kiyosato,138.4476,35.899059,1140.735,161.36938174780735,0.0016999298327675365,128.65298986434937,83.07212591171265,-50.86754821240902,
895,Japan          Hatamae,140.7203,38.309121,333.545,161.37144653337023,0.0015297509889583964,128.65525484085083,83.07267352938652,-50.8674755692482,
896,Japan          Yatsugatake South Base Observatory,138.3678,35.879154,1038.212,161.3693800665118,0.0017048310836420188,128.65298986434937,83.07209983468056,-50.867585465312004,
897,Japan          YGCO Chiyoda Station,139.4929,36.193681,7.383,161.36989134744306,0.0016347311458397165,128.653883934021,83.0717608332634,-50.86749978363514,
898,Japan          Fujieda,138.1883,34.901794,278.753,161.3687388147375,0.0017321688878478084,128.65251302719116,83.07160064578056,-50.86757242679596,
899,Japan          Toma,142.55,43.840783,-251.76999999999998,161.37525463004718,0.001355363227298102,128.65805625915527,83.07579159736633,-50.86737871170044,
900,Japan          Moriyama,135.98994,35.049756,102.19,161.36789802657213,0.001855916412954605,128.65087389945984,83.07256177067757,-50.86748115718365,
901,Japan          Tajimi,137.0877,35.342668,139.106,161.3684604134694,0.001787518008535428,128.6517083644867,83.07233452796936,-50.86752586066723,
902,Japan          Ootake,132.2208,34.22133,15.051,161.36598077598202,0.0020885932123431124,128.64765524864197,83.07382091879845,-50.867483019828796,
903,Japan          Fukuchiyama and Kannabe,135.17424,35.270953,84.418,161.36772009295146,0.0018988803183488839,128.65030765533447,83.07303488254547,-50.86757615208626,
904,Japan          Go-Chome and Kobe-Suma,135.12,34.617319,1122.666,161.36731619360611,0.0019141788864458522,128.65003943443298,83.07270333170891,-50.86751468479633,
905,Japan          Nachi-Katsuura Observatory,135.9246,33.610193,13.37,161.36714014694937,0.0018857535361298408,128.65042686462402,83.0717533826828,-50.86752772331238,
906,Australia/VIC  Cobram,145.667,-35.916135,3851.883,161.37421910390526,0.0011689106763903938,128.66103649139404,83.06899666786194,-50.867652520537376,
907,Australia/VIC  Melbourne,144.9758,-37.831574,52.102,161.37486995535613,0.0012116466916992396,128.66100668907166,83.07038247585297,-50.86752958595753,
908,Japan          Toyama,137.2467,36.625358,68.965,161.3693300543602,0.0017557792667869142,128.65233421325684,83.07303860783577,-50.86755193769932,
909,US/Washington  Snohomish Hilltop Observatory,237.8717,47.944427,89.316,161.43505634321804,0.0038031530123653207,128.71459126472473,83.1051655113697,-50.866127014160156,
910,France         Caussols-ODAS,6.9267,43.748916,1271.172,161.41696461593563,0.006567839659884486,128.65784764289856,83.15862715244293,-50.864893943071365,
911,"US/New York    Collins Observatory, Corning Community College",282.9233,42.118459,179.656,161.45293330362577,0.005801515703736553,128.7156045436859,83.13892781734467,-50.86513049900532,
912,"US/Rhode Isla  Carbuncle Hill Observatory, Greene",288.2342,41.706538,163.463,161.45313439586258,0.005979884259333526,128.7134885787964,83.14265683293343,-50.86502805352211,
913,"Uruguay        Observatorio Kappa Crucis, Montevideo",303.8161,-34.912529,20.955,161.456969182991,0.007223766149568873,128.71050834655762,83.15484970808029,-50.86481012403965,
914,"US/Massachuse  Underwood Observatory, Hubbardston",288.0108,42.531103,430.764,161.45260458955315,0.005930098414129233,128.71304154396057,83.14226195216179,-50.86512304842472,
915,"US/Texas       River Oaks Observatory, New Braunfels",261.8789,29.790119,300.84,161.45572000242308,0.005578728130077535,128.7287175655365,83.1238441169262,-50.86544342339039,
916,"US/Indiana     Oakley Observatory, Terre Haute",272.6836,39.484004,175.268,161.45332781532287,0.0055914442415738955,128.72061133384705,83.1318348646164,-50.865305587649345,
917,US/Washington  Pacific Lutheran University Keck Observatory,237.5522,47.143704,106.47,161.43524232925557,0.003818336516502572,128.71506810188293,83.10476318001747,-50.86616799235344,
918,"US/South Dako  Badlands Observatory, Quinn",257.8694,43.990766,831.186,161.4463609002655,0.004819501534306975,128.71959805488586,83.11964571475983,-50.86567625403404,
919,US/Arizona     Desert Beaver Observatory,248.3183,32.749846,261.339,161.44817856703094,0.004861468833868084,128.72710824012756,83.11138674616814,-50.865935161709785,
920,"US/New York    RIT Observatory, Rochester",282.3353,43.075804,140.755,161.4520321676422,0.005733836513123853,128.71497869491577,83.1381194293499,-50.8651752024889,
921,"US/New Mexico  SW Institute for Space Research, Cloudcroft",254.4725,32.991092,2213.814,161.45097601827297,0.005135385397524177,128.72716784477234,83.11687782406807,-50.865691155195236,
922,"US/Alabama     Timberland Observatory, Decatur",272.8333,34.671195,213.765,161.45631222661132,0.005815780048446251,128.7236511707306,83.13298225402832,-50.865210592746735,
923,"US/Pennsylvan  The Bradstreet Observatory, St. Davids",284.63,40.050923,117.074,161.45437573023264,0.005959179731746377,128.71620059013367,83.14084261655807,-50.86507089436054,
924,Canada/Quebec  Observatoire du Cegep de Trois-Rivieres,287.6769,46.475621,16.057,161.44979345268473,0.005706017934115128,128.71065735816956,83.14047008752823,-50.865162163972855,
925,US/Arizona     Palominas Observatory,249.8589,31.400591,1329.723,161.44946062395533,0.004982861273356462,128.7280023097992,83.11256766319275,-50.865812227129936,
926,"US/Arizona     Tenagra II Observatory, Nogales",249.1209,31.462043,1308.766,161.44900727271434,0.004946044635238319,128.72788310050964,83.11187848448753,-50.86580105125904,
927,US/Wisconsin   Madison-YRS,270.56194,42.7908,276.949,161.4508244895718,0.005357219220700173,128.71882319450378,83.1296369433403,-50.865476951003075,
928,"US/New York    Moonedge Observatory, Northport",286.6761,40.905185,-10.854,161.45374276687897,0.00597658678952252,128.7146806716919,83.14196765422821,-50.86506903171539,
929,US/Louisiana   Port Allen,268.7758,30.407442,11.532,161.4576206391003,0.005837820292280796,128.72713804244995,83.13008770346642,-50.86527019739151,
930,"Tahiti         S. S. Observatory, Pamatai",210.41224,-17.551379,98.541,161.4234298097448,0.003354063710834616,128.71891260147095,83.07533338665962,-50.867024809122086,
931,Tahiti         Puna'auia,210.3842,-17.634072,-23.897,161.4235233395494,0.0033514731411702484,128.7190318107605,83.07536691427231,-50.86696520447731,
932,"US/Connecticu  John J. McCarthy Obs., New Milford",286.57401,41.525747,45.086,161.45344219071262,0.005941472273926996,128.71447205543518,83.14166590571404,-50.865136086940765,
933,"US/Arizona     Rockland Observatory, Sierra Vista",249.7342,31.476137,1442.88,161.44944809009732,0.004974363812578835,128.7280023097992,83.11249315738678,-50.8658941835165,
934,US/California  Poway Valley,242.9572,32.967432,282.66,161.44497560460235,0.004597104357203579,128.72618436813354,83.10648053884506,-50.86612328886986,
935,"US/Virginia    Wyrick Observatory, Haymarket",282.3394,38.85593,132.138,161.45505368728874,0.005947537197355938,128.71789932250977,83.13946425914764,-50.86517706513405,
936,"US/Kansas      Ibis Observatory, Manhattan",263.3792,39.188979,296.443,161.45102932791218,0.005254340009692526,128.72245907783508,83.1243135035038,-50.86562596261501,
937,"UK/England     Bradbury Observatory, Stockton-on-Tees",358.69,54.594859,33.548,161.42023203369058,0.005940168768972767,128.66610288619995,83.15212279558182,-50.865015015006065,
938,Portugal       Linhaceira,351.6162,39.522688,79.114,161.4290647201672,0.006923289688685853,128.66929173469543,83.16447585821152,-50.86478404700756,
939,Spain          Observatorio Rodeno,359.6033,39.759895,281.258,161.4232537190708,0.006865802240931143,128.6628544330597,83.16316828131676,-50.86476355791092,
940,UK/England     Waterlooville,358.9611,50.897187,9.138,161.42103290695965,0.006188097892770711,128.66514921188354,83.15514400601387,-50.86502991616726,
941,Spain          Observatorio Pla D'Arguines,359.6139,39.752833,126.77,161.4231432554537,0.006866036294558998,128.66273522377014,83.16310867667198,-50.8648119866848,
942,UK/England     Grantham,359.3636,52.926889,81.77,161.42035946816853,0.00604988755853868,128.66541743278503,83.15340802073479,-50.86505226790905,
943,UK/England     Peverell,355.8664,50.391587,24.761,161.42304904666992,0.006238989673693122,128.66714596748352,83.15601944923401,-50.864946097135544,
944,"Spain          Observatorio Geminis, Dos Hermanas",354.08315,37.281246,49.918,161.42794052481304,0.007036504914576946,128.6671757698059,83.16562324762344,-50.86469277739525,
945,Spain          Observatorio Monte Deva,354.3986,43.488901,433.897,161.42598998417392,0.006681437387737681,128.6674439907074,83.16135033965111,-50.86481012403965,
946,Spain          Ametlla de Mar,0.7931,40.929721,156.381,161.42215059843326,0.006790173544243327,128.66216897964478,83.16206932067871,-50.86479336023331,
947,France         Saint-Sulpice,2.1244,49.35178,80.058,161.41932734193904,0.006266292025792729,128.6626160144806,83.1558108329773,-50.86493492126465,
948,UK/England     Pymoor,0.2189,52.468571,-30.858,161.41990438907297,0.006075092919661129,128.6647617816925,83.15356075763702,-50.865016877651215,
949,France         Durtal,359.8169,47.677637,32.582,161.42124372936928,0.006390758786955099,128.66398692131042,83.15739035606384,-50.864966586232185,
950,Canary Island  La Palma,342.1176,28.760222,2320.79,161.4393161895156,0.007480104488154388,128.67790460586548,83.17126333713531,-50.864433869719505,
951,UK/England     Highworth,358.2983,51.636471,103.059,161.42119516202598,0.006143145947958615,128.66565585136414,83.15465226769447,-50.865067169070244,
952,Spain          Marxuquera,359.7583,38.95266,28.545,161.42338447064859,0.006909361427253954,128.66267561912537,83.16370099782944,-50.86475983262062,
953,Spain          Montjoia,2.1339,41.859061,1018.006,161.42099842503217,0.0067258178367117505,128.66124510765076,83.16119387745857,-50.86490511894226,
954,Canary Island  Teide Observatory,343.4906,28.298383,2362.774,161.4382565350853,0.007502221947106374,128.6764144897461,83.17148685455322,-50.86447484791279,
955,Portugal       Sassoeiros,350.6739,38.700163,66.57,161.42989413266505,0.006972270560848186,128.67000699043274,83.16509425640106,-50.86459591984749,
956,Spain          Observatorio Pozuelo,356.1908,40.440581,727.178,161.4256550024553,0.006850509630536519,128.6657452583313,83.16335454583168,-50.86476728320122,
957,France         Merignac,359.3506,44.823124,9.039,161.42233001895218,0.006571394220800146,128.66389751434326,83.15964415669441,-50.86495541036129,
958,France         Observatoire de Dax,358.96947,43.693384,82.648,161.4228755912664,0.006642325446734038,128.6640167236328,83.16056430339813,-50.86488090455532,
959,France         Ramonville Saint Agne,1.4653,43.549352,215.147,161.42103905770446,0.0066319165099661135,128.66199016571045,83.160150796175,-50.86485482752323,
960,UK/England     Rolvenden,0.6108,51.032485,40.027,161.41994780390775,0.006168034976519164,128.6640465259552,83.15471187233925,-50.86508207023144,
961,"UK/Scotland    City Observatory, Calton Hill, Edinburgh",356.8206,55.956698,109.992,161.42077899460284,0.005855740929966668,128.66738438606262,83.15117657184601,-50.86505599319935,
962,Spain          Gandia,359.8188,38.975541,32.074,161.42312139909484,0.006907630912543362,128.66249680519104,83.16348865628242,-50.864724442362785,
963,UK/England     Werrington,359.7333,52.616547,-352.798,161.42014512434042,0.006068264931899234,128.66508960723877,83.15350487828255,-50.865042954683304,
964,UK/England     Southend Bradfield,358.8433,51.433687,106.005,161.42112954139282,0.006153314633366462,128.66553664207458,83.15476402640343,-50.86497776210308,
965,"Portugal       Observacao Astronomica no Algarve, Portimao",351.4008,37.191463,111.199,161.429926704494,0.0070524980319551945,128.6693811416626,83.16610753536224,-50.864625722169876,
966,UK/England     Church Stretton,357.20423,52.534468,211.444,161.4216810170584,0.0060891528926841675,128.66666913032532,83.15402641892433,-50.86506903171539,
967,UK/England     Greens Norton,358.9778,52.136567,145.547,161.4206354725037,0.006105551648105578,128.66541743278503,83.15397799015045,-50.86499638855457,
968,UK/England     Haverhill,0.425,52.084635,197.347,161.4199105877111,0.006099495684065858,128.6645233631134,83.15391093492508,-50.865067169070244,
969,UK/England     London-Regents Park,359.8454,51.521519,-10.013,161.42034336914966,0.006140914922640255,128.66473197937012,83.15439522266388,-50.86512118577957,
970,UK/England     Chelmsford,0.49348,51.745052,85.336,161.42000413836524,0.006121634462018724,128.66446375846863,83.15416425466537,-50.86510069668293,
971,Portugal       Lisbon,350.81249,38.711792,87.532,161.42969703801063,0.0069712218694280076,128.66970896720886,83.16507935523987,-50.864748656749725,
972,UK/Scotland    Dun Echt,357.5833,57.1601,125.06799999999998,161.42018646648467,0.0057672063153911225,128.66729497909546,83.15005525946617,-50.865234807133675,
973,UK/England     Harrow,359.6671,51.579445,3.68,161.42047380363152,0.006138260457590809,128.66494059562683,83.15438032150269,-50.86503177881241,
974,Italy          Genoa Observatory,8.84431,44.434647,171.397,161.41557728828226,0.006504659610350131,128.6567747592926,83.15755426883698,-50.86495913565159,
975,Spain          Observatorio Astronomico de Valencia,359.6333,39.478187,56.428,161.4233140762093,0.006881195020055282,128.6628246307373,83.16336572170258,-50.86470767855644,
976,UK/England     Leamington Spa,358.4669,52.317598,108.71,161.42101368798365,0.0060965160273333254,128.66580486297607,83.1541195511818,-50.86498521268368,
977,Ireland        Markree,351.5483,54.175554,44.465,161.42424530018573,0.005999822937628805,128.67042422294617,83.15322920680046,-50.86501128971577,
978,UK/England     Conder Brow,357.24541,54.028476,107.377,161.42106495750966,0.005987214204518686,128.66675853729248,83.15268531441689,-50.86508020758629,
979,UK/England     South Wonston,358.6697,51.121308,94.227,161.42122263750596,0.006175131516503443,128.6654770374298,83.15496519207954,-50.86509510874748,
980,UK/England     Lancaster,357.22,54.031472,78.168,161.42122541956795,0.005987132386443874,128.6669671535492,83.15270021557808,-50.865037366747856,
981,UK/NIreland    Armagh,353.3522,54.352872,65.193,161.42329360611345,0.005981979907671851,128.66941094398499,83.15292000770569,-50.86505971848965,
982,"Ireland        Dunsink Observatory, Dublin",353.6621,53.386636,80.068,161.42338182362545,0.00604731241361786,128.66905331611633,83.15367996692657,-50.86500197649002,
983,Spain          San Fernando,353.79525,36.465879,27.531,161.4283313078539,0.007081451659964269,128.66729497909546,83.1662155687809,-50.86466297507286,
984,UK/England     Eastfield,357.26975,50.921432,102.412,161.4221317240092,0.006196625793651899,128.66634130477905,83.15542340278625,-50.86504481732845,
985,UK/England     Telford,357.5317,52.648228,165.118,161.42139244487979,0.006079657929845422,128.66637110710144,83.15394446253777,-50.865041092038155,
986,UK/England     Ascot,359.36053,51.408914,118.04,161.42068067579999,0.006151662355708369,128.66508960723877,83.1545889377594,-50.864970311522484,
987,"UK/Isle of Ma  Isle of Man Observatory, Foxdale",355.3735,54.177825,176.666,161.42219209170347,0.0059860791923245504,128.66806983947754,83.152886480093,-50.86501128971577,
988,UK/Scotland    Glasgow,355.706,55.878367,81.272,161.42149041825718,0.0058664479148854585,128.6681890487671,83.15133303403854,-50.86502246558666,
989,"UK/England     Wilfred Hall Observatory, Preston",357.40582,53.801442,119.681,161.42112870164559,0.006001920610834026,128.66666913032532,83.15297588706017,-50.86503364145756,
990,Spain          Madrid,356.3121,40.408374,696.708,161.42550536583786,0.006851620487781862,128.66559624671936,83.1632912158966,-50.864772871136665,
991,UK/England     Liverpool (since 1867),356.9278,53.401423,49.38,161.4215672737435,0.0060317434016252175,128.6669671535492,83.15335586667061,-50.8650504052639,
992,UK/England     Liverpool (before 1867),356.9995,53.414384,-147.729,161.42149908539773,0.006030413841954801,128.6669373512268,83.15322175621986,-50.86512863636017,
993,UK/England     Woolston Observatory,357.49556,51.046536,96.57,161.421865768646,0.006187060827795166,128.66616249084473,83.15522596240044,-50.86497589945793,
994,UK/England     Godalming,359.3878,51.171894,65.251,161.42066204833577,0.006167185237456005,128.66491079330444,83.15479755401611,-50.86502246558666,
995,UK/England     Durham,358.4177,54.768164,122.181,161.4203237320141,0.005929835826368578,128.6662220954895,83.15204456448555,-50.86513236165047,
996,UK/England     Oxford,358.7483,51.759752,79.174,161.4208849104858,0.006132161086017628,128.6654770374298,83.15436542034149,-50.86500383913517,
997,UK/England     Hartwell,359.15,51.858946,1215.495,161.4206542671543,0.006123465968266604,128.66517901420593,83.15432071685791,-50.86509883403778,
998,UK/England     London-Mill Hill,359.75753,51.61332,76.314,161.42033423765466,0.00613543523290392,128.66482138633728,83.15425738692284,-50.865091383457184,
999,France         Bordeaux-Floirac,359.4725,44.835301,95.206,161.4221854244548,0.0065698264476499076,128.66371870040894,83.15973356366158,-50.86480267345905,
A00,UK/England     Gravesend,0.377,51.430107,15.718,161.41989952168186,0.006143356002707781,128.6642849445343,83.15432444214821,-50.86495913565159,
A01,Spain          Masia Cal Maciarol Modul 2,0.7441,42.017901,751.734,161.4218122466958,0.006728170416431308,128.66219878196716,83.16128328442574,-50.8649293333292,
A02,Spain          Masia Cal Maciarol Modul 8,0.7441,42.017901,751.734,161.4218122466958,0.006728170416431308,128.66219878196716,83.16128328442574,-50.8649293333292,
A03,Spain          Torredembarra,1.4,41.150366,177.991,161.42175152432608,0.0067725171468596594,128.66181135177612,83.16183090209961,-50.864821299910545,
A04,France         Saint-Caprais,1.7181,43.873347,217.357,161.42088942977307,0.006610481669002389,128.66196036338806,83.1599235534668,-50.86482688784599,
A05,France         Belesta,1.8175,43.445408,247.397,161.42081564223633,0.006635166275742607,128.66166234016418,83.1601582467556,-50.86496286094189,
A06,Spain          Mataro,2.4417,41.573486,82.343,161.42075840017705,0.006739105330604455,128.6609172821045,83.16123858094215,-50.86489953100681,
A07,France         Gretz-Armainvilliers,2.7444,48.742768,80.39,161.41911462635326,0.006300323019130339,128.66225838661194,83.15595239400864,-50.8649330586195,
A08,France         Malibert,2.8847,43.435297,413.335,161.42006805171778,0.006626507796652645,128.6608874797821,83.1599310040474,-50.864921882748604,
A09,France         Quincampoix,1.1803,49.527,190.749,161.42002012906255,0.0062623663351127415,128.66348028182983,83.1557922065258,-50.86497776210308,
A10,Spain          Observatorio Astronomico de Corbera,1.9281,41.26641,273.045,161.42118129335245,0.006761376501847508,128.66121530532837,83.1616222858429,-50.86486041545868,
A11,France         Wormhout,2.4718,50.880083,-5.75,161.41878495436225,0.006163949461493398,128.66279482841492,83.15440267324448,-50.865063443779945,
A12,Italy          Stazione Astronomica di Sozzago,8.74768,45.396541,122.186,161.4155754572803,0.006448127679190919,128.6572515964508,83.1567719578743,-50.86502619087696,
A13,"Switzerland    Observatoire Naef, Ependes",7.1394,46.762386,691.525,161.41657942208906,0.006383046488655235,128.6587417125702,83.15638452768326,-50.86507648229599,
A14,France         Les Engarouines Observatory,5.1864,44.021537,320.799,161.41833619539182,0.0065696067342029115,128.65936756134033,83.15887302160263,-50.86500011384487,
A15,"Germany        Josef Bresser Sternwarte, Borken",6.7972,51.848743,79.681,161.41601454570082,0.0060614050334158445,128.6604404449463,83.152636885643,-50.865113735198975,
A16,Switzerland    Tentlingen,7.1922,46.770495,719.33,161.41660101717264,0.006381990008777462,128.65886092185974,83.1562727689743,-50.86502619087696,
A17,"Germany        Guidestar Observatory, Weinheim",8.68147,49.545453,267.623,161.41522412161655,0.006191124227792402,128.65859270095825,83.15392956137657,-50.86516588926315,
A18,Germany        Herne,7.1761,51.527963,71.984,161.4158028035282,0.006078694039485384,128.66011261940002,83.15276727080345,-50.8650578558445,
A19,Germany        Koln,7.0744,50.923246,37.189,161.4160015100574,0.006119249335080199,128.6599636077881,83.15331861376762,-50.865164026618004,
A20,Germany        Sogel,7.51887,52.844412,44.392,161.4155499431637,0.005988229009217225,128.6603808403015,83.15175771713257,-50.86522735655308,
A21,Germany        Irmtraut,8.0581,50.553007,340.507,161.41530712153445,0.006133166675650373,128.65909934043884,83.15334096550941,-50.865110009908676,
A22,Germany        Starkenburg Sternwarte-SOHAS,8.6531,49.64779,228.075,161.4152070598898,0.00618487762766939,128.65865230560303,83.15383270382881,-50.86511932313442,
A23,Germany        Weinheim,8.6677,49.53434,164.957,161.41523704010473,0.006191941794274028,128.65859270095825,83.15402641892433,-50.86504854261875,
A24,"Italy          New Millennium Observatory, Mozzate",8.9481,45.675313,240.623,161.41546994545473,0.006428964791884802,128.65719199180603,83.15666392445564,-50.865018740296364,
A25,Italy          Nova Milanese,9.1925,45.587262,177.892,161.41518976962337,0.006431367585640843,128.65683436393738,83.15662667155266,-50.86509510874748,
A26,Germany        Darmstadt,8.65736,49.810438,140.768,161.41505562877586,0.006174388428264056,128.65859270095825,83.15367996692657,-50.865039229393005,
A27,"Germany        Eridanus Observatory, Langelsheim",10.3236,51.908175,241.421,161.41371479679975,0.006019746197045632,128.65817546844482,83.15162360668182,-50.86520127952099,
A28,Germany        Kempten,10.3342,47.726489,695.295,161.41420759351774,0.006286657552671279,128.65683436393738,83.15471559762955,-50.86510255932808,
A29,Italy          Santa Maria a Monte,10.6733,43.736494,38.357,161.41439972876418,0.006523159487003956,128.655344247818,83.15747603774071,-50.864968448877335,
A30,Italy          Crespadoro,11.22308,45.645137,887.541,161.4139113614897,0.006402979227940201,128.65567207336426,83.15592631697655,-50.86512304842472,
A31,Italy          Corcaroli Observatory,11.4186,45.651379,164.72,161.41370352337378,0.006399749876803789,128.6555528640747,83.15574377775192,-50.865063443779945,
A32,Germany        Panker,10.5517,54.34268,15.56,161.4134921335927,0.005855719735808766,128.65903973579407,83.14985409379005,-50.86520127952099,
A33,Germany        Volkssternwarte Kirchheim,11.0157,50.875357,257.488,161.41341486261473,0.006078723469062433,128.65737080574036,83.15228298306465,-50.865206867456436,
A34,Germany        Grosshabersdorf,10.7911,49.59809,324.049,161.41365829160935,0.006163285477123559,128.6570429801941,83.1533595919609,-50.86504854261875,
A35,Germany        Hormersdorf Observatory,12.8978,50.670518,582.728,161.41234528011242,0.00606856160600953,128.656268119812,83.15188437700272,-50.86525343358517,
A36,Italy          Ganda di Aviatico,9.7911,45.794504,1132.237,161.4148961772111,0.006412039051030916,128.65668535232544,83.15632492303848,-50.86503364145756,
A37,Germany        Mueggelheim,13.66158,52.40988,35.139,161.4118407624278,0.0059460170359001046,128.65665555000305,83.15032720565796,-50.86521804332733,
A38,"Italy          Campocatino Automated Telescope, Collepardo",13.3747,41.7649,561.688,161.4124029566432,0.006599786009647216,128.65272164344788,83.15764740109444,-50.86498521268368,
A39,Germany        Altenburg,12.4186,50.983787,240.765,161.412511889948,0.006054428606977326,128.65659594535828,83.15172791481018,-50.865208730101585,
A40,Malta          Pieta,14.4978,35.895108,114.773,161.41193967924193,0.006896570901460898,128.6502480506897,83.16058292984962,-50.86497217416763,
A41,"Slovenia       Rezman Observatory, Kamnik",14.5911,46.239745,432.217,161.4114824527064,0.0063208538379102295,128.6536455154419,83.15437659621239,-50.86507461965084,
A42,Germany        Gehrden,9.5019,52.301311,58.124,161.41433731417646,0.006003172423312502,128.65892052650452,83.15173164010048,-50.865115597844124,
A43,"Germany        Inastars Observatory, Potsdam (before 2006)",13.0897,52.358521,58.514,161.41205113519655,0.005956718068141556,128.65683436393738,83.15048739314079,-50.8651714771986,
A44,Austria        Altschwendt,13.6972,48.332991,426.062,161.41201603491487,0.00620536045395322,128.65498661994934,83.15327018499374,-50.865184515714645,
A45,Germany        Karrenkneul,9.362,51.395188,259.83,161.41445482396395,0.006064170720350154,128.65868210792542,83.15229788422585,-50.86516588926315,
A46,Czech Republi  Lelekovice,16.5825,49.292629,351.728,161.40998421182988,0.006104385094305591,128.65358591079712,83.15150812268257,-50.865160301327705,
A47,Italy          Matera,16.6031,40.668886,429.851,161.4101790061351,0.006610925026767564,128.65030765533447,83.1569992005825,-50.86509324610233,
A48,Italy          Povegliano Veronese,10.8885,45.347038,50.403,161.41417260006332,0.006424836836269945,128.6557912826538,83.15624669194221,-50.86512677371502,
A49,Sweden         Uppsala-Angstrom,17.6372,59.837517,52.077,161.4091010433202,0.005394858801397331,128.65769863128662,83.14328640699387,-50.86539499461651,
A50,Ukraine        Andrushivka Astronomical Observatory,28.9973,50.000576,235.831,161.4018848525829,0.005841831133547441,128.6470592021942,83.14575999975204,-50.86536332964897,
A51,Poland         Danzig,18.6667,54.381717,274.887,161.40837111922298,0.005747658546509516,128.6543309688568,83.14716815948486,-50.86525157094002,
A52,Hungary        Etyek,18.7553,47.444102,180.493,161.4084373276691,0.006184078016551166,128.6514401435852,83.15177634358406,-50.86524039506912,
A53,Italy          Peschiera del Garda,10.6883,45.433875,116.175,161.41416870115563,0.006422197354967158,128.6558210849762,83.1562727689743,-50.86499638855457,
A54,Poland         Ostrorog,16.6217,52.628276,94.881,161.40985763986254,0.005891569100368772,128.65495681762695,83.14907178282738,-50.86527392268181,
A55,Italy          Osservatorio Astronomico Vallemare di Borbona,13.1181,42.485891,1191.038,161.4127501629763,0.00656284304597788,128.65331768989563,83.15734565258026,-50.86507275700569,
A56,Italy          Parma,10.3197,44.534187,459.733,161.414577754186,0.006480788149646957,128.65585088729858,83.15696939826012,-50.86508020758629,
A57,"Italy          Osservatorio Astron. Margherita Hack, Firenze",11.1031,43.742211,204.823,161.41399239369326,0.00651730664662675,128.65498661994934,83.15722271800041,-50.864994525909424,
A58,France         Observatoire de Chalandray-Canotiers,2.4694,48.693184,83.639,161.41931763507168,0.006305783843552685,128.66240739822388,83.15609768033028,-50.86496286094189,
A59,Czech Republi  Karlovy Vary Observatory,12.9071,50.215609,608.107,161.41228033937006,0.006097514845504155,128.65614891052246,83.15202593803406,-50.86511746048927,
A60,"South Africa   YSTAR-NEOPAT Station, Sutherland",20.8106,-32.379699,1740.106,161.40786414198107,0.007317374515712119,128.64631414413452,83.15868303179741,-50.86509510874748,
A61,Italy          Tortona,8.8581,44.903887,122.959,161.41553044524971,0.006476457041958619,128.65698337554932,83.15711095929146,-50.86500756442547,
A62,Germany        Aichtal,9.2301,48.620677,381.757,161.41485299136778,0.006243636025169395,128.65781784057617,83.15443992614746,-50.865113735198975,
A63,"France         Cosmosoz Obs., Tassin la Demi Lune",4.7567,45.76824,235.435,161.41829979854998,0.0064683536096692695,128.66011261940002,83.15768837928772,-50.8649367839098,
A64,Switzerland    Couvaloup de St-Cergue,6.1151,46.449376,1204.783,161.41742976086528,0.006413368449629618,128.65939736366272,83.1570252776146,-50.86506903171539,
A65,France         Le Couvent de Lentin,2.4083,44.096659,499.448,161.42034747608744,0.006591353701724545,128.66154313087463,83.15949887037277,-50.86485669016838,
A66,"Italy          Stazione Osservativa Astronomica, Livorno",10.3161,43.533474,34.491,161.41461886490163,0.0065396316125158295,128.6555826663971,83.15753936767578,-50.86495727300644,
A67,Italy          Chiusa di Pesio,7.6785,44.322746,558.823,161.41651930790616,0.006525044658608735,128.65766882896423,83.1579938530922,-50.864968448877335,
A68,"Germany        Swedenborg Obs., Bockholmwik",9.6533,54.812329,9.444,161.4138692635191,0.005833958205983209,128.65975499153137,83.1495113670826,-50.86514912545681,
A69,Italy          Osservatorio Palazzo Bindi Sergardi,11.33,43.321153,276.102,161.41391751178296,0.0065389144716471925,128.65477800369263,83.15735682845116,-50.865065306425095,
A70,Finland        Lumijoki,25.2033,64.826072,22.266,161.40601908287357,0.004946611778772858,128.6575198173523,83.13743397593498,-50.86563341319561,
A71,Austria        Stixendorf,15.4533,48.428775,603.536,161.41074863327077,0.006174742822267029,128.653883934021,83.15258100628853,-50.86507834494114,
A72,Germany        Radebeul Observatory,13.6222,51.116298,215.914,161.4118477620294,0.006030352250083238,128.6560297012329,83.15129205584526,-50.86524598300457,
A73,"Austria        Penzing Astrometric Obs., Vienna",16.2895,48.194141,268.403,161.40997037469052,0.006176776508735644,128.65304946899414,83.15229415893555,-50.865188241004944,
A74,Germany        Bergen-Enkheim Observatory,8.7624,50.158743,201.406,161.41497568612792,0.006150891467397257,128.65865230560303,83.15341547131538,-50.865067169070244,
A75,"Spain          Fort Pius Observatory, Barcelona",2.1861,41.398125,58.406,161.42103430016522,0.006751446740813478,128.66109609603882,83.16151797771454,-50.86486600339413,
A76,"Hungary        Andromeda Observatory, Miskolc",20.8356,48.069906,144.837,161.40694947929575,0.006111504045867056,128.65039706230164,83.15051347017288,-50.86522176861763,
A77,"France         Observatoire Chante-Perdrix, Dauban",5.64693,43.999793,673.761,161.41804672833555,0.006566355188750537,128.65912914276123,83.1587016582489,-50.864964723587036,
A78,Italy          Stia,11.71509,43.135211,500.04099999999994,161.41370781338753,0.006544657208578095,128.65445017814636,83.157479763031,-50.86502805352211,
A79,"Bulgaria       Zvezdno Obshtestvo Observatory, Plana",23.8434,42.063583,1428.726,161.40448612274875,0.006404139557185245,128.6458969116211,83.15275236964226,-50.86512677371502,
A80,Germany        Lindenberg Observatory,14.1222,52.208909,113.094,161.41141550919392,0.005953105334093179,128.65614891052246,83.15027877688408,-50.86522921919823,
A81,"Italy          Balzaretto Observatory, Rome",12.4033,41.869968,48.28,161.4133057309218,0.0066074769368344105,128.6536157131195,83.15801993012428,-50.86497962474823,
A82,Italy          Osservatorio Astronomico di Trieste,13.8744,45.643237,425.113,161.41190430995817,0.006366940119142135,128.65370512008667,83.15509185194969,-50.86509324610233,
A83,Finland        Jakokoski Observatory,29.9969,62.727467,138.254,161.40338342196657,0.005013396143424036,128.65430116653442,83.13726261258125,-50.865691155195236,
A84,Turkey         TUBITAK National Observatory,30.3333,36.825271,2538.725,161.3991160527892,0.006535465396706508,128.63978743553162,83.1516906619072,-50.86527392268181,
A85,"Ukraine        Odesa  Astronomical Observatory, Kryzhanovka",30.8065,46.56044,40.342,161.40006072284015,0.006005290824277882,128.64413857460022,83.14671739935875,-50.86539685726166,
A86,France         Albigneux,4.3547,45.537721,574.856,161.41874255146834,0.006486459841695726,128.6604106426239,83.15804228186607,-50.86500942707062,
A87,Germany        Rimbach,8.7662,49.603879,194.878,161.41507708933395,0.006186412176713515,128.6584734916687,83.15390720963478,-50.865037366747856,
A88,Italy          Bolzaneto,8.90133,44.456799,66.399,161.41550918840127,0.006502614833950566,128.65674495697021,83.15744996070862,-50.864988937973976,
A89,"Germany        Sterni Observatory, Kempten",10.3308,47.708625,691.308,161.41436404338526,0.006287807424678876,128.65692377090454,83.15488323569298,-50.86509883403778,
A90,"Spain          Sant Gervasi Observatory, Barcelona",2.1431,41.401798,77.93,161.4210260363952,0.006751627170832515,128.66109609603882,83.16150307655334,-50.86486414074898,
A91,Finland        Hankasalmi Observatory,26.5997,62.254457,122.56,161.40493530018676,0.005100415166969769,128.65528464317322,83.13878998160362,-50.86563155055046,
A92,"Romania        Urseanu Observatory, Bucharest",26.0927,44.448518,48.129,161.40304938313082,0.0062253957218245184,128.64559888839722,83.15027877688408,-50.86536519229412,
A93,Italy          Lucca,10.4189,43.858291,24.931,161.41443725913462,0.006519261381210345,128.65549325942993,83.15730467438698,-50.864990800619125,
A94,Italy          Cormons,13.4577,45.957361,100.956,161.41225093987973,0.006353812932449923,128.65427136421204,83.15487951040268,-50.86510814726353,
A95,"Finland        Taurus Hill Observatory, Varkaus",28.3892,62.315387,157.417,161.40412204672035,0.005067534767326777,128.65471839904785,83.13814550638199,-50.86553655564785,
A96,Austria        Klosterneuburg,16.2867,48.296458,371.466,161.41026800100505,0.006170559311067573,128.6533772945404,83.1524170935154,-50.86510255932808,
A97,Austria        Stammersdorf,16.4219,48.302648,185.276,161.41001958244428,0.006168081141800205,128.65319848060608,83.1521488726139,-50.86520500481129,
A98,"Belarus        Observatory Mazzarot-1, Baran'",30.2092,54.491084,195.234,161.40173417602875,0.005541694850354283,128.64896655082703,83.14244449138641,-50.86548067629337,
A99,Italy          Osservatorio del Monte Baldo,10.8589,45.697524,1217.377,161.41409694908955,0.006404636451120011,128.65591049194336,83.15595984458923,-50.8650541305542,
B00,France         Savigny-le-Temple,2.5767,48.575344,64.763,161.41934289346088,0.006312419453860158,128.6623775959015,83.15614610910416,-50.865039229393005,
B01,"Germany        Taunus Observatory, Frankfurt",8.4464,50.221554,804.379,161.41528855138714,0.006150563735761615,128.65900993347168,83.1533931195736,-50.86519196629524,
B02,Poland         Kielce,20.6566,50.881003,322.153,161.40733866211175,0.005941205546781642,128.65188717842102,83.14890414476395,-50.86531862616539,
B03,"Austria        Alter Satzberg, Vienna",16.2698,48.217246,367.13,161.41018375864965,0.006175693495984204,128.65331768989563,83.15235376358032,-50.865089520812035,
B04,"Italy          OAVdA, Saint-Barthelemy",7.47851,45.789693,1652.565,161.41655710866758,0.006439434149261113,128.658264875412,83.15709605813026,-50.86504854261875,
B05,"Russia         Ka-Dar Observatory, Barybino",37.8831,55.247706,200.521,161.39748702447216,0.0053330630947326894,128.64625453948975,83.1383503973484,-50.86555518209934,
B06,Spain          Montseny Astronomical Observatory,2.53372,41.721521,194.404,161.42056491762133,0.006729801466976156,128.66079807281494,83.16104859113693,-50.864897668361664,
B07,Switzerland    Camorino,9.0033,46.164298,256.242,161.4153507165113,0.006398590301710448,128.6572813987732,83.15632492303848,-50.864968448877335,
B08,Italy          San Lazzaro di Savena,11.3807,44.45583,130.564,161.41377579871326,0.006471606082784078,128.65504622459412,83.15671235322952,-50.864990800619125,
B09,Italy          Capannoli,10.6708,43.586269,67.483,161.4143675064344,0.006532003021027203,128.6553144454956,83.15744251012802,-50.86499638855457,
B10,"France         Observatoire des Baronnies Provencales, Moydans",5.515,44.408,814.701,161.41801086991558,0.006543413931806684,128.65912914276123,83.15858989953995,-50.86503364145756,
B11,"Italy          Osservatorio Cima Rest, Magasa",10.6286,45.775422,1238.485,161.41420684927004,0.006402862173104818,128.6560595035553,83.15598592162132,-50.86498335003853,
B12,"Netherlands    Koschny Observatory, Noordwijkerhout",4.4906,52.265418,2.333,161.41740022259953,0.006055364892161728,128.66201996803284,83.15284177660942,-50.86518079042435,
B13,Italy          Osservatorio di Tradate,8.9311,45.712229,335.414,161.41547999666545,0.0064269715009958,128.65719199180603,83.15673470497131,-50.86493492126465,
B14,Italy          Ca del Monte,9.0758,44.817867,687.376,161.41550330466143,0.006479277276957839,128.65689396858215,83.1572376191616,-50.864940509200096,
B15,"Germany        Inastars Observatory, Potsdam (since 2006)",13.0129,52.423524,41.749,161.41222339746147,0.0059534414018301285,128.6570131778717,83.15056562423706,-50.865137949585915,
B16,"Russia         1st Moscow Gymnasium Observatory, Lipki",36.9547,55.770495,218.429,161.39833916153984,0.0053219399878676864,128.647118806839,83.1386148929596,-50.86564086377621,
B17,Ukraine        AZT-8 Yevpatoriya,33.1628,45.219533,43.48,161.39824111230172,0.006027333069594387,128.6422610282898,83.1461027264595,-50.865376368165016,
B18,Russia         Terskol,42.5008,43.27482,3136.309,161.39144281900724,0.005891889752396605,128.63683700561523,83.14114436507225,-50.86562782526016,
B19,"Spain          Observatorio Iluro, Mataro",2.4414,41.5381,92.972,161.42081237111313,0.00674114997631998,128.66100668907166,83.16124603152275,-50.86483247578144,
B20,"Spain          Observatorio Carmelita, Tiana",2.2636,41.48445,185.139,161.4209877141417,0.0067458637822955326,128.66103649139404,83.16148445010185,-50.86492374539375,
B21,"Austria        Gaisberg Observatory, Schaerding",13.4744,48.54304,428.75,161.41200660755226,0.006195320202809976,128.6551058292389,83.15309137105942,-50.86514540016651,
B22,Spain          Observatorio d'Ager,0.7441,42.019523,742.352,161.42199050092648,0.00672807580872481,128.6623775959015,83.16144719719887,-50.864774733781815,
B23,Italy          Fiamene,10.971,45.575852,706.249,161.41405751735965,0.006410318750073449,128.65576148033142,83.15608650445938,-50.86509883403778,
B24,France         Cesson,2.5983,48.554195,98.997,161.41933385900157,0.006313602909020592,128.6623179912567,83.15625041723251,-50.864990800619125,
B25,Italy          Catania,15.0557,37.54879,304.378,161.41132277767647,0.0068029273059026455,128.65018844604492,83.15949141979218,-50.86494982242584,
B26,"France         Observatoire des Terres Blanches, Reillanne",5.6667,43.87828,567.472,161.41791370917016,0.006573324455935516,128.65892052650452,83.15877988934517,-50.864942371845245,
B27,"Austria        Picard Observatory, St. Veit",14.1544,48.476639,743.968,161.41152176917288,0.0061902681589882805,128.65453958511353,83.15297961235046,-50.86522176861763,
B28,"Italy          Mandi Observatory, Pagnacco",13.1836,46.097357,154.472,161.41241295131547,0.006349203529961731,128.65447998046875,83.15487578511238,-50.86510069668293,
B29,"Spain          L'Ampolla Observatory, Tarragona",0.6701,40.807126,99.824,161.4222902436041,0.006798134217147633,128.66216897964478,83.16228911280632,-50.86487717926502,
B30,Poland         Szamotuly-Galowo,16.5689,52.596406,75.903,161.40987204828497,0.005894380781436447,128.65498661994934,83.14908668398857,-50.86521990597248,
B31,"South Africa   Southern African Large Telescope, Sutherland",20.8108,-32.375553,1750.64,161.40783368539064,0.00731752242315986,128.64625453948975,83.15873891115189,-50.8650578558445,
B32,Germany        Gelenau,12.9486,50.702747,531.865,161.4121919350222,0.006065818302147769,128.65623831748962,83.15173536539078,-50.865085795521736,
B33,"Italy          Libbiano Observatory, Peccioli",10.7783,43.555428,152.971,161.41431631848945,0.006532447656248349,128.65525484085083,83.15743878483772,-50.864990800619125,
B34,"Cyprus         Green Island Observatory, Gecitkale",33.7258,35.258463,88.795,161.39617718614085,0.006524662976664011,128.63707542419434,83.15012603998184,-50.86536519229412,
B35,"Israel         Bareket Observatory, Macabim",35.0317,31.88821,265.605,161.39465391916687,0.0066414840868248125,128.63489985466003,83.15059542655945,-50.86526647210121,
B36,"Austria        Redshed Observatory, Kallham",13.7125,48.274928,369.544,161.41185348623813,0.006208730135273961,128.6548376083374,83.15320685505867,-50.86514912545681,
B37,"Spain          Obs. de L' Ametlla del Valles, Barcelona",2.25934,41.651214,226.4,161.4209938131102,0.006736320844424936,128.6611557006836,83.16129818558693,-50.864946097135544,
B38,Italy          Santa Mama,11.85746,43.630911,344.002,161.41349904700274,0.006513833079471412,128.65447998046875,83.15698057413101,-50.86510628461838,
B39,Italy          Tradate,8.9072,45.712229,335.414,161.41532121754543,0.006427253374793829,128.65710258483887,83.1565260887146,-50.86499825119972,
B40,"Italy          Skylive Observatory, Catania",15.0706,37.602675,480.12,161.41123747220215,0.006799963519258506,128.65012884140015,83.1594169139862,-50.86495168507099,
B41,Czech Republi  Zlin Observatory,17.6925,49.217367,407.314,161.40918306606542,0.006092288141217128,128.65281105041504,83.15113931894302,-50.86518079042435,
B42,Belarus        Vitebsk,30.32514,55.058021,175.859,161.40188443677218,0.005503834681380917,128.64938378334045,83.14209058880806,-50.86548067629337,
B43,Germany        Hennef,7.3089,50.746314,111.206,161.41573447828864,0.006128396177286356,128.65963578224182,83.1533633172512,-50.86507275700569,
B44,France         Eygalayes,5.5906,44.237548,858.2,161.41802207436467,0.0065528480520813,128.65915894508362,83.15861225128174,-50.86495727300644,
B45,Poland         Narama,19.9356,50.179564,379.228,161.40771108180815,0.0059968934191263045,128.6519169807434,83.14962312579155,-50.86524970829487,
B46,"Italy          Sintini Observatory, Alfonsine",12.05439,44.504404,4.913,161.41330154327972,0.006459698160698222,128.65468859672546,83.15636217594147,-50.86496286094189,
B47,"Finland        Metsala Observatory, Espoo",24.7503,60.198376,51.788,161.40556393758604,0.00526778359071786,128.65477800369263,83.14087986946106,-50.86549185216427,
B48,Germany        Bocholt,6.5981,51.849644,0.881,161.4162417829525,0.006063277570359639,128.66061925888062,83.15279334783554,-50.86512677371502,
B49,"Spain          Paus Observatory, Sabadell",2.1125,41.551035,241.169,161.42101576975347,0.006743394160942584,128.66118550300598,83.1613801419735,-50.86480639874935,
B50,"Germany        Corner Observatory, Durmersheim",8.2767,48.942718,127.517,161.41547173255887,0.006233906467792384,128.65856289863586,83.15451443195343,-50.86507089436054,
B51,France         Vallauris,7.06669,43.577678,145.248,161.41684388019422,0.0065758659177403795,128.65769863128662,83.15860852599144,-50.864918157458305,
B52,Spain          Observatorio El Far,2.99725,42.250063,34.133,161.42021963497805,0.006694895590424231,128.660649061203,83.16059410572052,-50.864921882748604,
B53,"Italy          Casal Lumbroso, Rome",12.3536,41.875261,61.326,161.41326486046302,0.006607878645364132,128.65352630615234,83.15807208418846,-50.864990800619125,
B54,Spain          Ager,0.7439,42.018712,747.042,161.4217498270919,0.006728122711609283,128.66219878196716,83.16126465797424,-50.86476169526577,
B55,Italy          Comeglians,12.876,46.50799,777.48,161.41264252319718,0.006328829700066303,128.6548376083374,83.15473049879074,-50.865162163972855,
B56,"Spain          Observatorio Sant Pere, Mataro",2.44935,41.538838,29.275,161.42070674037546,0.0067409990382681,128.66082787513733,83.16131308674812,-50.86483992636204,
B57,"Spain          Laietania Observatory, Parets del Valles",2.22439,41.565488,112.997,161.42081153584778,0.0067415170652921335,128.66097688674927,83.16130191087723,-50.86481384932995,
B58,"Hungary        Polaris Observatory, Budapest",19.02529,47.553014,140.081,161.4081622200474,0.006173067757482121,128.65117192268372,83.1516869366169,-50.86519196629524,
B59,Germany        Borken,6.87881,51.833875,49.273,161.41587974000743,0.006061561132367148,128.66026163101196,83.1526666879654,-50.865089520812035,
B60,"Germany        Deep Sky Observatorium, Bad Bentheim",7.17531,52.299382,30.615,161.41560965931217,0.006027852134461228,128.6601722240448,83.15224200487137,-50.86515285074711,
B61,"Spain          Valldoreix Obs.,Sant Cugat del Valles",2.0435,41.456722,144.638,161.42112918278855,0.006749378948397103,128.66124510765076,83.16148072481155,-50.86485110223293,
B62,Germany        Brelingen,9.68531,52.556305,69.281,161.41413370907875,0.005984330077244337,128.65889072418213,83.15136656165123,-50.86514167487621,
B63,"Poland         Solaris Observatory, Luczanowice",20.10799,50.111626,273.79,161.4075908257686,0.0059982686773312815,128.65182757377625,83.14953371882439,-50.86524039506912,
B64,"Finland        Slope Rock Observatory, Hyvinkaa",24.88779,60.637874,101.711,161.40538457041905,0.005236117089701051,128.6548674106598,83.14039558172226,-50.86548812687397,
B65,"Finland        Komakallio Observatory, Kirkkonummi",24.3878,60.17324,39.353,161.4057610325085,0.005275155698527429,128.65495681762695,83.1410177052021,-50.86543969810009,
B66,Italy          Osservatorio di Casasco,9.00693,44.81652,403.721,161.41542199104646,0.006480051329646767,128.656804561615,83.15716683864594,-50.86502432823181,
B67,"Switzerland    Sternwarte Mirasteilas, Falera",9.22419,46.804169,1332.507,161.41501508918176,0.0063572648993994825,128.6572813987732,83.15565064549446,-50.86500570178032,
B68,Italy          Mount Matajur Observatory,13.5395,46.203214,1338.054,161.41217973159863,0.006338405249277165,128.65430116653442,83.15473049879074,-50.8650504052639,
B69,"Germany        Owls and Ravens Observatory, Holzgerlingen",9.01719,48.63501,473.777,161.41504875224484,0.006245208785023865,128.6579668521881,83.15456658601761,-50.86515098810196,
B70,Spain          Sant Celoni,2.4937,41.690658,129.68,161.42079765430307,0.006731908808585026,128.66106629371643,83.16114917397499,-50.86479336023331,
B71,Spain          Observatorio El Vendrell,1.5213,41.189751,20.779,161.42159091013443,0.006769153268014311,128.6616027355194,83.16181227564812,-50.864869728684425,
B72,Germany        Soerth Observatory,7.68105,50.69883,311.596,161.4156038418908,0.006127688813570195,128.65939736366272,83.15344899892807,-50.86512118577957,
B73,"Germany        Mauren Valley Observatory, Holzgerlingen",8.98503,48.641134,494.486,161.41520600384175,0.006245200804933689,128.65817546844482,83.1545889377594,-50.865085795521736,
B74,Spain          Santa Maria de Montmagastrell,1.10536,41.720161,315.999,161.42176753616152,0.006742270233520241,128.66201996803284,83.16149935126305,-50.86488649249077,
B75,"Italy          Stazione Astronomica Betelgeuse, Magnago",8.80519,45.584704,197.535,161.41562866130843,0.006436118700069117,128.65737080574036,83.15672725439072,-50.864966586232185,
B76,"Germany        Sternwarte Schonfeld, Dresden",13.8944,51.032229,309.13,161.4117260549898,0.006032185238464962,128.65588068962097,83.15129205584526,-50.865236669778824,
B77,"Switzerland    Schafmatt Observatory, Aarau",7.95083,47.42027,821.79,161.41579852489275,0.0063334609758521265,128.6582350730896,83.15568789839745,-50.865018740296364,
B78,"Austria        Astrophoton Observatory, Audorf",14.12811,47.963497,392.923,161.41173883981855,0.006222271134962985,128.6545693874359,83.15342664718628,-50.86510442197323,
B79,Italy          Marana Observatory,11.2099,45.637801,810.756,161.4137457449857,0.006403564028878794,128.6555528640747,83.15582573413849,-50.865063443779945,
B80,Italy          Osservatorio Astronomico Campomaggiore,12.74126,42.173959,201.978,161.4130795705908,0.006585519663927947,128.65346670150757,83.1577442586422,-50.865089520812035,
B81,Spain          Caimari,2.899,39.77203,157.831,161.42061120811442,0.0068370036595989565,128.66008281707764,83.16225185990334,-50.86488649249077,
B82,Germany        Maidbronn,9.9716,49.846325,251.64700000000002,161.41424056529038,0.006157181343139228,128.65778803825378,83.15326645970345,-50.865164026618004,
B83,France         Gieres,5.79769,45.184993,214.841,161.41761209355167,0.006493442891328721,128.65909934043884,83.15794169902802,-50.86490325629711,
B84,"Netherlands    Cyclops Observatory, Oostkapelle",3.53775,51.571978,3.253,161.4180561371158,0.006109571971016608,128.6623775959015,83.15366879105568,-50.86500570178032,
B85,Netherlands    Beilen Observatory,6.51011,52.866626,12.135,161.4160145084565,0.005996699240292562,128.6608874797821,83.15194398164749,-50.865115597844124,
B86,Germany        Sternwarte Hagen,7.45561,51.345508,300.749,161.4157198335539,0.006087888376625122,128.6599338054657,83.15285667777061,-50.86510069668293,
B87,Spain          Banyoles,2.7701,42.114404,202.344,161.42048166826945,0.006704930327241821,128.66076827049255,83.16093310713768,-50.864897668361664,
B88,"Italy          Bigmuskie Observatory, Mombercelli",8.29681,44.816595,187.212,161.41594787281414,0.006488289893644428,128.65731120109558,83.15744251012802,-50.86496099829674,
B89,Spain          Observatori Astronomic de Tiana,2.2619,41.491795,225.443,161.4209841240174,0.006745476912078027,128.66106629371643,83.16142112016678,-50.864940509200096,
B90,"Italy          Malina River Observatory, Povoletto",13.29686,46.150357,152.761,161.4123930596046,0.006344441752698088,128.65450978279114,83.15476030111313,-50.86515098810196,
B91,France         Bollwiller,7.25544,47.864977,291.348,161.41623021526107,0.006313014579165895,128.65886092185974,83.15551653504372,-50.865085795521736,
B92,France         Chinon,0.27539,47.169202,95.867,161.42104722574214,0.006419566705397944,128.66359949111938,83.15764367580414,-50.86490884423256,
B93,Netherlands    Hoogeveen,6.47856,52.712619,11.928,161.41599853455185,0.006007267956996788,128.66079807281494,83.15202966332436,-50.86515098810196,
B94,Russia         Petrozavodsk,34.2817,61.772379,143.303,161.4012979914786,0.004999535409332582,128.65230441093445,83.13627541065216,-50.86573772132397,
B95,Germany        Achternholt,8.1545,53.047909,8.682,161.4150791011424,0.0059681712046404795,128.66002321243286,83.15141871571541,-50.86519196629524,
B96,"Belgium        Brixiis Observatory, Kruibeke",4.31031,51.163512,5.304,161.41768315011785,0.006129815057061259,128.66172194480896,83.15388858318329,-50.86512118577957,
B97,"Netherlands    Sterrenwacht Andromeda, Meppel",6.1118,52.004797,8.413,161.41642311037344,0.00605775853637401,128.6609172821045,83.1526443362236,-50.86519196629524,
B98,Italy          Siena,11.313,43.317796,327.652,161.41400507700493,0.00653936190752331,128.6548674106598,83.15740898251534,-50.86503177881241,
B99,Spain          Santa Coloma de Gramenet,0.7443,42.019139,789.736,161.4220031830733,0.006728116727027442,128.6623477935791,83.16146209836006,-50.86486600339413,
C00,Russian        Velikie Luki,30.515,56.321628,112.714,161.40210048407195,0.00542028045833082,128.6502182483673,83.14120396971703,-50.86550489068031,
C01,"Germany        Lohrmann-Observatorium, Triebenberg",13.92293,51.027264,386.831,161.41156626164727,0.00603215301539589,128.65573167800903,83.15126597881317,-50.86514912545681,
C02,Spain          Observatorio Royal Park,2.5305,41.731336,141.085,161.42066560463286,0.006729235468503958,128.66094708442688,83.16103741526604,-50.86485855281353,
C03,"Finland        Clayhole Observatory, Jokela",24.96114,60.552084,93.268,161.4054100346852,0.005240732318654091,128.6548674106598,83.14047008752823,-50.86544714868069,
C04,Ukraine        Kramatorsk,37.6331,48.797639,75.718,161.39605788969047,0.0057185129053121874,128.6422312259674,83.1417478621006,-50.865642726421356,
C05,Austria        Konigsleiten,12.1153,47.247514,1587.071,161.41305891242948,0.006294139917456295,128.6555528640747,83.15446972846985,-50.86510069668293,
C06,Russia         Krasnoyarsk,92.9744,56.012308,163.273,161.37785753263086,0.0035312977965570496,128.64187359809875,83.1063836812973,-50.866592675447464,
C07,"Spain          Anysllum Observatory, Ager",0.7442,42.018712,747.042,161.42181692712097,0.006728118798797631,128.66216897964478,83.16141366958618,-50.86480639874935,
C08,Sweden         Fiby,17.3761,59.883671,16.669,161.40918695535154,0.005395059522011005,128.6577582359314,83.14331993460655,-50.86546204984188,
C09,France         Rouet,3.80397,43.82349,202.409,161.41934768078795,0.00659486756541636,128.66035103797913,83.15939456224442,-50.864869728684425,
C10,France         Maisoncelles,3.42622,48.717713,183.468,161.41865398532696,0.0062961336610364285,128.66169214248657,83.15588533878326,-50.865013152360916,
C11,"Czech Republi  City Observatory, Slany",14.0901,50.23668,233.752,161.41153312615617,0.0060803229423361605,128.65537405014038,83.1516832113266,-50.86526647210121,
C12,"Spain          Berta Observatory, Sabadell",2.1107,41.535717,199.354,161.42097939511467,0.0067442734882260285,128.6611258983612,83.16142112016678,-50.864774733781815,
C13,Italy          Como,9.10031,45.805083,255.581,161.41530530247826,0.006419302286129154,128.65713238716125,83.15646275877953,-50.86497589945793,
C14,"Austria        Sky Vistas Observatory, Eichgraben",15.967,48.150634,438.398,161.4103743854341,0.0061843247430068025,128.6533772945404,83.15255865454674,-50.865208730101585,
C15,Russia         ISON-Ussuriysk Observatory,132.1656,43.698384,313.604,161.37138369102513,0.0019259795599680652,128.65093350410461,83.07931199669838,-50.867363810539246,
C16,"Germany        Isarwinkel Observatory, Bad Tolz",11.57261,47.749381,717.692,161.4134688531751,0.006269802388556322,128.65608930587769,83.15441384911537,-50.865136086940765,
C17,"Spain          Pingu, Ager",0.74381,42.019284,752.767,161.42186863755686,0.006728092860681463,128.6623179912567,83.16127210855484,-50.864825025200844,
C18,Belgium        Frasnes-Lez-Anvaing,3.604,50.683525,114.717,161.41822599479448,0.006167484910997882,128.6620795726776,83.15440267324448,-50.86509883403778,
C19,"France         ROSA Observatory, Vaucluse",5.4231,44.384037,617.262,161.4181484136316,0.006545691238830749,128.65936756134033,83.15855637192726,-50.864921882748604,
C20,"Russia         Kislovodsk Mtn. Astronomical Stn., Pulkovo Obs.",42.66191,43.741564,2069.489,161.39147710477033,0.00586268695837238,128.63701581954956,83.14097300171852,-50.86556449532509,
C21,"Spain          Observatorio Via Lactea, Ager",0.74383,42.019284,752.767,161.42180556704523,0.006728089958028407,128.66219878196716,83.16130563616753,-50.864871591329575,
C22,Germany        Oberwiesenthal,12.9599,50.415635,957.333,161.41217522583656,0.006084212692880391,128.65599989891052,83.15202966332436,-50.86515471339226,
C23,Belgium        Olmen,5.15439,51.140448,32.658,161.41715975812508,0.006123700295583802,128.66124510765076,83.15366506576538,-50.86503177881241,
C24,Italy          Seveso,9.1331,45.642443,243.712,161.4153970342794,0.006428768745574844,128.65710258483887,83.15665274858475,-50.86503177881241,
C25,"Italy          Pulkovo Observatory Station, Campo Imperatore",13.55806,42.444217,2140.918,161.41242105058907,0.006559331541666484,128.65310907363892,83.15707743167877,-50.864994525909424,
C26,"Netherlands    Levendaal Observatory, Leiden",4.49928,52.155052,17.072,161.41728698004513,0.006062632540848297,128.6618411540985,83.15296471118927,-50.86507275700569,
C27,Spain          Pallerols,1.35302,41.618091,582.8,161.42157600954937,0.006746233293624219,128.66172194480896,83.16157385706902,-50.86491070687771,
C28,Germany        Wellinghofen,7.483,51.469481,129.685,161.41574381280086,0.006079415114570184,128.6599636077881,83.15283432602882,-50.865137949585915,
C29,Spain          Observatori Astronomic de Les Planes de Son,1.07889,42.617886,1597.762,161.4215006636303,0.006690814029221432,128.6621391773224,83.16082879900932,-50.86483433842659,
C30,"Russia         Petrozavodsk University Obs., Sheltozero Stn.",35.3425,61.40358,41.68,161.4008079796539,0.005002977069255483,128.65179777145386,83.1361673772335,-50.86564086377621,
C31,"Germany        Sternwarte Neanderhoehe Hochdahl e.V., Erkrath",6.9825,51.208962,104.276,161.4159802351883,0.006101559609798464,128.66008281707764,83.1531509757042,-50.86506903171539,
C32,"Russia         Ka-Dar Observatory, TAU Station, Nizhny Arkhyz",41.4258,43.649619,2017.973,161.3923585555467,0.005901914936445058,128.63758206367493,83.1417441368103,-50.865668803453445,
C33,"Spain          Observatorio CEAM, Caimari",2.8989,39.77203,157.831,161.420740113947,0.006837006914022547,128.66023182868958,83.16225558519363,-50.86491256952286,
C34,Hungary        Baja Astronomical Observatory,19.0108,46.180557,112.791,161.4082575629831,0.00625561466780662,128.65066528320312,83.15271511673927,-50.86509510874748,
C35,Spain          Terrassa,2.0349,41.57158,320.922,161.42094680864085,0.006742936335191483,128.66109609603882,83.1613652408123,-50.86483806371689,
C36,"Belarus        Starry Wanderer Observatory, Baran'",30.3086,54.479628,165.064,161.40178691849573,0.005540438651174244,128.6489963531494,83.14251899719238,-50.865450873970985,
C37,UK/England     Stowupland,1.0183,52.196794,60.917,161.41944525440655,0.006087745326554025,128.6640167236328,83.15376192331314,-50.865115597844124,
C38,"Italy          Varuna Observatory, Cuorgne",7.64911,45.405815,422.562,161.41631450224912,0.006460289213098062,128.65781784057617,83.15732702612877,-50.86503177881241,
C39,Netherlands    Nijmegen,5.7992,51.829232,1.013,161.41663270500038,0.006072328463196138,128.66100668907166,83.15291628241539,-50.865186378359795,
C40,Russia         Kuban State University Astrophysical Observatory,39.0308,45.019547,69.27,161.39431559355037,0.005892719460310998,128.63951921463013,83.14263820648193,-50.86551792919636,
C41,"Russia         MASTER-II Observatory, Kislovodsk",42.66126,43.741685,2064.683,161.39139859944316,0.005862702626076702,128.63695621490479,83.14086496829987,-50.865642726421356,
C42,"China          Xingming Observatory, Mt. Nanshan",87.1778,43.471021,2065.686,161.36980127493985,0.004218029853670825,128.63105535507202,83.10744538903236,-50.86665786802769,
C43,Germany        Hoyerswerda,14.2792,51.44837,108.88,161.41123307383114,0.0060002098599747115,128.65561246871948,83.15078541636467,-50.8651789277792,
C44,"Italy          A. Volta Observatory, Lanzo d'Intelvi",9.02239,45.975463,879.158,161.4153759723452,0.006410153621630338,128.65719199180603,83.15645530819893,-50.865061581134796,
C45,Italy          La Giustiniana,12.40639,41.988382,142.1,161.41325251627777,0.00660076264944869,128.65367531776428,83.15785974264145,-50.864921882748604,
C46,"Kazakhstan     Horizon Observatory, Petropavlovsk",69.12219,54.878195,119.25,161.38300756802283,0.004463407139181196,128.63925099372864,83.12064781785011,-50.8662573993206,
C47,Austria        Nonndorf,15.2356,48.786797,538.182,161.41083148744406,0.006155638066622242,128.6541223526001,83.15232396125793,-50.865158438682556,
C48,"Russia         Sayan Solar Observatory, Irkutsk",100.9214,51.619826,1976.399,161.3733210095501,0.0033265064329440737,128.64014506340027,83.100076764822,-50.86687579751015,
C60,"Germany        Argelander Institute for Astronomy Obs., Bonn",7.06926,50.729791,89.682,161.4160767158857,0.006131917585836039,128.6599338054657,83.15357565879822,-50.8650578558445,
C61,France         Chelles,2.58202,48.880216,36.501,161.41930183363462,0.006292858670403136,128.66243720054626,83.15602317452431,-50.86495913565159,
C62,"Italy          Eurac Observatory, Bolzano",11.3467,46.494235,250.158,161.4137429215547,0.006349646447628208,128.65588068962097,83.15535634756088,-50.864992663264275,
C63,"Italy          Giuseppe Piazzi Observatory, Ponte in Valtellina",9.9797,46.188865,1259.638,161.4145344605555,0.006385833878033878,128.65647673606873,83.15595239400864,-50.86502246558666,
C64,Austria        Puchenstuben,15.28439,47.929391,902.213,161.4110101964796,0.00620812929095222,128.65391373634338,83.15294235944748,-50.86524225771427,
C65,Spain          Observatori Astronomic del Montsec,0.72965,42.05168,1618.63,161.42201260595428,0.006726746599638079,128.66240739822388,83.16143602132797,-50.86478777229786,
C66,Spain          Observatorio El Cielo de Consell,2.805,39.66678,150.906,161.42086089166128,0.006843743695651615,128.66026163101196,83.16245302557945,-50.864897668361664,
C67,Germany        Gnevsdorf,12.2199,53.403828,88.922,161.41254141485047,0.005898827996694195,128.6577582359314,83.1499993801117,-50.865188241004944,
C68,"Greece         Ellinogermaniki Agogi Observatory, Pallini",23.89339,37.997695,168.912,161.40442713183646,0.006618457289896404,128.64434719085693,83.15498754382133,-50.86520500481129,
C69,"Germany        Bayerwald Sternwarte, Neuhuette",13.3611,48.927653,825.982,161.41206869354536,0.006172996488742736,128.655344247818,83.15285667777061,-50.86512304842472,
C70,"Netherlands    Uiterstegracht Station, Leiden",4.49775,52.1574,-0.127,161.4173825462701,0.006062483050144372,128.66199016571045,83.15295726060867,-50.86501128971577,
C71,Spain          Sant Marti Sesgueioles,1.4892,41.702336,687.265,161.42151626914745,0.006740273141441799,128.66175174713135,83.16143229603767,-50.86487717926502,
C72,Italy          Palestrina,12.8717,41.836813,431.408,161.41291903050006,0.006602909422842171,128.65319848060608,83.15787836909294,-50.865039229393005,
C73,Romania        Galati Observatory,28.0325,45.418865,58.658,161.4018733010512,0.006130204932488779,128.64509224891663,83.14881846308708,-50.86530186235905,
C74,"Spain          Observatorio El Teatrillo de Lyra, Ager",0.7449,42.019523,742.352,161.42195513132938,0.006728060658603103,128.6623179912567,83.16138759255409,-50.86491070687771,
C75,"Italy          Whitestar Observatory, Borgobello",13.2225,46.163089,208.403,161.41244533159215,0.00634471859840585,128.65450978279114,83.15491303801537,-50.865067169070244,
C76,"Spain          Observatorio Estels, Ager",0.74431,42.018998,749.904,161.42192363901646,0.006728104281550399,128.6623477935791,83.16131681203842,-50.86485110223293,
C77,Italy          Bernezzo Observatory,7.4535,44.38525,570.711,161.41672616307147,0.006523865868716089,128.65793704986572,83.1579826772213,-50.864964723587036,
C78,"Israel         Martin S. Kraar Observatory, Rehovot",34.81242,31.908277,57.943,161.3947204599521,0.006646450276956775,128.63487005233765,83.1507034599781,-50.865376368165016,
C79,"Spain          Roser Observatory, Blanes",2.7855,41.677592,33.057,161.4204982644989,0.006729972663013193,128.660649061203,83.16119760274887,-50.864819437265396,
C80,"Russia         Don Astronomical Observatory, Rostov-on-Don",39.7651,47.284989,81.957,161.39443557075765,0.0057498020921633855,128.6405324935913,83.14128965139389,-50.86554028093815,
C81,Italy          Dolomites Astronomical Observatory,10.84098,46.241077,1721.08,161.4139258984949,0.0063721604479245715,128.65594029426575,83.15560221672058,-50.86502060294151,
C82,"Italy          Osservatorio Astronomico Nastro Verde, Sorrento",14.35759,40.618777,292.893,161.4118547002487,0.0066490298605577,128.65182757377625,83.157978951931,-50.864964723587036,
C83,Russia         Badalozhnyj Observatory,91.8425,56.084127,392.094,161.37798452782056,0.003574095995519281,128.64163517951965,83.10696855187416,-50.86664296686649,
C84,Spain          Badalona,2.24372,41.445592,31.514,161.4208472087416,0.006748199050480359,128.66097688674927,83.1613540649414,-50.86484178900719,
C85,"Spain          Observatorio Cala d'Hort, Ibiza",1.2408,38.891102,166.624,161.4221788537441,0.006900692327638393,128.66145372390747,83.16327631473541,-50.86471885442734,
C86,Spain          Blanes,2.7813,41.677592,33.057,161.42064521401673,0.006730007951389233,128.66082787513733,83.16120505332947,-50.864821299910545,
C87,Germany        Rimbach,8.7689,49.620548,208.705,161.41499482647964,0.006185323954467046,128.65835428237915,83.15390348434448,-50.86508393287659,
C88,"Italy          Montarrenti Observatory, Siena",11.18331,43.232801,345.783,161.4140238403523,0.006546037135363172,128.6548674106598,83.15744996070862,-50.86502432823181,
C89,Serbia         Astronomical Station Vidojevica,21.55558,43.140233,1145.223,161.40632941284227,0.0063876298222330435,128.6478042602539,83.15329626202583,-50.86526274681091,
C90,Spain          Vinyols,1.05181,41.110418,80.291,161.42185975490065,0.006777673097364037,128.66199016571045,83.16179737448692,-50.86476728320122,
C91,"Italy          Montevenere Observatory, Monzuno",11.22621,44.24318,434.943,161.41402498391093,0.006486340350828977,128.65525484085083,83.15685391426086,-50.86502246558666,
C92,"Italy          Valdicerro Observatory, Loreto",13.60995,43.426292,124.923,161.412132602501,0.0065011567441107315,128.65310907363892,83.15647765994072,-50.86505971848965,
C93,"Italy          Bellavista Observatory, L'Aquila",13.4064,42.334904,640.455,161.41257016215872,0.006567045869118447,128.65310907363892,83.15736800432205,-50.864992663264275,
C94,"Russia         MASTER-II Observatory, Tunka",103.067,51.810111,700.423,161.37351474181742,0.0032246135651368157,128.64112854003906,83.09898525476456,-50.866786390542984,
C95,"France         SATINO Remote Observatory, Haute Provence",5.71239,43.93205,705.892,161.41792907803415,0.006569722964267816,128.65886092185974,83.15885066986084,-50.86502619087696,
C96,"Italy          OACL Observatory, Mosciano Sant Angelo",13.8786,42.753689,225.199,161.41214264388105,0.006536045937368103,128.65287065505981,83.15687626600266,-50.865042954683304,
C97,"Oman           Al-Fulaij Observatory, Oman",57.97633,23.629468,43.382,161.3751035768661,0.006173655236594607,128.62128019332886,83.1332765519619,-50.865987315773964,
C98,"Italy          Osservatorio Casellina, Scandicci",11.1764,43.764918,59.705,161.4141079746783,0.00651493941855609,128.6550760269165,83.15727114677429,-50.86505599319935,
C99,"Spain          Observatori Can Roig, Llagostera",2.89631,41.826669,150.489,161.42037927368932,0.006720417757586175,128.660649061203,83.16096663475037,-50.864819437265396,
D00,Russia         ASC-Kislovodsk Observatory,42.6536,43.740151,2104.52,161.39143247107924,0.005863003044160785,128.63701581954956,83.14082026481628,-50.865672528743744,
D01,"Finland        Andean Northern Observatory, Nummi-Pusula",23.93061,60.352767,79.288,161.4060268281944,0.005270169439317042,128.65525484085083,83.14099162817001,-50.865571945905685,
D02,Spain          Observatori Petit Sant Feliu,2.05189,41.383634,119.25,161.4210894632405,0.00675349670914306,128.66118550300598,83.16148445010185,-50.864869728684425,
D03,"Italy          Rantiga Osservatorio, Tincana",10.58892,44.441106,696.564,161.41418421830932,0.00648300258224192,128.65546345710754,83.15685391426086,-50.86500011384487,
D04,Russia         Krasnodar,38.8569,44.894146,34.666,161.39428035204324,0.005904011793662046,128.63925099372864,83.1429585814476,-50.86556077003479,
D05,Russia         ISON-Terskol Observatory,42.50005,43.274569,3110.076,161.39134209087428,0.005891918197422481,128.63671779632568,83.14114809036255,-50.86560361087322,
D06,"Italy          Associazione Tuscolana di Astronomia, Domatore",12.77017,41.75027,581.475,161.41276156550188,0.006609320770310239,128.65307927131653,83.15780386328697,-50.86496286094189,
D07,Germany        Wegberg,6.2094,51.142527,75.685,161.41649505231644,0.006113564898900197,128.66055965423584,83.15344899892807,-50.86500942707062,
D08,"Switzerland    Ghezz Observatory, Leontica",8.9191,46.455115,950.271,161.4153817514173,0.006382101053953,128.6574900150299,83.156056702137,-50.86497776210308,
D09,"Belgium        Observatory Gromme, Maasmechelen",5.6794,50.941601,22.656,161.41671903250588,0.00613178637666953,128.66070866584778,83.15359055995941,-50.865111872553825,
D10,Germany        Gaertringen,8.90181,48.648915,531.533,161.41519329512897,0.006245669180519099,128.65817546844482,83.15460756421089,-50.865015015006065,
D11,France         Bastidan Observatory,5.62797,43.790819,476.48,161.41799127191393,0.006578872815120651,128.6589801311493,83.15886557102203,-50.864897668361664,
D12,"Italy          Filzi School Observatory, Laives",11.33806,46.422793,318.634,161.41366350245232,0.006354140895533443,128.65576148033142,83.1553228199482,-50.86509697139263,
D13,Italy          Cat's Eye Observatory,11.56369,42.479972,199.693,161.41387627247767,0.0065843390483781425,128.6543905735016,83.15789327025414,-50.865037366747856,
D14,"China          Nanchuan Observatory, Guangzhou",113.3231,23.143683,14.26,161.3567301784306,0.003400063046239063,128.63117456436157,83.08142051100731,-50.86740478873253,
D15,"Germany        Sternwarte F.Schiller-Gymnasium, Weimar",11.31781,50.983394,267.931,161.41323457995423,0.006068100364380453,128.65734100341797,83.15201103687286,-50.86515471339226,
D16,"China          Po Leung Kuk Observatory, Tuen Mun",113.96422,22.376619,31.957,161.35640398137528,0.003376254078616696,128.63117456436157,83.08074250817299,-50.86747743189335,
D17,China          Hong Kong,114.22,22.474601,-9.736,161.35647707681045,0.0033595810885225725,128.63144278526306,83.0804817378521,-50.86745694279671,
D18,China          Mt. Guizi Observatory,114.358,30.521411,43.624,161.35997456980346,0.0031914157315871185,128.63421440124512,83.08305963873863,-50.86733214557171,
D19,China          Hong Kong Space Museum Sai Kung iObservatory,114.323,22.408327,98.975,161.3565367188988,0.0033547379000833325,128.631591796875,83.08037370443344,-50.86744576692581,
D20,"Australia/WA   Zadko Observatory, Wallingup Plain",115.71311,-31.355948,51.272,161.3619465868067,0.0030903304000929736,128.63746285438538,83.08180421590805,-50.86742341518402,
D21,Australia/WA   Shenton Park,115.815,-31.961553,-2.733,161.36211962514705,0.003073862383546978,128.63770127296448,83.08186009526253,-50.86727812886238,
D22,"Australia/WA   UWA Observatory, Crawley",115.81667,-31.978893,24.482,161.36214487421168,0.003073455681248205,128.63770127296448,83.08180421590805,-50.86744949221611,
D23,"Spain          OAIA, Alcarras",0.51853,41.561741,178.656,161.4221786724834,0.006756118627431358,128.66240739822388,83.16175267100334,-50.864797085523605,
D24,"Australia/WA   LightBuckets Observatory, Pingelly",117.08969,-32.514144,147.864,161.36266588914674,0.002986312794748016,128.63874435424805,83.08121934533119,-50.86741968989372,
D25,"Australia/WA   Tzec Maun Observatory, Pingelly (before 2010)",117.08978,-32.513139,144.846,161.36245714487174,0.0029863232585054062,128.63856554031372,83.08116719126701,-50.867294892668724,
D26,"France         Peyrole Observatory, Peyrole",1.92131,43.807685,356.002,161.42072255676348,0.006612759067136765,128.66172194480896,83.1599161028862,-50.86491256952286,
D27,"France         Observatoire de Fontcaude, Juvignac",3.80361,43.626682,125.173,161.41936286831802,0.006606528568044549,128.66023182868958,83.15958455204964,-50.86490884423256,
D28,"Spain          Escaldarium Observatory,Caldes de Montbui",2.18286,41.619802,282.425,161.4209076391194,0.006738841241109431,128.6611258983612,83.16127955913544,-50.86477845907211,
D29,"China          Purple Mountain Observatory, XuYi Station",118.4639,32.734366,218.979,161.3618261121488,0.002909481961558389,128.63785028457642,83.08103308081627,-50.86732096970081,
D30,"Germany        Sternwarte Silbergraben, Erfurt",11.0835,50.942811,340.48,161.41346103941513,0.006073580326858557,128.65743041038513,83.15227925777435,-50.865208730101585,
D31,"Italy          Osservatorio Aldebaran, Rivalba",10.09797,44.504353,920.531,161.414768192037,0.0064855597444769845,128.6560297012329,83.15708860754967,-50.865037366747856,
D32,"China          JiangNanTianChi Observatory, Mt. Getianling",119.59975,30.469432,942.861,161.36077163861978,0.0028929534708835034,128.63755226135254,83.07935297489166,-50.86747370660305,
D33,"Taiwan         Kenting Observatory, Checheng",120.6982,22.049959,38.416,161.35757137746992,0.0029846225804728995,128.63582372665405,83.07575434446335,-50.86757056415081,
D34,"Taiwan         Kenting Observatory, Hengchun",120.7839,21.950269,118.573,161.35756847921286,0.002981152380304813,128.63585352897644,83.07572081685066,-50.86754076182842,
D35,Taiwan         Lulin Observatory,120.8736,23.46858,2879.047,161.35791687789657,0.0029520120696542996,128.6361813545227,83.07589218020439,-50.867537036538124,
D36,"Taiwan         Tataka, Mt. Yu-Shan National Park",120.8897,23.487263,2596.013,161.35799109210717,0.0029506426323618077,128.6361813545227,83.07603746652603,-50.867535173892975,
D37,"Taiwan         Lulin Widefield Telescope, Mt. Lulin",120.87325,23.468778,2860.725,161.35798502533257,0.0029520107474537084,128.6361813545227,83.07601884007454,-50.86754634976387,
D38,"Italy          Tecnosky Astropark, Felizzano",8.43764,44.912897,157.438,161.41582770258668,0.006480870107284381,128.65719199180603,83.15737545490265,-50.864990800619125,
D39,"China          Shandong University Observatory, Weihai",122.04961,37.535927,100.091,161.364999308608,0.0026023163074107604,128.64190340042114,83.08092504739761,-50.867313519120216,
D40,Italy          Frosinone,13.33772,41.653222,254.01599999999996,161.41262429854936,0.0066064742350928065,128.6529004573822,83.1577479839325,-50.86507089436054,
D41,Italy          Osservatorio Astronomico Orciatico,10.71704,43.429224,485.944,161.41433738040865,0.006540775551622258,128.65519523620605,83.15754681825638,-50.86503177881241,
D42,"Italy          Piero Angela Observatory, Scandicci",11.19084,43.747676,123.853,161.41405308500066,0.0065157971330365196,128.65504622459412,83.15721526741982,-50.86504854261875,
D43,"Italy          45th Parallel Observatory, Pino Torinese",7.77039,45.0446,555.431,161.41630801676914,0.006480791939490871,128.657728433609,83.15744251012802,-50.86504854261875,
D44,Japan          Ishigakijima Astronomical Observatory,124.13928,24.372862,196.762,161.3590858265534,0.0027424113768231367,128.63874435424805,83.0741859972477,-50.86755007505417,
D45,"Poland         Kamyk, Trzesn",21.49325,50.334547,203.712,161.40673092009118,0.005961332496891929,128.65114212036133,83.14892277121544,-50.86524412035942,
D46,Germany        Observatory Bad Wurzach,9.90265,47.906,724.482,161.41450350585396,0.006280697009358101,128.65722179412842,83.15467461943626,-50.86512863636017,
D47,"Italy          BigBang Observatory, Manciano",11.56366,42.479972,199.693,161.41390361643482,0.006584336140665165,128.6543905735016,83.15795660018921,-50.86502060294151,
D48,Germany        Niederbexbach Observatory,7.26381,49.330851,296.849,161.41592792584882,0.006220155627584341,128.659188747406,83.15443620085716,-50.865063443779945,
D49,Spain          L'Ametlla de Mar,0.79444,40.876687,58.241,161.4222060503043,0.00679313735519954,128.66216897964478,83.16215872764587,-50.864823162555695,
D50,"France         Vaucluse Observatoire Celeste, Blauvac",5.21519,44.039478,314.126,161.41828663716353,0.006568246693321353,128.65930795669556,83.15892145037651,-50.86491443216801,
D51,France         Plateau Astronomique La Couronne,1.94844,44.082999,352.16,161.4206936910851,0.006596051861471847,128.6618709564209,83.1596739590168,-50.86483992636204,
D52,"Italy          ULU Observatory, Caselle Landi",9.7975,45.098032,87.24,161.41465017943216,0.006453464701384998,128.65614891052246,83.15667510032654,-50.865037366747856,
D53,Russia         ISON-Blagoveschensk Observatory,127.482,50.318536,214.305,161.37465455005363,0.002087147096490863,128.6509931087494,83.08568224310875,-50.86718499660492,
D54,"Russia         MASTER-II Observatory, Blagoveshchensk",127.483,50.318902,263.392,161.3746087523266,0.002087105993132504,128.6509931087494,83.0855704843998,-50.867222249507904,
D55,"South Korea    Kangwon Science High School Observatory, Ksho",127.9747,37.372831,205.007,161.36643167580104,0.0022715683832349232,128.64580750465393,83.0775797367096,-50.86744762957096,
D56,"Italy          Osservatorio Sideris Oculus, San Pietro in Gu",11.67408,45.607803,93.456,161.41350107748508,0.006398996553113818,128.655344247818,83.15572142601013,-50.86498521268368,
D57,"South Korea    Gimhae Astronomical Observatory, Uhbang-dong",128.88744,35.252875,369.15,161.36548567368135,0.002260983606934132,128.645658493042,83.07597413659096,-50.86744576692581,
D58,"South Korea    KSA SEM Observatory, Danggam-dong",129.025,35.165619,149.564,161.36550614491918,0.0022547447197584724,128.645658493042,83.07600021362305,-50.8674681186676,
D59,"France         MARIAMIR, Saint-Jeannet",7.15617,43.74777,398.8,161.41683832486459,0.006564960159168315,128.657728433609,83.15852656960487,-50.86495913565159,
D60,"Italy          Sparky's Stars, Masseris",13.55146,46.18367,832.667,161.4121369191873,0.006339184641921776,128.65424156188965,83.15473049879074,-50.865065306425095,
D61,"Japan          Suntopia Marina, Sumoto",134.9131,34.327701,29.273,161.36703076240306,0.0019311017149824935,128.64968180656433,83.07269588112831,-50.86752586066723,
D62,Japan          Miyaki-Argenteus,130.4494,33.289452,56.396,161.3650065798205,0.002208739256988113,128.64619493484497,83.07419344782829,-50.86747743189335,
D63,"Italy          G. Pascoli Observatory, Barga (since June 2023)",10.46138,44.081326,296.499,161.41459095454172,0.0065057176380261756,128.65567207336426,83.1572636961937,-50.86509324610233,
D64,"Italy          Fucama, Casalincontrada",14.10967,42.305528,179.161,161.41196814313824,0.006558190501382106,128.65248322486877,83.15712213516235,-50.865067169070244,
D65,"Italy          G. Beltrame, Arcugnano Vicenza",11.53481,45.497415,227.692,161.41353635872412,0.006407523139198379,128.65525484085083,83.15586671233177,-50.865085795521736,
D66,Italy          Civico Osservatorio Astronomico di Rozzano,9.14839,45.376776,165.993,161.41537458886478,0.0064445981624912845,128.6570131778717,83.1567794084549,-50.86497962474823,
D67,"Russia         Tula Rooftop Observatory, Tula",37.62472,54.209185,175.117,161.3974947087039,0.005401552904856146,128.64571809768677,83.13913270831108,-50.86565762758255,
D68,"Italy          Osservatorio Galileo, Padova",11.73622,45.46541,67.007,161.4135872727607,0.006406725164960233,128.65525484085083,83.15595984458923,-50.86509510874748,
D69,Germany        JMU Space-Observatory,9.97013,49.782617,342.74,161.4141810412691,0.006161303758921318,128.65769863128662,83.15326645970345,-50.86520127952099,
D70,Japan          Tosa,133.4686,33.467927,37.268,161.3661797029679,0.0020304825536677103,128.64848971366882,83.07290822267532,-50.86749419569969,
D71,"Austria        ObservaSTYRium, Stainz bei Straden",15.89225,46.822401,304.705,161.41046979607248,0.006266453885770125,128.6529302597046,83.15347880125046,-50.865137949585915,
D72,"Namibia        WAA Remote Observatory, Hakos",16.36131,-23.236603,1856.06,161.41169012714937,0.00768869619668724,128.647118806839,83.16505327820778,-50.86478590965271,
D73,"Namibia        SNX-NET, Hakos",16.36139,-23.236611,1870.298,161.41168059068838,0.007688703386593774,128.64717841148376,83.16492661833763,-50.8648119866848,
D74,Japan          Nakagawa,134.6819,33.948936,54.371,161.36693611841721,0.001951409128371052,128.64959239959717,83.07262882590294,-50.867561250925064,
D75,Italy          Cariati,16.95608,39.488772,74.321,161.40988906458344,0.006669047442162358,128.64965200424194,83.1574872136116,-50.86503364145756,
D76,"Spain          AAT-Terrassa, Terrassa",2.00703,41.564599,349.351,161.42108886118675,0.006743596220325345,128.66124510765076,83.16144347190857,-50.86478404700756,
D77,Italy          TD-TRO (Tuscany Remote Observatory),10.71736,43.42902,482.054,161.41442822175782,0.006540776578238366,128.6553144454956,83.15757289528847,-50.86497589945793,
D78,Japan          Iga-Ueno,136.13281,34.768568,156.708,161.36789290622022,0.0018527716415132492,128.65087389945984,83.07245373725891,-50.86764134466648,
D79,"Australia/SA   YSVP Observatory, Vale Park",138.63092,-34.884487,43.798,161.37036592522333,0.0016084917167777312,128.65504622459412,83.07085186243057,-50.86755007505417,
D80,Japan          Gumma Astronomical Observatory,138.9728,36.596424,861.621,161.3699472108762,0.0016577290378749546,128.6536455154419,83.07219296693802,-50.86757428944111,
D81,Japan          Nagano,138.2239,36.669278,356.183,161.369585256927,0.0016991745923899068,128.6529004573822,83.07264372706413,-50.86757428944111,
D82,Australia/SA   Wallaroo,137.6317,-33.931075,28.039,161.36930776096568,0.0016790507967662642,128.65376472473145,83.07071030139923,-50.86766555905342,
D83,Japan          Miwa,138.4681,36.496336,1281.527,161.36961439128186,0.001688407023721961,128.65304946899414,83.072479814291,-50.867557525634766,
D84,Australia/SA   Hallet Cove,138.5086,-35.08637,54.807,161.37020692292072,0.001614724205175097,128.6548674106598,83.07085186243057,-50.86749792098999,
D85,Australia/SA   Ingle Farm,138.6597,-34.820641,147.776,161.37022361264988,0.0016071498052158417,128.65495681762695,83.07068422436714,-50.86759850382805,
D86,Australia/SA   Penwortham,138.6407,-33.91894,429.387,161.3697963580905,0.0016155250994450306,128.65471839904785,83.07023718953133,-50.86757615208626,
D87,Australia/SA   Brooklyn Park,138.55,-34.926094,-17.531,161.37012005956853,0.0016132527994307112,128.65468859672546,83.07087793946266,-50.867632031440735,
D88,Japan          Hiratsuka,139.3142,35.369663,-3.842,161.3696931073722,0.0016592524626752945,128.65376472473145,83.07147026062012,-50.86764693260193,
D89,Japan          Yamagata,140.3383,38.184585,562.682,161.37135626205693,0.0015534467302522688,128.6550760269165,83.07274430990219,-50.86752586066723,
D90,"Australia/SA   RAS Observatory, Moorook",140.342,-34.269333,13.586,161.37075438012727,0.0015056129574500963,128.65623831748962,83.06973055005074,-50.86759850382805,
D91,Japan          Adati,140.825,37.665917,254.84099999999998,161.37118802671472,0.0015341667897798444,128.65522503852844,83.07220041751862,-50.86750350892544,
D92,Japan          Osaki,140.94638,38.565522,41.729,161.37172256706364,0.0015128201075124727,128.65552306175232,83.07277038693428,-50.86751468479633,
D93,Japan          Sendai Astronomical Observatory,140.75516,38.255144,162.86,161.3715198462192,0.0015285940906075751,128.65528464317322,83.0727070569992,-50.86757801473141,
D94,"Japan          Takanezawa, Tochigi",139.9962,36.628007,208.037,161.37036215601552,0.00159861194131751,128.6543905735016,83.07191357016563,-50.867462530732155,
D95,Japan          Kurihara,141.068,38.801469,14.706,161.37191972915767,0.0015022534149304156,128.65573167800903,83.07283371686935,-50.867509096860886,
D96,"Australia/SA   Tzec Maun Observatory, Moorook",140.34216,-34.268869,32.525,161.37079299893477,0.0015056033423356114,128.65620851516724,83.06990191340446,-50.86751654744148,
D97,Australia/SA   Berri,140.57,-34.244932,22.177,161.3708745939516,0.0014914858811798052,128.65641713142395,83.06971564888954,-50.86755193769932,
D98,Italy          Loiano TANDEM,11.33409,44.259208,745.434,161.41380399635088,0.006484124162659771,128.65498661994934,83.15685018897057,-50.86500570178032,
D99,"France         AstroKoT, Port-Ste-Marie",0.39123,44.261624,232.292,161.421703285592,0.006597828454335446,128.66300344467163,83.15989747643471,-50.86481384932995,
E00,Australia/VIC  Castlemaine,144.2089,-37.059619,313.796,161.3739625859221,0.0012563179530679337,128.66008281707764,83.07000622153282,-50.86760222911835,
E01,Australia/VIC  Barfold,144.54142,-37.098948,398.631,161.37407057911702,0.0012363225431015448,128.6602020263672,83.07007700204849,-50.86752772331238,
E03,"Australia/VIC  RAS Observatory, Officer",145.3822,-38.136178,71.609,161.37511519059623,0.0011887118300808555,128.66127490997314,83.07043090462685,-50.86755007505417,
E04,"US/Saipan      Pacific Sky Observatory, Saipan",145.7403,15.156538,92.29,161.3661498894724,0.0016097770555357598,128.65635752677917,83.06045830249786,-50.8678313344717,
E05,"Australia/QLD  Earl Hill Observatory, Trinity Beach",145.69721,-16.794672,73.158,161.3671771522698,0.0014350511958258253,128.6575198173523,83.06064456701279,-50.867846235632896,
E07,Australia/NSW  Murrumbateman,148.99889,-34.958699,595.907,161.37553636943795,0.0009706442394119856,128.66362929344177,83.06759223341942,-50.86756683886051,
E08,"Australia/NSW  Wobblesock Observatory, Coonabarabran",149.33431,-31.226991,600.644,161.3741401744064,0.0009739541793595126,128.66321206092834,83.0654576420784,-50.867678597569466,
E09,"Australia/NSW  Oakley Southern Sky Observatory, Coonabarabran",149.0814,-31.281463,827.066,161.37395484851078,0.0009886261383813938,128.66294384002686,83.06553587317467,-50.86764134466648,
E10,Australia/NSW  Siding Spring-Faulkes Telescope South,149.07085,-31.272806,1154.348,161.37401858089618,0.0009893877830648692,128.66303324699402,83.06550979614258,-50.86765997111797,
E11,"Australia/NSW  Frog Rock Observatory, Mudgee",149.6627,-32.456034,543.515,161.3748090075848,0.0009430509486907825,128.66371870040894,83.06602016091347,-50.8676003664732,
E12,Australia/NSW  Siding Spring Survey,149.0642,-31.273455,1183.177,161.37395683160992,0.0009897774797861215,128.6628544330597,83.06560292840004,-50.86776427924633,
E13,Australia/ACT  Wanniassa,149.0969,-35.390394,612.644,161.37576300470963,0.0009644682481600471,128.6638379096985,83.06770026683807,-50.867581740021706,
E14,"Australia/ACT  Hunters Hill Observatory, Ngunnawal",149.11,-35.162463,690.888,161.37561774586638,0.0009638374770530696,128.66368889808655,83.0676294863224,-50.86761340498924,
E15,"Australia/NSW  Magellan Observatory, near Goulburn",149.6061,-34.998673,709.829,161.37598130436345,0.0009348710884775939,128.66419553756714,83.06750655174255,-50.86768604815006,
E16,"Australia/NSW  Grove Creek Observatory, Trunkey",149.36624,-33.829624,952.993,161.37527638671568,0.0009523010491253424,128.66371870040894,83.0669030547142,-50.86764134466648,
E17,Australia/NSW  Leura,150.3417,-33.706839,1174.992,161.37578396384953,0.0008953153655905246,128.66458296775818,83.06652307510376,-50.86768604815006,
E18,"Australia/NSW  BDI Observatory, Regents Park",151.02714,-34.010413,104.761,161.37613172732986,0.0008543393282795942,128.665030002594,83.06658267974854,-50.867561250925064,
E19,Australia/NSW  Kingsgrove,151.0958,-33.947661,36.044,161.37635274379468,0.0008505731965569337,128.66529822349548,83.06657150387764,-50.86760222911835,
E20,Australia/NSW  Marsfield,151.1032,-33.770507,108.983,161.37622933448566,0.0008507865964111699,128.66517901420593,83.0664411187172,-50.867725163698196,
E21,"Australia/QLD  Norma Rose Observatory, Leyburn",151.5667,-27.985792,609.832,161.3741285671661,0.0008874619886334638,128.66464257240295,83.06321129202843,-50.86769163608551,
E22,"Australia/QLD  Univ. of Southern Queensland Obs., Mt. Kent",151.855,-27.797722,669.202,161.37429939148927,0.0008744201756613367,128.66497039794922,83.0630399286747,-50.86768418550491,
E23,Australia/NSW  Arcadia,151.07119,-33.621199,181.607,161.3761514447689,0.000853227682778759,128.66514921188354,83.06639641523361,-50.86762644350529,
E24,"Australia/NSW  Tangra Observatory, St. Clair",150.7769,-33.809709,56.43,161.37593888676673,0.0008695003860372324,128.66491079330444,83.06639268994331,-50.867561250925064,
E25,Australia/QLD  Rochedale (APTA),153.117,-27.563958,-6.532,161.37505746679997,0.0008092355207592079,128.66607308387756,83.06274190545082,-50.86778663098812,
E26,"Australia/QLD  RAS Observatory, Biggera Waters",153.3971,-27.933917,13.334,161.37535601365798,0.0007876751832067582,128.66640090942383,83.06287229061127,-50.86769163608551,
E27,Australia/QLD  Thornlands,153.2667,-27.566288,-87.61,161.3752002837637,0.0008011862332771023,128.66628170013428,83.06267112493515,-50.867827609181404,
E28,"Australia/NSW  Kuriwa Observatory, Hawkesbury Heights",150.64105,-33.664388,305.021,161.37576786622816,0.0008779784909384127,128.66470217704773,83.06633681058884,-50.86763761937618,
E29,Australia/WA   Mardella Observatory,115.95533,-32.309798,-13.625,161.36229846490022,0.0030594176589892053,128.63785028457642,83.0819196999073,-50.86737126111984,
E41,Australia/SA   Strathalbyn,138.89025,-35.240433,112.204,161.37062000281887,0.001589820285806298,128.65528464317322,83.07090774178505,-50.86766183376312,
E42,"Australia/SA   AUSTRALIA1/SRI, Swan Reach",139.57019,-34.544001,55.012,161.37056279982295,0.0015520407362142876,128.65567207336426,83.07021483778954,-50.867632031440735,
E52,"Australia/NSW  The Rock Regional Observatory, The Rock",147.09597,-35.267938,214.996,161.3745817202168,0.0010836755340516379,128.66196036338806,83.06825533509254,-50.867676734924316,
E54,Australia/NSW  TransAstra at Springbrook,149.08147,-31.281739,838.174,161.37399443982804,0.0009886214599188657,128.66303324699402,83.06542411446571,-50.86772330105305,
E55,Australia/NSW  GOTO South,149.06411,-31.273754,1128.663,161.37381371556367,0.0009897709208958444,128.66288423538208,83.06537568569183,-50.867605954408646,
E62,"Australia/NSW  Slooh.com Australia, Coonabarabran",149.08135,-31.281739,838.174,161.37398455607703,0.0009886220286410763,128.66297364234924,83.06556567549706,-50.86761154234409,
E81,New Zealand    Nelson,173.2617,-41.274462,124.363,161.39339809970906,0.0009382333157937499,128.68431210517883,83.07032659649849,-50.86745135486126,
E83,"New Zealand    Wither Observatory, Witherlea",173.95703,-41.535738,13.963,161.39420319542157,0.0009786272136334969,128.68505716323853,83.07072520256042,-50.86746998131275,
E84,New Zealand    Twizel Observatory,170.10187,-44.257512,472.739,161.39217028476983,0.0008990002525130875,128.68160009384155,83.07214453816414,-50.86744762957096,
E85,New Zealand    Farm Cove,174.894,-36.895808,6.601,161.3934068651956,0.0009572836512695787,128.68601083755493,83.06766301393509,-50.867531448602676,
E86,"New Zealand    Speranza Observatory, Otaki",175.16937,-40.761812,54.68,161.39458322587888,0.0010239233700852772,128.685861825943,83.07025581598282,-50.86740665137768,
E87,New Zealand    Turitea,175.654,-40.411595,79.802,161.39487600059513,0.001043226187539741,128.6863088607788,83.07009562849998,-50.86746625602245,
E89,"New Zealand    Geyserland Observatory, Pukehangi",176.204,-38.136018,300.884,161.39452632079383,0.0010429296956465514,128.6868453025818,83.0685943365097,-50.86745135486126,
E94,"New Zealand    Possum Observatory, Gisborne",177.88331,-38.629922,11.072,161.39613436204672,0.0011440728073545652,128.68833541870117,83.06941017508507,-50.86745135486126,
F51,"US/Hawaii      Pan-STARRS 1, Haleakala",203.74409,20.707235,3067.733,161.41627178206204,0.0027607042507579228,128.71205806732178,83.07194709777832,-50.86718499660492,
F52,"US/Hawaii      Pan-STARRS 2, Haleakala",203.74409,20.707384,3060.311,161.41633636692524,0.002760701369835943,128.71211767196655,83.07201787829399,-50.867123529314995,
F59,"US/Hawaii      Ironwood Remote Observatory, Hawaii",201.941,21.3111,27.429,161.41469694562284,0.002640203163083307,128.71059775352478,83.07110518217087,-50.86725763976574,
F60,"US/Hawaii      Ironwood Observatory, Hawaii",201.95283,21.644636,199.079,161.41456469948326,0.0026343834550032045,128.71035933494568,83.07123929262161,-50.867222249507904,
F65,US/Hawaii      Haleakala-Faulkes Telescope North,203.7425,20.707007,3044.524,161.4163707858201,0.0027606169591057775,128.71208786964417,83.07210355997086,-50.867168232798576,
F84,"Tahiti         Hibiscus Observatory, Punaauia",210.3842,-17.634072,-23.897,161.4235233395494,0.0033514731411702484,128.7190318107605,83.07536691427231,-50.86696520447731,
F85,"Tahiti         Tiki Observatory, Punaauia",210.3842,-17.634072,-23.897,161.4235233395494,0.0033514731411702484,128.7190318107605,83.07536691427231,-50.86696520447731,
F86,"Tahiti         Moana Observatory, Punaauia",210.38381,-17.634221,8.145,161.4235069812423,0.003351463818479505,128.71894240379333,83.07544514536858,-50.86701177060604,
G00,"Austria        AZM Martinsberg, Oed",15.126,48.381564,914.616,161.41096137512517,0.006182515094898413,128.65406274795532,83.15270021557808,-50.86510628461838,
G01,Germany        Universitaetssternwarte Oldenburg,8.16528,53.152847,53.648,161.41494404178482,0.005961083997701984,128.65999341011047,83.1512026488781,-50.86519196629524,
G02,"Slovakia       KYSUCE Observatory, Kysucke Nove Mesto",18.76539,49.307316,460.986,161.40851758269463,0.006069941725430119,128.65224480628967,83.15064385533333,-50.86531117558479,
G03,"Hungary        Capricornus Observatory, Csokako",18.26061,47.362997,361.722,161.40884438534943,0.00619704396234817,128.6517083644867,83.15220847725868,-50.86514726281166,
G04,"Germany        Schuelerlabor Astronomie St. 7, Wuppertal",7.14133,51.230706,386.071,161.41599376152365,0.006098641911237351,128.66011261940002,83.1531174480915,-50.865091383457184,
G05,"Spain          Piconcillo, Sierra Morena",354.53363,38.177283,582.408,161.42744176400072,0.0069858840608461115,128.66687774658203,83.16509798169136,-50.864722579717636,
G06,"Netherlands    Dordrecht, Sterrenburg",4.6715,51.779218,45.596,161.41720001141454,0.006086027242201639,128.6616325378418,83.1531323492527,-50.8650504052639,
G07,France         Millau Observatory,3.06386,44.096004,464.51,161.41997849716512,0.006585558890763258,128.6611557006836,83.15935358405113,-50.86490325629711,
G08,"Spain          Observatorio Les Pedritxes, Matadepera",1.99694,41.620271,704.035,161.4212027058957,0.006740647496764557,128.6613643169403,83.16145837306976,-50.864819437265396,
G09,"UK/England     SWF Observatory, South Woodham Ferrers",0.61056,51.647539,55.756,161.4197419199823,0.006127286784703268,128.66419553756714,83.1541158258915,-50.86502619087696,
G10,"Spain          Clavier Observatory, Lora Del Rio",354.45055,37.667863,131.547,161.4275303836824,0.007013831341483139,128.66678833961487,83.16540718078613,-50.864724442362785,
G11,"Germany        Breitenweg Observatory, Herkenrath",7.18379,50.993278,247.233,161.41596690024286,0.006113655822644234,128.6599636077881,83.15327763557434,-50.86512118577957,
G12,"Germany        Sternwarte EG, Lippstadt",8.3306,51.676397,167.423,161.41519670783754,0.006057003012410713,128.6594569683075,83.15252885222435,-50.865182653069496,
G13,"Norway         Astronomihagen, Fannrem",9.77164,63.214082,69.656,161.41277798085687,0.005243674767675653,128.66267561912537,83.14267173409462,-50.865478813648224,
G14,"France         Novaloop Observatory, Mougins",7.0052,43.60913,257.941,161.41707408192926,0.006574752362141261,128.6579668521881,83.15864950418472,-50.86490325629711,
G15,"Italy          Magroforte Observatory, Alessandria",9.1183,44.772008,570.316,161.41536321878715,0.006481459194594727,128.65674495697021,83.15717801451683,-50.864970311522484,
G16,"Italy          OmegaLab Observatory, Palermo",13.34869,38.10031,93.304,161.4128540630799,0.006800343266754292,128.65182757377625,83.15987884998322,-50.86502991616726,
G17,"Italy          BAS Observatory, Scandicci",11.20261,43.752136,94.994,161.41405509680013,0.0065153640379494926,128.65504622459412,83.1572487950325,-50.86500011384487,
G18,"Italy          ALMO Observatory, Padulle",11.28056,44.626939,59.547,161.41392410832236,0.006462752029822913,128.6553144454956,83.15660804510117,-50.86495354771614,
G19,"Germany        Immanuel Kant Observatory,Limbach",12.746,50.860591,360.68,161.4122422611631,0.006058231722308197,128.656268119812,83.15173909068108,-50.865164026618004,
G20,France         Brignoles Observatory,6.05989,43.401236,283.226,161.41762095441575,0.006597278517094895,128.65838408470154,83.15905183553696,-50.8649256080389,
G21,Italy          Osservatorio Castrofilippo,13.73789,37.347128,546.724,161.4125233022326,0.006834200933446276,128.6512315273285,83.16018059849739,-50.864994525909424,
G22,"Germany        Experimenta Observatory, Heilbronn",9.21439,49.144491,244.414,161.41461994117998,0.0062106238524451815,128.65781784057617,83.15395563840866,-50.86516588926315,
G23,"Hungary        Vulpecula Observatory, Budapest",19.09234,47.588701,151.197,161.40834953834062,0.006169819573164809,128.65135073661804,83.15174654126167,-50.865236669778824,
G24,Germany        Dettenhausen,9.0935,48.612819,480.168,161.41505544441205,0.006245736377860069,128.65802645683289,83.15455913543701,-50.86503364145756,
G25,Canada/Quebec  Sherbrooke,288.105,45.415613,146.229,161.45056383642802,0.005776534660512126,128.7112534046173,83.14106613397598,-50.86512491106987,
G26,"China          Fushan Observatory, Mt Shaohua",109.8236,34.508337,460.794,161.36175320154123,0.0033508533515530267,128.63346934318542,83.08770507574081,-50.867270678281784,
G27,"Spain          Fabra Observatory, Montsec",0.72935,42.051659,1573.59,161.42204550272288,0.006726729809240115,128.66249680519104,83.16132053732872,-50.86485482752323,
G28,"UK/England     Wyncroft Observatory, Attleborough",1.0085,52.510997,43.951,161.4194149464316,0.006066763083706064,128.6642849445343,83.15330743789673,-50.86508393287659,
G29,Spain          Requena,358.9124,39.491384,685.211,161.42379368786527,0.006886182505684932,128.6633014678955,83.16352590918541,-50.86476169526577,
G30,Canada/Ontari  Casselman,284.90719,45.306132,60.57,161.45061035415594,0.005692050238979263,128.71256470680237,83.13912525773048,-50.86512677371502,
G31,Italy          CCAT Trieste,13.7253,45.714674,248.59,161.4120436112214,0.006364694580921715,128.65397334098816,83.15496891736984,-50.8650578558445,
G32,"Chile          Elena Remote Observatory, San Pedro de Atacama",291.8204,-22.953233,2399.446,161.46433009412414,0.0072604178358724085,128.72231006622314,83.15090835094452,-50.86475424468517,
G33,Germany        Wickede,7.60879,51.528831,101.188,161.41565179566925,0.006074218534319204,128.65984439849854,83.15280824899673,-50.86519010365009,
G34,Germany        Oberfrauendorf,13.7015,50.860005,553.479,161.41184460954383,0.0060458872445954565,128.65588068962097,83.15152674913406,-50.86522921919823,
G35,"US/Arizona     Elephant Head Obsevatory, Sahuarita",249.15789,31.945051,930.571,161.4489150838165,0.004930286667196568,128.72764468193054,83.11200141906738,-50.865910947322845,
G36,Spain          Calar Alto-CASADO,357.4525,37.222887,2182.977,161.42544556080577,0.007021310556778496,128.6642551422119,83.16526934504509,-50.86474120616913,
G37,US/Arizona     Lowell Discovery Telescope,248.57779,34.744378,2346.659,161.44735712425538,0.004800566275729069,128.72591614723206,83.11167731881142,-50.86586996912956,
G38,"Spain          Observatorio La Senda, Cabanillas del Campo",356.76842,40.641132,700.225,161.4251318055655,0.006835624803961754,128.6652684211731,83.1630527973175,-50.86480639874935,
G39,"Chile          ROAD, San Pedro de Atacama",291.82039,-22.953105,2400.344,161.4643384818255,0.007260417641333389,128.72225046157837,83.15100893378258,-50.86476728320122,
G40,Canary Island  Slooh.com Canary Islands Observatory,343.49174,28.29972,2370.113,161.43837490421095,0.007502166795406513,128.67659330368042,83.17145705223083,-50.86444690823555,
G41,"US/Texas       Insperity Observatory, Humble",264.73816,29.967077,22.264,161.45659000941265,0.005691753901645956,128.7282109260559,83.12631398439407,-50.865450873970985,
G42,"Mexico         Observatorio Astronomico UAdeC, Saltillo",259.023,25.427831,1591.314,161.45646171489474,0.00560886040080005,128.73122096061707,83.12126994132996,-50.865668803453445,
G43,"Argentina      Observatorio Buenaventura Suarez, San Luis",293.6879,-33.152186,835.635,161.4595565212544,0.007033049593642006,128.71751189231873,83.14903825521469,-50.864800810813904,
G44,"Brazil         Observatorio Longa Vista, Sao Paulo",313.3061,-22.987244,816.636,161.4591443016001,0.007775930279401967,128.70672345161438,83.16518366336823,-50.86439661681652,
G45,"US/New Mexico  Space Surveillance Telescope, Atom Site",253.63564,33.739422,2422.438,161.45032350178835,0.005069405205237824,128.7268102169037,83.11609923839569,-50.86579732596874,
G46,US/California  Pinto Valley Observatory,244.66153,35.224571,1664.545,161.44483251975393,0.004598528798935683,128.72493267059326,83.10817554593086,-50.86606740951538,
G47,"US/New Mexico  HillTopTop Observatory, Edgewood",253.80654,35.049714,2085.663,161.44965448497345,0.005026006521095621,128.72591614723206,83.11619237065315,-50.8657842874527,
G48,"US/New Mexico  Harlingten Research Observatory, Rancho Hildalgo",251.10148,31.94692,1345.47,161.44991062704898,0.005020836495191698,128.7277638912201,83.11381563544273,-50.86580477654934,
G49,US/Minnesota   Minnetonka,266.5943,44.954211,296.434,161.44833795513068,0.0051088961628625515,128.71795892715454,83.12616869807243,-50.86543969810009,
G50,"US/New Mexico  Organ Mesa Observatory, Las Cruces",253.33,32.296029,1375.248,161.45081970651893,0.0051098676565039915,128.72761487960815,83.11579748988152,-50.86582899093628,
G51,"US/California  Byrne Observatory, Sedgwick Reserve",239.95778,34.691463,326.978,161.44242049631708,0.004389596892989772,128.72448563575745,83.10412988066673,-50.866153091192245,
G52,"US/California  Stone Edge Observatory, El Verano",237.49604,38.288709,63.92399999999999,161.43940251848912,0.004140772446247118,128.72159481048584,83.10271054506302,-50.86620897054672,
G53,"US/California  Alder Springs Observatory, Auberry",240.58727,37.070515,1411.134,161.44179567557623,0.004335460800136285,128.72308492660522,83.10510963201523,-50.86611397564411,
G54,US/California  Hemet,243.063,33.693764,590.97,161.44465598648642,0.004576716782566248,128.72567772865295,83.10668542981148,-50.866056233644485,
G55,US/California  Bakersfield,241.09533,35.37075,167.821,161.44275862195195,0.004421097540562614,128.72427701950073,83.10515433549881,-50.866080448031425,
G56,US/California  Walnut Creek,237.9294,37.924106,41.427,161.43979164356898,0.004175017313361073,128.7219226360321,83.10295641422272,-50.86621269583702,
G57,"US/Oregon      Dilbert Observatory, Forest Grove",236.8564,45.532488,73.3,161.4358801843421,0.003845832661924832,128.71646881103516,83.10384303331375,-50.866151228547096,
G58,"US/California  Chabot Space and Science Center, Oakland",237.818,37.819331,450.451,161.43983050794137,0.0041734610027232425,128.7219524383545,83.10295268893242,-50.86626671254635,
G59,"US/Washington  Maiden Lane Obs., Bainbridge Island",237.453,47.661778,85.808,161.43511186900798,0.0037947688789123322,128.71479988098145,83.10488983988762,-50.866225734353065,
G60,"US/California  Carroll Observatory, Montecito",240.33888,34.448409,181.79,161.442846562464,0.004416840333557213,128.72478365898132,83.10452103614807,-50.86611211299896,
G61,US/California  Pleasanton,238.1524,37.655933,124.724,161.4401245779618,0.0041955553350518406,128.72225046157837,83.10315012931824,-50.86612328886986,
G62,"US/Oregon      Sunriver Nature Center Observatory, Sunriver",238.5469,43.87637,1248.264,161.43740924972215,0.003985885086564825,128.71778011322021,83.10477435588837,-50.86616426706314,
G63,"US/Oregon      Mill Creek Observatory, The Dalles",238.6858,45.549113,226.047,161.43678207140607,0.003929306707855413,128.71673703193665,83.1051841378212,-50.8661437779665,
G64,US/California  Blue Canyon Observatory,239.2911,39.274187,1516.509,161.43988932356567,0.004192329415893701,128.7212073802948,83.10432359576225,-50.86609907448292,
G65,"US/California  Vulcan North, Lick Observatory, Mount Hamilton",238.3612,37.342524,1247.934,161.44027334838873,0.004217367622853366,128.72233986854553,83.10326188802719,-50.86618661880493,
G66,"US/California  Lake Forest Observatory, Forest Hills",238.9169,38.712186,236.987,161.4399960817434,0.004194518186989626,128.72153520584106,83.10401067137718,-50.86611956357956,
G67,"US/California  Rancho Del Sol, Camino",239.365,38.721062,945.194,161.4403879439013,0.004216023551433585,128.7217140197754,83.1044390797615,-50.86621083319187,
G68,"US/California  Sierra Stars Observatory, Markleeville",240.225,38.811659,1661.171,161.44069036933337,0.004254186743260828,128.72177362442017,83.10498669743538,-50.86612515151501,
G69,"US/California  Via Capote Sky Observatory, Thousand Oaks",241.0158,34.169638,282.897,161.44317498466768,0.0044599205895552545,128.72493267059326,83.1049270927906,-50.86611397564411,
G70,"US/California  Francisquito Observatory, Los Angeles",241.4547,34.463211,426.647,161.44347102659805,0.004471067180333609,128.72499227523804,83.10544863343239,-50.86605064570904,
G71,US/California  Rancho Palos Verdes,241.6047,33.771589,296.664,161.44381720682924,0.004502788480801124,128.72543931007385,83.10540020465851,-50.86609721183777,
G72,US/California  University Hills,241.82408,34.064203,147.998,161.44377792433517,0.004503127350625021,128.72517108917236,83.10571312904358,-50.8661400526762,
G73,US/California  Mount Wilson-TIE,241.94,34.213381,1652.153,161.44379625647758,0.004504055434398999,128.72520089149475,83.10576528310776,-50.86603760719299,
G74,"US/California  Boulder Knolls Observatory, Escondido",242.88538,33.225028,473.027,161.4446663932518,0.0045846102263190115,128.7258267402649,83.10648053884506,-50.86604692041874,
G75,"US/California  Starry Knight Observatory, Coto de Caza",243.2783,33.483607,1569.783,161.4449338430007,0.00459497980278678,128.72594594955444,83.10685306787491,-50.865985453128815,
G76,"US/California  Altimira Observatory, Coto de Caza",242.4178,33.591854,193.429,161.4445159546391,0.0045487945213935005,128.72585654258728,83.10609310865402,-50.866127014160156,
G77,US/California  Baldwin Lake,243.7183,34.283975,2046.9559999999997,161.4448810240465,0.00458779908798407,128.72552871704102,83.1073522567749,-50.866058096289635,
G78,"US/California  Desert Wanderer Observatory, El Centro",244.3127,32.780118,-5.175,161.44584811374705,0.004669374861032283,128.7265419960022,83.10766145586967,-50.866058096289635,
G79,US/California  Goat Mountain Astronomical Research Station,243.6165,34.291099,887.611,161.444666603544,0.004582210143134116,128.7253499031067,83.10726284980774,-50.86597613990307,
G80,"US/California  Sierra Remote Observatories, Auberry",240.5873,37.07039,1376.643,161.44173657037942,0.004335461431802645,128.72302532196045,83.10511335730553,-50.86607113480568,
G81,US/California  Temecula,242.913,33.4869,312.496,161.44474882658668,0.004576663350848824,128.72585654258728,83.1066332757473,-50.865983590483665,
G82,"US/Arizona     SARA Observatory, Kitt Peak",248.40057,31.960531,2046.557,161.44848894369804,0.004894578014762228,128.72755527496338,83.11133831739426,-50.86586810648441,
G83,US/Arizona     Mt. Graham-LBT,250.11039,32.701485,3182.41,161.4490674930475,0.004948055307649022,128.7272572517395,83.11290666460991,-50.86589604616165,
G84,US/Arizona     Mount Lemmon SkyCenter,249.21084,32.442529,2780.623,161.44869964695312,0.004915492347307991,128.7272870540619,83.11216533184052,-50.865864381194115,
G85,"US/Utah        Vermillion Cliffs Observatory, Kanab",247.56518,37.029036,1603.332,161.44576050368778,0.004666368339283885,128.72427701950073,83.11107009649277,-50.86594261229038,
G86,US/Arizona     Tucson-Winterhaven,249.0697,32.269723,739.115,161.448660898979,0.004914327127426528,128.72731685638428,83.11200514435768,-50.86592771112919,
G87,"US/Utah        Calvin M. Hooper Memorial Observatory, Hyde Park",248.1894,41.808031,1421.96,161.44352507317564,0.004504659373470283,128.7209391593933,83.11190083622932,-50.865937024354935,
G88,"US/Arizona     LAMP Observatory, New River",247.8881,33.93392,701.591,161.44728241086563,0.004798046710751619,128.72618436813354,83.11105519533157,-50.86597055196762,
G89,"US/Arizona     Kachina Observatory, Flagstaff",248.3069,35.099476,2089.964,161.4470248525954,0.004774508206355046,128.7255585193634,83.11156183481216,-50.865909084677696,
G90,"US/Arizona     Three Buttes Observatory, Tucson",248.9658,32.642288,1016.782,161.44849089069928,0.004896040117458125,128.72713804244995,83.1119529902935,-50.86592584848404,
G91,"US/Arizona     Whipple Observatory, Mt. Hopkins--2MASS",249.1219,31.680709,2287.949,161.44894558006777,0.004938667487962272,128.72782349586487,83.11184868216515,-50.86580477654934,
G92,"US/Arizona     Jarnac Observatory, Vail",249.2814,31.976191,1010.3539999999999,161.44886786851072,0.004934986053918605,128.72755527496338,83.11205729842186,-50.86589604616165,
G93,"US/Arizona     Sonoita Research Observatory, Sonoita",249.3726,31.662445,1562.811,161.44912947256591,0.004950787536524213,128.72782349586487,83.11213180422783,-50.86592584848404,
G94,"US/Arizona     Sonoran Skies Observatory, St. David",249.9267,31.928464,1542.6,161.44924004643246,0.0049670846988869016,128.72767448425293,83.11257511377335,-50.86592957377434,
G95,"US/Arizona     Hereford Arizona Observatory, Hereford",249.7622,31.452173,1386.852,161.4494727903725,0.004976500518542422,128.7280023097992,83.11256393790245,-50.86585693061352,
G96,US/Arizona     University of Arizona Mt. Lemmon Survey,249.21128,32.442732,2757.131,161.4486381007958,0.004915494255578601,128.72722744941711,83.11208337545395,-50.86595378816128,
G97,"US/Arizona     Astronomical League Alpha Observatory, Portal",250.8694,31.933218,1420.219,161.4496959738308,0.005010632567687792,128.72770428657532,83.11344310641289,-50.86588300764561,
G98,"US/New Mexico  Calvin-Rehoboth Observatory, Rehoboth",251.34354,35.525435,2022.0280000000002,161.44832155275114,0.0048971085643148005,128.7255883216858,83.11408013105392,-50.86583457887173,
G99,"US/New Mexico  NF Observatory, Silver City",251.8104,32.770984,1921.735,161.44988227670254,0.005023227460041314,128.7272870540619,83.11444893479347,-50.865886732935905,
H00,US/New Mexico  Tyrone,251.6987,32.71084,1802.273,161.44988722676487,0.005020315101751847,128.72737646102905,83.11433717608452,-50.86585879325867,
H01,"US/New Mexico  Magdalena Ridge Observatory, Socorro",252.81067,33.984831,3229.504,161.4496412580644,0.005023257848499485,128.72645258903503,83.1153392791748,-50.86577869951725,
H02,"US/New Mexico  Sulphur Flats Observatory, La Cueva",253.3706,35.882355,2397.204,161.44908822159664,0.004973931456071978,128.72540950775146,83.11586454510689,-50.86580477654934,
H03,"US/New Mexico  Sandia View Observatory, Rio Rancho",253.3553,35.273229,1638.07,161.44936826973014,0.0049970055490622806,128.72567772865295,83.11602845788002,-50.86574703454971,
H04,US/New Mexico  Santa Fe,254.026,35.640212,2062.465,161.44948316372046,0.00501240444265617,128.72552871704102,83.11649039387703,-50.86573399603367,
H05,"US/Colorado    Edmund Kline Observatory, Deer Trail",256.0707,39.644309,1562.06,161.44826864368716,0.0049359010800432085,128.72284650802612,83.11830461025238,-50.86570233106613,
H06,"US/New Mexico  iTelescope Observatory, Mayhill",254.4713,32.903325,2226.842,161.4511483141062,0.0051386856376539605,128.72731685638428,83.11690762639046,-50.865812227129936,
H07,"US/New Mexico  7300 Observatory, Cloudcroft",254.47134,32.903391,2224.016,161.45111111014606,0.005138683420080635,128.7272870540619,83.11697840690613,-50.86565390229225,
H08,"US/New Mexico  BlackBird Observatory, Cloudcroft",254.47081,32.903978,2220.54,161.45101217221006,0.005138637499728344,128.72716784477234,83.11690017580986,-50.865769386291504,
H09,"US/Colorado    Antelope Hills Observatory, Bennett",255.5886,39.696668,1744.344,161.44797412231162,0.004913358730043931,128.72269749641418,83.11790972948074,-50.865789875388145,
H10,"US/New Mexico  Tzec Maun Observatory, Mayhill",254.47141,32.903308,2218.022,161.45111638287273,0.005138687646452712,128.72731685638428,83.11687409877777,-50.865765661001205,
H11,"US/New Mexico  LightBuckets Observatory, Rodeo",250.984,31.86104,1246.041,161.44991269554686,0.005018504873343351,128.72791290283203,83.11362192034721,-50.86575075984001,
H12,"US/New Mexico  TechDome, Mayhill",254.47078,32.90318,2216.448,161.45109033855516,0.005138654737327732,128.72722744941711,83.11694487929344,-50.865793600678444,
H13,"US/Arizona     Lenomiya Observatory, Casa Grande",248.25212,32.901794,422.881,161.44783409694875,0.004852896552039365,128.7268102169037,83.11116322875023,-50.865961238741875,
H14,"US/Arizona     Morning Star Observatory, Tucson",249.21233,32.275816,803.793,161.4485115721947,0.004920817239930689,128.72716784477234,83.11200514435768,-50.86583085358143,
H15,"US/New Mexico  ISON-NM Observatory, Mayhill",254.47156,32.90326,2214.558,161.4511396814706,0.005138697439846772,128.72731685638428,83.11696723103523,-50.86568742990494,
H16,"US/Colorado    HUT Observatory, Eagle",253.289,39.632573,2635.661,161.44722357707062,0.004817913873808404,128.72299551963806,83.11603590846062,-50.865715369582176,
H17,US/Colorado    Angel Peaks Observatory,254.38333,38.516886,2777.241,161.4480925161696,0.004911578068995542,128.7236213684082,83.11673626303673,-50.865745171904564,
H18,"US/Arizona     Vail View Observatory, Vail",249.28798,31.973881,1083.507,161.4489264858043,0.00493540018615575,128.72764468193054,83.11209082603455,-50.86580105125904,
H19,"US/Oklahoma    Lone Star Observatory, Caney",263.86259,34.183154,175.329,161.4541037499433,0.005488423220483663,128.72585654258728,83.12514796853065,-50.86542293429375,
H20,"US/Illinois    Eastern Illinois University Obs., Charleston",271.81682,39.477224,216.287,161.4531999164956,0.005560637908314569,128.72084975242615,83.13121274113655,-50.86531303822994,
H21,"US/Illinois    Astronomical Research Observatory, Westfield",272.03173,39.483057,212.609,161.45332328972103,0.005568109133169507,128.72084975242615,83.13141018152237,-50.865381956100464,
H22,US/Indiana     Terre Haute,272.7371,39.346375,83.384,161.45336257136893,0.00559979835134338,128.72058153152466,83.13192799687386,-50.86533911526203,
H23,"US/Florida     Pear Tree Observatory, Valparaiso",273.49858,30.506292,10.842,161.4587881291243,0.006015503174021148,128.72588634490967,83.13426375389099,-50.86531862616539,
H24,"US/Michigan    J. C. Veen Observatory, Lowell",274.59881,42.905314,254.743,161.45140613024037,0.005492243890385939,128.71769070625305,83.13262835144997,-50.8652999997139,
H25,"US/Minnesota   Harvest Moon Observatory, Northfield",266.87082,44.499312,289.465,161.44866813062396,0.005140999765944943,128.71813774108887,83.12651142477989,-50.865475088357925,
H26,"US/Wisconsin   Doc Greiner Research Observatory, Janesvillle",270.78922,42.785578,330.95,161.45074010035108,0.005365595972505447,128.71867418289185,83.12971517443657,-50.86545832455158,
H27,"US/Missouri    Moonglow Observatory, Warrensburg",266.23134,38.829091,222.247,161.45225102123138,0.005381869281361188,128.72245907783508,83.12680944800377,-50.865424796938896,
H28,"US/Texas       Preston Hills Observatory, Celina",263.2315,33.275954,233.328,161.45447119644655,0.005499642711275612,128.7265419960022,83.12471583485603,-50.86556077003479,
H29,"US/Oklahoma    Ivywood Observatory, Edmond",262.5494,35.63436,341.184,161.45284048731588,0.005374549706511287,128.72499227523804,83.12398940324783,-50.86549371480942,
H30,"US/Oklahoma    University of Oklahoma Observatory, Norman",262.5558,35.202408,381.655,161.45319621515398,0.005392879417301353,128.72540950775146,83.12395215034485,-50.86562782526016,
H31,"US/Texas       Star Ridge Observatory, Weimar",263.33,29.612413,78.502,161.45626550230978,0.005646571474609705,128.72853875160217,83.12517032027245,-50.86546018719673,
H32,"US/Texas       Texas A&M Physics Observatory, College Station",263.6334,30.57272,67.886,161.456034522471,0.0056227862280005024,128.72809171676636,83.12537521123886,-50.865523517131805,
H33,"US/Oklahoma    Bixhoma Observatory, Bixby",264.1217,36.00803,220.118,161.45332246134413,0.005422414325693184,128.72469425201416,83.12535285949707,-50.865549594163895,
H34,US/Texas       Chapel Hill,264.8258,32.309316,118.605,161.45521394220816,0.005603813638375058,128.72657179832458,83.12617614865303,-50.86545646190643,
H35,US/Kansas      Leavenworth,264.9517,39.362057,273.834,161.45155909641772,0.005308332933692856,128.72225046157837,83.12571793794632,-50.86554028093815,
H36,"US/Kansas      Sandlot Observatory, Scranton",264.29345,38.79772,318.498,161.45160977404123,0.005307824747136366,128.72275710105896,83.12506601214409,-50.86548440158367,
H37,"US/Iowa        Grems Timmons Observatories, Graettinger",265.2003,43.25825,439.66,161.4490611421719,0.005138270092479982,128.71941924095154,83.1252858042717,-50.86548253893852,
H38,"US/Iowa        Timberline Observatory, Urbandale",265.9864,41.439768,311.22,161.45054681701708,0.005253081935285377,128.72064113616943,83.1262655556202,-50.86550489068031,
H39,"US/Minnesota   S.O.S. Observatory, Minneapolis",266.6828,44.909571,302.332,161.44849113985808,0.00511430015570121,128.71798872947693,83.12632888555527,-50.86558870971203,
H40,US/Arkansas    Nubbin Ridge Observatory,266.7306,34.484766,211.687,161.45490747757515,0.005590870144784621,128.72517108917236,83.12775567173958,-50.86544714868069,
H41,US/Arkansas    Petit Jean Mountain,267.0742,35.139585,307.63,161.45466962417606,0.005576636742877089,128.72475385665894,83.12791585922241,-50.86548626422882,
H42,"US/Iowa        Wartburg College Observatory, Waverly",267.5078,42.733796,267.136,161.4500299616492,0.005249089999343339,128.71941924095154,83.12718570232391,-50.865452736616135,
H43,US/Arkansas    Conway,267.4998,35.088442,60.415,161.45460020615366,0.005595348738688093,128.72451543807983,83.12824368476868,-50.865333527326584,
H44,US/Arkansas    Cascade Mountain,267.7982,35.127814,168.545,161.45481183170853,0.005605329354223975,128.72451543807983,83.12857151031494,-50.86546950042248,
H45,"US/Arkansas    Arkansas Sky Obs., Petit Jean Mountain South",267.0831,35.119804,323.257,161.45461002400967,0.005577832412411253,128.72472405433655,83.12790095806122,-50.86539685726166,
H46,"US/Missouri    Ricky Observatory, Blue Springs",265.7297,39.003609,338.882,161.45190047776313,0.005354683337917157,128.72233986854553,83.12627673149109,-50.86548440158367,
H47,US/Mississipp  Vicksburg,269.1439,32.266216,40.962,161.45674452194712,0.005777655588255754,128.72591614723206,83.13021436333656,-50.86537450551987,
H48,"US/Kansas      PSU Greenbush Observatory, Pittsburg",265.0139,37.513158,322.53,161.45254687504766,0.005392907639573537,128.72344255447388,83.12579616904259,-50.8655309677124,
H49,"US/Arkansas    ATU Astronomical Observatory, Russellville",266.8636,35.294819,129.734,161.45443402106926,0.005561670188394291,128.724604845047,83.1277072429657,-50.86545646190643,
H50,"US/Arkansas    University of Central Arkansas Obs., Conway",267.54139,35.081608,96.806,161.4547625923557,0.005597282586910776,128.724604845047,83.12834426760674,-50.86545832455158,
H51,"US/Wisconsin   Greiner Research Observatory, Verona",270.4003,43.11989,880.587,161.4503809938806,0.005335659803249863,128.71846556663513,83.12936127185822,-50.865424796938896,
H52,"US/Illinois    Hawkeye Observatory, Durand",270.67354,42.438939,230.393,161.4510839395625,0.005378257534247175,128.71906161308289,83.12977850437164,-50.86546577513218,
H53,US/Illinois    Thompsonville,271.22842,37.945237,155.191,161.45406447119953,0.005610176346759225,128.72204184532166,83.13100039958954,-50.86538754403591,
H54,"US/Wisconsin   Cedar Drive Observatory, Pulaski",271.6514,44.615346,302.592,161.44975736932668,0.005305698681889511,128.71724367141724,83.13003182411194,-50.86544156074524,
H55,"US/Illinois    Astronomical Research Observatory, Charleston",271.8558,39.488125,221.716,161.45317537128,0.005561531000750582,128.72076034545898,83.13129097223282,-50.865333527326584,
H56,US/Illinois    Northbrook Meadow Observatory,272.16764,42.136354,197.32,161.4514467297378,0.005445950884390732,128.718763589859,83.13100039958954,-50.86537450551987,
H57,"US/Ohio        Ohio State University Observatory, Lima",275.97246,40.735169,283.677,161.4529716516048,0.005646139455010656,128.71873378753662,83.13405141234398,-50.865303725004196,
H58,"US/Alabama     NASA/MSFC ALaMO, Redstone Arsenal",273.3353,34.656687,186.404,161.4565086905143,0.005834842510106226,128.7236511707306,83.13333988189697,-50.86524970829487,
H59,"US/Indiana     Prairie Grass Observatory, Camp Cullom",273.3651,40.313104,243.022,161.45298411314099,0.005576239631689042,128.71989607810974,83.1322930753231,-50.86527578532696,
H60,"US/Indiana     Heartland Observatory, Carmel",273.86542,39.9731,232.934,161.45336346358542,0.0056101089813043676,128.72010469436646,83.13269540667534,-50.86529441177845,
H61,Canada/Ontari  Newcastle,281.41689,43.91583,94.697,161.4515649314606,0.005661688947935733,128.7148892879486,83.13733339309692,-50.86520314216614,
H62,US/Michigan    Calvin College Observatory,274.4117,42.930419,252.63399999999996,161.45143649502342,0.005484618341019494,128.7178099155426,83.13248679041862,-50.86532607674599,
H63,"US/Indiana     DeKalb Observatory, Auburn",274.9276,41.311195,311.976,161.45243731791393,0.005582270974799094,128.71864438056946,83.13319087028503,-50.86524039506912,
H64,"US/Kentucky    Thomas More College Observatory, Crestview Hills",275.4364,39.020939,91.728,161.45400092473156,0.00571028713666773,128.71992588043213,83.13418179750443,-50.86534097790718,
H65,"US/Kentucky    Waltonfields Observatory, Walton",275.4364,38.840942,266.115,161.45424968805034,0.00571891357489514,128.72028350830078,83.13414081931114,-50.8652925491333,
H66,US/Ohio        Yellow Springs,276.146,39.783577,312.37,161.45352942066953,0.005698285457915489,128.71915102005005,83.134476095438,-50.86532421410084,
H67,"US/Michigan    Stonegate Observatory, Ann Arbor",276.16241,42.297722,269.695,161.45202073724272,0.005575360661923561,128.7175416946411,83.13402533531189,-50.86534470319748,
H68,"US/Georgia     Red Barn Observatory, Ty Ty",276.34824,31.410266,86.601,161.4585800548976,0.00608300694144241,128.72421741485596,83.13652127981186,-50.86519196629524,
H69,"US/Ohio        Perkins Observatory, Delaware",276.94463,40.251222,271.611,161.45353721605755,0.005702700265892676,128.71882319450378,83.13505351543427,-50.865234807133675,
H70,US/North Caro  Asheville,277.4458,35.600877,817.939,161.4565261678191,0.005939420894726573,128.721684217453,83.13648775219917,-50.865137949585915,
H71,US/Georgia     Chula,276.48282,31.560349,99.163,161.45869824685224,0.006081574663651622,128.7243366241455,83.13661068677902,-50.86511932313442,
H72,"US/Florida     Evelyn L. Egan Observatory, Fort Myers",278.2258,26.460316,9.051,161.46150946196704,0.006346352713034049,128.72621417045593,83.13918486237526,-50.86508393287659,
H73,"US/Ohio        Lakeland Astronomical Observatory, Kirtland",278.6351,41.637437,248.358,161.45272321727407,0.005690214870862046,128.71727347373962,83.13590288162231,-50.865184515714645,
H74,"US/Florida     Bar J Observatory, New Smyrna Beach",278.8747,28.915559,6.858,161.4604218669096,0.0062746520259986645,128.7248730659485,83.13916623592377,-50.86505599319935,
H75,"US/Ohio        Indian Hill North Observatory, Huntsburg",278.91856,41.547813,375.703,161.45299029566704,0.005704011676778655,128.7173628807068,83.13623070716858,-50.86527019739151,
H76,"US/Florida     Oakridge Observatory, Miami",279.4133,25.657258,25.016,161.46212130677063,0.006418532967527413,128.72621417045593,83.14039930701256,-50.865041092038155,
H77,US/Florida     Buehler Observatory,279.7653,26.07902,-1.355,161.46188532000454,0.006415379533613369,128.7258267402649,83.1405408680439,-50.865041092038155,
H78,"Colombia       University of Narino Observatory, Pasto",282.70896,1.212645,2586.683,161.46852580566707,0.007108789023367603,128.7308931350708,83.14573392271996,-50.86481012403965,
H79,"Canada/Ontari  York University Observatory, Toronto",280.4927,43.773878,200.719,161.45145428859416,0.0056404200329464,128.71527671813965,83.13651755452156,-50.86520500481129,
H80,"US/New Jersey  Halsted Observatory, Princeton",285.33567,40.348863,49.951,161.4541035287645,0.005965367967716543,128.7156045436859,83.14121514558792,-50.86510628461838,
H81,"US/New York    Hartung-Boothroyd Observatory, Ithaca",283.61539,42.458241,532.119,161.45255740536484,0.005805157259029445,128.71494889259338,83.13920721411705,-50.865139812231064,
H82,"US/Virginia    CBA-NOVAC Observatory, Front Royal",281.7839,38.985492,187.675,161.45475942909175,0.005923526797998397,128.717839717865,83.13902840018272,-50.86510628461838,
H83,"US/Virginia    Timberlake Observatory, Oakton",282.6641,38.902499,122.053,161.455012031588,0.005955513761043646,128.71772050857544,83.13969895243645,-50.865113735198975,
H84,"US/New York    Northview Observatory, Mendon",282.4961,42.993766,182.728,161.45229188792817,0.005743057519483988,128.71509790420532,83.13839137554169,-50.86525343358517,
H85,US/Maryland    Silver Spring,283.0029,39.031975,99.568,161.45500542725915,0.005959784668016752,128.7175416946411,83.13992992043495,-50.8651677519083,
H86,"US/Maryland    CBA-East Observatory, Laurel",283.1576,39.114436,56.048,161.45487112186072,0.005960537925253561,128.71727347373962,83.14013108611107,-50.865091383457184,
H87,"US/Virginia    Fenwick Observatory, Richmond",282.4361,37.618584,69.201,161.4556592834527,0.006010733392851546,128.71843576431274,83.13989639282227,-50.86503550410271,
H88,"US/Maryland    Hope Observatory, Belcamp",283.7577,39.475317,41.924,161.45469864773935,0.00596127397453725,128.71691584587097,83.14036577939987,-50.865065306425095,
H89,"Canada/Quebec  Galaxy Blues Observatory, Gatineau",284.2975,45.48055,22.266,161.45060640712717,0.005664852062647948,128.71292233467102,83.13852176070213,-50.86519569158554,
H90,Canada/Ontari  Ottawa,284.4731,45.454982,44.168,161.4506025138401,0.005671365207577268,128.7127435207367,83.13877508044243,-50.86522176861763,
H91,"US/New York    Reynolds Observatory, Potsdam",285.04839,44.678121,137.806,161.4511242779498,0.005730087498801634,128.7129819393158,83.13945680856705,-50.865160301327705,
H92,US/New Jersey  Arcturus Observatory,285.6211,39.933838,33.854,161.45443812608372,0.005994988723006652,128.7158727645874,83.1415168941021,-50.86499638855457,
H93,US/NJersey     Berkeley Heights,285.5758,40.689822,73.279,161.453896634416,0.005955163195006478,128.7153959274292,83.14118534326553,-50.86502619087696,
H94,US/NJersey     Cedar Knolls,285.5439,40.825066,134.965,161.45374437654777,0.005947309285335697,128.71521711349487,83.14108103513718,-50.86516588926315,
H95,"US/NJersey     NJIT Observatory, Newark",285.8212,40.74176,30.152,161.45391907523305,0.0059597877647748435,128.71524691581726,83.14141631126404,-50.86509697139263,
H96,"Canada/Quebec  Observatoire des Pleiades, Mandeville",286.6142,46.353842,132.875,161.44985305531438,0.005683348680794282,128.71110439300537,83.13983678817749,-50.865255296230316,
H97,"US/Connecticu  Talcott Mountain Science Center, Avon",287.20132,41.811358,272.106,161.45313880483923,0.0059448606365704315,128.71387600898743,83.1420086324215,-50.86512118577957,
H98,"US/Connecticu  Dark Rosanne Obs., Middlefield",287.2655,41.516924,54.95,161.45339806727105,0.005962019114238065,128.71414422988892,83.14213901758194,-50.86505226790905,
H99,"US/Massachuse  Sunhill Observatory, Newton",288.8036,42.330584,30.724,161.45289662107837,0.0059629136257411995,128.71301174163818,83.14287289977074,-50.86512677371502,
I00,"US/Rhode Isla  Carbuncle Hill Observatory, Coventry",288.2294,41.684554,123.744,161.45325237558887,0.005980884722896002,128.71354818344116,83.14276859164238,-50.86506903171539,
I01,"US/Massachuse  Clay Center Observatory, Brookline",288.86253,42.307564,91.767,161.4528779558556,0.005965812054552984,128.71301174163818,83.14286172389984,-50.865085795521736,
I02,"Chile          Cerro Tololo Observatory, La Serena--2MASS",289.1949,-30.167725,2141.124,161.4614168288593,0.006996120535907997,128.72129678726196,83.14670249819756,-50.864946097135544,
I03,"Chile          European Southern Obs., La Silla--ASTROVIRTEL",289.26626,-29.258822,2345.44,161.46188807463986,0.007024761971203245,128.72162461280823,83.14712718129158,-50.864918157458305,
I04,Chile          Mamalluca Observatory,289.3152,-29.989924,673.397,161.46137396706368,0.007004158999223109,128.7212073802948,83.146832883358,-50.864823162555695,
I05,Chile          Las Campanas Observatory-TIE,289.298,-29.003554,2270.438,161.462110106783,0.007032927734510074,128.72186303138733,83.14721658825874,-50.864873453974724,
I06,"US/Massachuse  Werner Schmidt Obs., Dennis-Yarmouth Regional HS",289.8061,41.677592,33.057,161.4532016140637,0.006025454039726621,128.71286273002625,83.14373344182968,-50.865065306425095,
I07,"US/Massachuse  Conlin Hill Observatory, Oxford",288.0971,42.129084,300.99,161.45296111947786,0.00595378834045369,128.71333956718445,83.1424929201603,-50.86512304842472,
I08,"Argentina      Alianza S4, Cerro Burek",290.6932,-31.786778,2664.865,161.4606465432485,0.006992306790746571,128.71980667114258,83.14752951264381,-50.864920020103455,
I09,Chile          Cerro Armazones,289.80377,-24.597743,2705.711,161.46387341845613,0.007162149714521924,128.72308492660522,83.14879238605499,-50.86480267345905,
I10,"Chile          CAO, San Pedro de Atacama (until 2012)",291.82,-22.952297,2431.716,161.46445856534572,0.007260441521274071,128.72248888015747,83.15090835094452,-50.86470954120159,
I11,"Chile          Gemini South Observatory, Cerro Pachon",289.26345,-30.240641,2715.44,161.46148925986452,0.006996409216970852,128.72126698493958,83.14688131213188,-50.86495913565159,
I12,"US/Massachuse  Phillips Academy Observatory, Andover",288.87053,42.647556,98.3,161.45244650000214,0.005947930890006814,128.71259450912476,83.14263448119164,-50.86514353752136,
I13,"US/Dist. of C  Burleith Observatory, Washington D.C.",282.93006,38.914982,60.338,161.4549190784757,0.005963253438042855,128.71742248535156,83.13994109630585,-50.86517706513405,
I14,"US/Massachuse  Tigh Speuran Observatory, Framingham",288.58931,42.339622,65.265,161.45272973360505,0.00595643527321457,128.7129521369934,83.14264565706253,-50.86511932313442,
I15,"US/Rhode Isla  Wishing Star Observatory, Barrington",288.70076,41.761526,4.679,161.45333980900878,0.005990124025984992,128.71354818344116,83.1429623067379,-50.86502991616726,
I16,"Chile          IAA-AI Atacama, San Pedro de Atacama",291.82033,-22.953362,2398.547,161.46424711744132,0.007260407725149818,128.7221610546112,83.150964230299,-50.864776596426964,
I17,"US/Pennsylvan  Thomas G. Cupillari Observatory, Fleetville",284.32206,41.596355,400.641,161.4532408001575,0.005871099480346293,128.71521711349487,83.14012363553047,-50.86513236165047,
I18,"US/Virginia    Fan Mountain Observatory, Covesville",281.3067,37.878395,536.966,161.45560489956833,0.005962117659520494,128.71885299682617,83.13905820250511,-50.86517706513405,
I19,"Argentina      Observatorio El Gato Gris, Tanti",295.40711,-31.356805,863.573,161.46029354767023,0.007138812995560518,128.71721386909485,83.15098658204079,-50.86470954120159,
I20,"Argentina      Observatorio Astronomico Salvador, Rio Cuarto",295.68161,-33.1066,437.543,161.4593315018515,0.007088803648469895,128.71628999710083,83.15044268965721,-50.86488276720047,
I21,"Argentina      El Condor Observatory, Cordoba",295.8281,-31.371056,452.376,161.46036184002298,0.007149515381594866,128.7170648574829,83.15128833055496,-50.86481012403965,
I22,"Canada/Nova S  Abbey Ridge Observatory, Stillwater Lake",296.17399,44.689361,90.32,161.4506383789184,0.006025794313333188,128.70797514915466,83.14631879329681,-50.86507089436054,
I23,"US/Maine       Frosty Cold Observatory, Mash Harbor",292.26649,44.52076,2.981,161.45118332994338,0.005937346400876701,128.7100911140442,83.144161850214,-50.86497217416763,
I24,"US/Virginia    Lake of the Woods Observatory, Locust Grove",282.2306,38.34285,122.468,161.45526692630887,0.00596914970258846,128.7180781364441,83.13965052366257,-50.86509697139263,
I25,"Argentina      ECCCO Observatory, Bosque Alegre",295.44381,-31.795292,1201.662,161.46024493610838,0.007126019084842316,128.71718406677246,83.15087109804153,-50.864819437265396,
I26,"Argentina      Observatorio Kappa Crucis, Cordoba",295.8214,-31.424228,464.209,161.4603896230076,0.007147656650789732,128.7170648574829,83.15130695700645,-50.864867866039276,
I27,"Canada/Ontari  Barred Owl Observatory, Carp",284.0006,45.347441,95.776,161.45066611149878,0.005663377451873825,128.7129819393158,83.13857391476631,-50.86514912545681,
I28,"US/Massachuse  Starhoo Observatory, Lakeville",289.0889,41.81384,30.905,161.45305324562082,0.005998277500793507,128.71304154396057,83.1431970000267,-50.865018740296364,
I29,"US/Massachuse  Middlesex School Observatory, Concord",288.63304,42.498408,60.234,161.4526296193766,0.005949217985451025,128.71283292770386,83.14266428351402,-50.86507275700569,
I30,Argentina      Observatorio Geminis Austral,299.3417,-32.984475,64.497,161.458944679688,0.007187169196213669,128.71423363685608,83.15292373299599,-50.86480267345905,
I31,Argentina      Observatorio Astronomico del Colegio Cristo Rey,299.3649,-32.953687,54.393,161.45887036818056,0.007188790720703503,128.71411442756653,83.15298333764076,-50.864771008491516,
I32,"Argentina      Observatorio Beta Orionis, Rosario",299.3464,-32.980641,16.675,161.45896185344304,0.0071873882911988205,128.7141740322113,83.15306529402733,-50.864776596426964,
I33,"Chile          SOAR, Cerro Pachon",289.26631,-30.237926,2776.132,161.46139582548523,0.006996612758921926,128.72114777565002,83.14687758684158,-50.864970311522484,
I34,US/Pennsylvan  Morgantown,284.1297,40.146752,155.206,161.4541436620785,0.0059390922531117486,128.71617078781128,83.14045518636703,-50.865042954683304,
I35,Argentina      Sidoli,301.5572,-34.807262,47.885,161.45746898879486,0.007176298978104392,128.71196866035461,83.15359055995941,-50.86475983262062,
I36,"Argentina      Observatorio Los Campitos, Canuelas",301.28271,-35.008112,26.061,161.45745095254264,0.007162531071942798,128.71217727661133,83.15322920680046,-50.86476542055607,
I37,"Argentina      Astrodomi Observatory, Santa Rita",301.35275,-34.440042,1.504,161.4578649354711,0.007184772015691465,128.71238589286804,83.15367251634598,-50.86482688784599,
I38,"Uruguay        Observatorio Los Algarrobos, Salto",302.02141,-31.39254,37.679,161.45910065975733,0.007305032645342885,128.7129819393158,83.15526321530342,-50.86464062333107,
I39,"Argentina      Observatorio Cruz del Sur, San Justo",301.42661,-34.66966,33.927,161.45748675683012,0.007178235198391932,128.71208786964417,83.15341547131538,-50.864800810813904,
I40,Chile          La Silla--TRAPPIST,289.26061,-29.25461,2317.774,161.46188522513765,0.007024692415702474,128.72165441513062,83.14710855484009,-50.86486414074898,
I41,US/California  Palomar Mountain--ZTF,243.14022,33.357339,1664.0,161.44479303299644,0.004592788393163559,128.7258267402649,83.10670033097267,-50.86608976125717,
I42,US/Massachuse  Westport Observatory,288.9081,41.596233,21.932,161.45336052242874,0.006004675506246369,128.71336936950684,83.14329758286476,-50.86500011384487,
I43,"US/Texas       Tarleton State University Obs., Stephenville",261.90237,32.216192,395.386,161.45443502942214,0.005486694563090349,128.72713804244995,83.12371000647545,-50.86558125913143,
I44,"US/Florida     Northwest Florida State College, Niceville",273.5176,30.542034,59.2,161.4587471920826,0.006014799816280953,128.72588634490967,83.13421159982681,-50.86527392268181,
I45,"Argentina      W Crusis Astronomical Observatory, San Justo",301.4281,-34.677922,31.971,161.4575886580797,0.007177967377424492,128.7122666835785,83.15341174602509,-50.864677876234055,
I46,"US/Pennsylvan  The Cottage Observatory, Altoona",281.6108,40.464743,332.805,161.45391869215544,0.0058447491132117444,128.71718406677246,83.1383503973484,-50.86520500481129,
I47,"Argentina      Pierre Auger Observatory, Malargue",290.5503,-35.495442,1394.125,161.45853432783414,0.006863353286044267,128.71819734573364,83.14590901136398,-50.8649367839098,
I48,"Argentina      Observatorio El Catalejo, Santa Rosa",295.6757,-36.637775,139.771,161.45747747709245,0.006962831583195933,128.71485948562622,83.1490308046341,-50.8649256080389,
I49,"US/New Mexico  Sunflower Observatory, Santa Fe",253.98617,35.709179,2085.219,161.44950009006405,0.005007917971144725,128.72546911239624,83.1165574491024,-50.86582899093628,
I50,"US/New Mexico  P2 Observatory, Mayhill",254.47142,32.903277,2223.377,161.45103056007966,0.005138698498501151,128.72713804244995,83.11696723103523,-50.865793600678444,
I51,US/Maryland    Clinton,283.0547,38.71156,17.782,161.45518348457207,0.005977147328783976,128.71772050857544,83.13997834920883,-50.86520127952099,
I52,"US/Arizona     Steward Observatory, Mt. Lemmon Station",249.21108,32.442573,2761.053,161.44876902098605,0.004915486648093131,128.72740626335144,83.11211317777634,-50.86586810648441,
I53,Spain          Armilla,356.3783,37.14006,668.536,161.426191057635,0.00703181061831051,128.66508960723877,83.16544815897942,-50.864703953266144,
I54,"Spain          Observatorio Las Vaguadas, Badajoz",353.03081,38.849002,192.307,161.42831965318655,0.006955605079445589,128.66806983947754,83.16493034362793,-50.86476728320122,
I55,Spain          Valencia,359.64214,39.491506,26.918,161.4233166469953,0.006880372311975029,128.6628246307373,83.16334336996078,-50.864752382040024,
I56,"Spain          Observatorio Astronomico John Beckman, Almeria",357.71066,36.849853,56.089,161.425487423074,0.007038336839508437,128.66416573524475,83.1655003130436,-50.864722579717636,
I57,Spain          Elche,359.3256,38.301573,159.427,161.42370738490018,0.006948499630913268,128.6628544330597,83.16409215331078,-50.86469277739525,
I58,Spain          Betera,359.5374,39.556598,126.971,161.4232300020568,0.006877592204874644,128.66273522377014,83.16325768828392,-50.864843651652336,
I59,"Spain          Observatorio Fuente de los matos, Muriedas",356.1558,43.415709,21.985,161.42474294855222,0.006676612208515789,128.66592407226562,83.16128700971603,-50.864800810813904,
I60,France         Guernanderf,357.1781,47.722283,86.074,161.4230054739457,0.0064049109663691095,128.66592407226562,83.15784484148026,-50.86491443216801,
I61,Spain          Ourense,352.1494,42.326604,231.949,161.4278471852945,0.006759809843710482,128.66905331611633,83.16247910261154,-50.86478777229786,
I62,Spain          Observatorio Helios Ontigola,356.42639,40.009691,619.317,161.42556478897268,0.006873515640612574,128.6654770374298,83.16359668970108,-50.86476355791092,
I63,"UK/England     Cygnus Observatory, New Airesford",358.833,51.085851,80.634,161.42111177019996,0.006176454985612032,128.66532802581787,83.15505459904671,-50.86497403681278,
I64,UK/England     Maidenhead,359.29386,51.519441,27.111,161.42057933253025,0.006144707279773077,128.66497039794922,83.15453678369522,-50.86503550410271,
I65,Spain          Yunquera,355.0796,36.736299,729.935,161.42737262622103,0.007060914633595197,128.66619229316711,83.16599577665329,-50.86476914584637,
I66,"Brazil         Taurus Australis Observatory, Brasilia",312.0,-15.857427,1093.369,161.46172581364362,0.007884341020298183,128.70901823043823,83.16665887832642,-50.86437240242958,
I67,UK/England     Hartley Wintney,359.08753,51.306464,68.739,161.42085851291802,0.006160206029523819,128.6652684211731,83.15461874008179,-50.86503364145756,
I68,Brazil         Pousada dos Anoes Observatory,312.4981,-14.317305,1122.439,161.461786996134,0.007913492608701651,128.7086308002472,83.16737040877342,-50.864383578300476,
I69,"Morocco        AGM Observatory, Marrakech",352.0069,31.627448,444.626,161.43084402414257,0.007333589057701965,128.66848707199097,83.16933736205101,-50.86451768875122,
I70,"UK/England     Gedney House Observatory, Kirton",359.94158,52.926531,7.925,161.41987650017737,0.006046127708533872,128.66491079330444,83.15320312976837,-50.865136086940765,
I71,"Spain          Observatorio Los Milanos, Caceres",353.6698,39.449234,549.267,161.42762242855918,0.006919489657660008,128.6676526069641,83.1642635166645,-50.864700227975845,
I72,"Spain          Observatorio Carpe-Noctem, Madrid",355.9849,40.711357,1205.07,161.42568891829464,0.006836471767344489,128.66589426994324,83.16315338015556,-50.86482688784599,
I73,"France         Salvia Observatory, Saulges",359.58711,47.98266,146.819,161.42142774377652,0.006373051493585284,128.6643147468567,83.15721526741982,-50.86500756442547,
I74,"UK/England     Baxter Garden Observatory, Salisbury",358.18739,51.074819,63.29,161.42149464262476,0.006181138196501132,128.6657750606537,83.15509930253029,-50.86498521268368,
I75,"Spain          Observatorio Los Caracoles, Castello",359.965,39.979142,87.936,161.42297476482818,0.006850599128194978,128.66264581680298,83.16289260983467,-50.86485669016838,
I76,"Spain          Observatorio Tesla, Valdemorillo",355.93681,40.500702,831.635,161.42572952046484,0.006848591975557642,128.66589426994324,83.16328004002571,-50.864748656749725,
I77,"Brazil         CEAMIG-REA Observatory, Belo Horizonte",316.0025,-19.830315,854.414,161.45890006527824,0.00788943037706687,128.70481610298157,83.16770568490028,-50.8643239736557,
I78,"Spain          Observatorio Principia, Malaga",355.5721,36.733411,92.875,161.42686111547502,0.00705798057434195,128.6657154560089,83.16581696271896,-50.86464434862137,
I79,"Spain          AstroCamp, Nerpio",357.6733,38.165641,1586.569,161.4251303772568,0.006968523674690951,128.6642551422119,83.16466212272644,-50.86473375558853,
I80,"UK/England     Rose Cottage Observatory, Keighley",358.13328,53.882005,218.302,161.42078309970606,0.005992407200606151,128.66637110710144,83.15276727080345,-50.86503177881241,
I81,"UK/Scotland    Tarbatness Observatory, Portmahomack",356.20111,57.844125,48.979,161.4205084366988,0.005725271527871069,128.66809964179993,83.1494852900505,-50.86515285074711,
I82,Canary Island  Guimar,343.5797,28.317208,371.593,161.4383594319712,0.007500240709038359,128.67647409439087,83.17160233855247,-50.864461809396744,
I83,"Ireland        Cherryvalley Observatory, Rathmolyon",353.19,53.487043,50.599,161.42365289387126,0.006042126617259865,128.66932153701782,83.15374329686165,-50.86508020758629,
I84,"Spain          Cerro del Viento, Badajoz",353.0212,38.866246,235.772,161.4283305250132,0.006954712298923885,128.6681890487671,83.16481485962868,-50.86468905210495,
I85,Spain          Las Negras,357.9848,36.880773,62.193,161.42519285569912,0.007034801670733573,128.66395711898804,83.16529914736748,-50.86464434862137,
I86,"Spain          Observatorio UCM, Madrid",356.2739,40.451107,634.072,161.4254305209258,0.006849378358708266,128.66556644439697,83.16323533654213,-50.864702090620995,
I87,"Ireland        Astroshot Observatory, Monasterevin",352.9593,53.136421,92.729,161.4239698113839,0.006066912666992109,128.66953015327454,83.15405622124672,-50.8650466799736,
I88,Spain          Fuensanta de Martos,356.0823,37.646781,710.468,161.42633647730005,0.007006332596564744,128.66544723510742,83.16518738865852,-50.8646871894598,
I89,"Spain          iTelescope Observatory, Nerpio",357.6739,38.165286,1636.716,161.4249743245653,0.006968562982972365,128.6640763282776,83.16460624337196,-50.86478218436241,
I90,Ireland        Blackrock Castle Observatory,351.5976,51.900379,13.729,161.4250814853983,0.006154959883170994,128.67027521133423,83.15509557723999,-50.864990800619125,
I91,Spain          Retamar,357.6925,36.848496,22.977,161.4253579005364,0.007038517311105356,128.6640167236328,83.16544070839882,-50.86478590965271,
I92,"Spain          Astreo Observatory, Mairena del Aljarafe",353.95289,37.345585,119.226,161.42804944820674,0.007033702797395237,128.66723537445068,83.165742456913,-50.86469277739525,
I93,France         St Pardon de Conques,359.79704,44.558673,68.359,161.42198060691268,0.006584260321532086,128.6633312702179,83.15986022353172,-50.8649256080389,
I94,"Spain          Observatorio Rho Ophiocus, Las Rozas de Madrid",356.1367,40.495586,740.648,161.425641679632,0.006847696972101054,128.6657452583313,83.1633172929287,-50.86478590965271,
I95,Spain          Observatorio de la Hita,356.81394,39.568615,674.998,161.42541566842596,0.006896011561103155,128.66511940956116,83.16389471292496,-50.86470767855644,
I96,"Spain          Hyperion Observatory, Urbanizacion Caraquiz",356.50384,40.79354,676.395,161.4253576485983,0.006828488087139945,128.66553664207458,83.1630602478981,-50.86483247578144,
I97,"UK/England     Penn Heights Observatory, Rickmansworth",359.50178,51.639937,66.217,161.420517725498,0.006135349614711376,128.6650002002716,83.15440639853477,-50.86497776210308,
I98,Spain          El Berrueco,356.41339,40.883277,1054.554,161.42539983548906,0.006824065533685779,128.66562604904175,83.1630527973175,-50.864752382040024,
I99,"Spain          Observatorio Blanquita, Vaciamadrid",356.46043,40.352499,618.93,161.42552747089383,0.006853884776899353,128.66553664207458,83.16345140337944,-50.86473189294338,
J00,Spain          Segorbe,359.5056,39.852563,387.539,161.42324351116503,0.0068614063642686565,128.6628246307373,83.16318318247795,-50.86478218436241,
J01,"Spain          Observatorio Cielo Profundo, Leon",354.2845,42.377689,813.776,161.42647005079488,0.006748257739744357,128.66747379302979,83.16228166222572,-50.86473561823368,
J02,Spain          Busot,359.555,38.475838,187.428,161.4235992912153,0.006937225781137492,128.66270542144775,83.16408097743988,-50.86474493145943,
J03,"UK/England     Gothers Observatory, St. Dennis",355.1325,50.394175,142.538,161.4233688144612,0.006242362470352342,128.66756319999695,83.15600827336311,-50.86492374539375,
J04,"Canary Island  ESA Optical Ground Station, Tenerife",343.48818,28.300959,2451.325,161.4384583032607,0.007502158280387479,128.67659330368042,83.17156881093979,-50.864528864622116,
J05,"Spain          Bootes Observatory, Boecillo",355.29639,41.545557,716.135,161.42586269055502,0.006791882718791928,128.66640090942383,83.16273987293243,-50.864772871136665,
J06,"UK/England     Trent Astronomical Observatory, Clifton",358.81247,52.909132,48.265,161.4205978934856,0.006054511861029431,128.66568565368652,83.15344899892807,-50.865063443779945,
J07,"Spain          Observatorio SPAG Monfrague, Palazuelo-Empalme",353.89543,39.935161,414.738,161.42735794900577,0.00689100638079903,128.66747379302979,83.16397666931152,-50.86478218436241,
J08,"Spain          Observatorio Zonalunar, Puzol",359.6549,39.627133,65.096,161.4232238229733,0.006872722677046665,128.66276502609253,83.16325768828392,-50.864748656749725,
J09,Ireland        Balbriggan,353.7917,53.615299,53.452,161.42311505089208,0.006031162421419019,128.66872549057007,83.1536203622818,-50.86508207023144,
J10,Spain          Alicante,359.59839,38.426006,87.067,161.42349160611556,0.006939568550212005,128.66264581680298,83.16393569111824,-50.86479149758816,
J11,Portugal       Matosinhos,351.31769,41.765965,17.453,161.428766241343,0.006795457800270556,128.66979837417603,83.16310122609138,-50.86480267345905,
J12,Spain          Caraquiz,356.51061,40.792499,702.988,161.4252709462298,0.006828518515263828,128.6654770374298,83.16300809383392,-50.86479336023331,
J13,Canary Island  La Palma-Liverpool Telescope,342.1208,28.762516,2387.634,161.439320471794,0.007480042749517295,128.67790460586548,83.17122608423233,-50.864508375525475,
J14,Canary Island  La Corte,345.99281,28.405033,211.647,161.4364899810905,0.007496194686569433,128.6742091178894,83.17146077752113,-50.86448974907398,
J15,Portugal       Muxagata,352.83061,41.036699,339.349,161.42787002121403,0.006832591998861222,128.66851687431335,83.16335454583168,-50.86478590965271,
J16,"UK/NIreland    An Carraig Observatory, Loughinisland",354.20356,54.338324,18.074,161.4227728366091,0.005979817312825549,128.66872549057007,83.15294235944748,-50.86510442197323,
J17,UK/England     Ragdon,357.20313,52.525604,308.523,161.42163903977004,0.0060897908023246254,128.66660952568054,83.15405994653702,-50.86503177881241,
J18,"UK/Wales       Dingle Observatory, Montgomery",356.906,52.51061,197.5,161.42185407285783,0.006092347078165035,128.66684794425964,83.15412327647209,-50.86500756442547,
J19,Spain          El Maestrat,359.83036,40.22145,406.82,161.42302361520223,0.006838161402625738,128.66279482841492,83.162821829319,-50.864750519394875,
J20,Spain          Aravaca,356.21926,40.459348,651.801,161.42565005488873,0.006849237299440625,128.6657452583313,83.163321018219,-50.86480639874935,
J21,Spain          El Boalo,356.08003,40.723283,956.626,161.42570000866095,0.006835124981210022,128.66586446762085,83.16326886415482,-50.864748656749725,
J22,"Canary Island  Tacande Observatory, La Palma",342.13235,28.641561,754.099,161.43920986278277,0.007484492695077971,128.67778539657593,83.17125961184502,-50.86440406739712,
J23,France         Centre Astronomique de La Couyere,358.49361,47.893049,91.582,161.4220793337293,0.006386025714480198,128.66497039794922,83.1575021147728,-50.86494795978069,
J24,Canary Island  Observatorio Altamira,343.55719,28.246779,597.052,161.4383524014957,0.007503479809436902,128.6764144897461,83.17164331674576,-50.86452327668667,
J25,"Spain          Penamayor Observatory, Nava",354.48883,43.359111,230.593,161.42606690069456,0.006688693596420523,128.667414188385,83.16149562597275,-50.864892080426216,
J26,"UK/Wales       The Spaceguard Centre, Knighton",356.98119,52.325044,419.779,161.42193459868528,0.0061045529259764995,128.66681814193726,83.15429836511612,-50.86505226790905,
J27,Spain          El Guijo Observatory,355.96899,40.607513,909.034,161.4256882234868,0.006842352302404396,128.66586446762085,83.16325396299362,-50.86473561823368,
J28,Spain          Jaen,356.21381,37.781625,497.289,161.42617557614616,0.006998123851905207,128.66538763046265,83.16496387124062,-50.86469277739525,
J29,"Canary Island  Observatorio Nira, Tias",346.34213,28.957746,223.35,161.43613669721827,0.007471259263373145,128.67391109466553,83.17123726010323,-50.86448788642883,
J30,"Spain          Observatorio Ventilla, Madrid",356.293,40.468314,713.058,161.4254493490884,0.006848326261703176,128.66556644439697,83.16325023770332,-50.86473748087883,
J31,Spain          La Axarquia,355.77411,36.729515,128.362,161.4266716677992,0.007057041281732543,128.66541743278503,83.16589891910553,-50.86466297507286,
J32,Spain          Aljaraque,352.97769,37.270489,38.906,161.428705980297,0.0070421295106703466,128.66801023483276,83.16580206155777,-50.86471885442734,
J33,"UK/England     University of Hertfordshire Obs., Bayfordbury",359.906,51.774991,66.912,161.42023708180284,0.006123666658988863,128.66473197937012,83.15428346395493,-50.864966586232185,
J34,Spain          La Fecha,355.22711,41.625192,703.402,161.42607683976595,0.006787612778054265,128.6666989326477,83.16267281770706,-50.8648082613945,
J35,"Spain          Tucci Observatory, Martos",356.02911,37.712491,678.328,161.42633948108977,0.007003071880591036,128.66541743278503,83.1652507185936,-50.86466856300831,
J36,"Spain          Observatorio DiezALaOnce, Illana",356.94519,40.171906,0.137,161.42516598014436,0.006860865491960291,128.66505980491638,83.16343277692795,-50.864821299910545,
J37,Spain          Huelva,353.06469,37.258673,34.976,161.4286941323342,0.007042389176648858,128.6679208278656,83.1659846007824,-50.86460895836353,
J38,"Spain          Observatorio La Vara, Valdes",353.60924,43.472663,278.726,161.42652951133198,0.006685869037039847,128.667950630188,83.16167071461678,-50.86471699178219,
J39,Canary Island  Ingenio,344.5636,27.920212,291.074,161.43769890262553,0.0075180385909350425,128.67560982704163,83.17170292139053,-50.864387303590775,
J40,Spain          Malaga,355.55847,36.718766,42.102,161.42701193770682,0.007058813558489567,128.66589426994324,83.16574990749359,-50.86478032171726,
J41,Ireland        Raheny,353.8189,53.380563,26.052,161.4232381090546,0.006047121775014972,128.66881489753723,83.15376192331314,-50.865015015006065,
J42,Spain          Puzol,359.6989,39.616909,36.067,161.42319979895044,0.006872939206030632,128.66273522377014,83.16326513886452,-50.86473561823368,
J43,"Morocco        Oukaimeden Observatory, Marrakech",352.13354,31.20644,2724.687,161.43100765447122,0.0073544318718813066,128.66848707199097,83.16962420940399,-50.86456798017025,
J44,"Spain          Observatorio Iturrieta, Alava",357.6552,42.793367,1001.6339999999999,161.42400248582385,0.006705120436755653,128.66485118865967,83.16145837306976,-50.86488462984562,
J45,"Canary Island  Observatorio Montana Cabreja, Vega de San Mateo",344.46735,28.011631,875.528,161.43775608277826,0.007514374837954154,128.67560982704163,83.17173644900322,-50.86451396346092,
J46,"Canary Island  Observatorio Montana Blanca, Tias",346.3594,28.957482,170.742,161.4360531960895,0.007471221631246723,128.67379188537598,83.17125961184502,-50.86448788642883,
J47,Canary Island  Observatorio Nazaret,346.444,29.041376,366.222,161.43596931048887,0.0074674892573868236,128.6737620830536,83.17112922668457,-50.864510238170624,
J48,"Canary Island  Observatory Mackay, La Laguna",343.696,28.472217,378.167,161.43822690200506,0.007493449294346238,128.67635488510132,83.17147940397263,-50.86454376578331,
J49,Spain          Santa Pola,359.4482,38.192624,47.317,161.4237465971074,0.006953435796305871,128.6628544330597,83.16410332918167,-50.864798948168755,
J50,Canary Island  La Palma-NEON,342.1176,28.760222,2320.79,161.4393161895156,0.007480104488154388,128.67790460586548,83.17126333713531,-50.864433869719505,
J51,"Canary Island  Observatorio Atlante, Tenerife",343.72898,28.465574,116.816,161.43818654493876,0.00749360290190477,128.6763846874237,83.17143470048904,-50.864413380622864,
J52,Spain          Observatorio Pinsoro,358.6608,42.199032,367.64,161.4233490138125,0.006733057614032867,128.66389751434326,83.16168934106827,-50.864845514297485,
J53,Spain          Posadas,354.89278,37.801935,98.52,161.4271436343864,0.007004252426834139,128.66634130477905,83.16534012556076,-50.86473748087883,
J54,Canary Island  Bradford Robotic Telescope,343.4906,28.298111,2418.933,161.43831752606988,0.007502266521970211,128.67647409439087,83.1715278327465,-50.86445063352585,
J55,Canary Island  Los Altos de Arguineguin Observatory,344.3144,27.768871,87.664,161.43775173738535,0.0075244852680501845,128.67560982704163,83.1717997789383,-50.86439661681652,
J56,Canary Island  Observatorio La Avejerilla,344.4536,27.962862,1859.801,161.43766103134058,0.007517110052080336,128.67558002471924,83.17164704203606,-50.864433869719505,
J57,Spain          Centro Astronomico Alto Turia 1,358.89083,39.950283,1330.127,161.42385928063223,0.006860956746302592,128.66351008415222,83.16328376531601,-50.86483806371689,
J58,"UK/Wales       Brynllefrith Observatory, Llantwit Fardre",356.6644,51.556074,112.885,161.42227063173212,0.0061576830538196715,128.6669373512268,83.15484598279,-50.864921882748604,
J59,"Spain          Observatorio Linceo, Santander",356.20256,43.464438,18.924,161.4247015815798,0.006673432063286319,128.665953874588,83.16110819578171,-50.86488649249077,
J60,"Spain          Tocororo Observatory, Arquillinos",354.3406,41.71144,990.475,161.4264362946012,0.006787149440130517,128.66714596748352,83.16269144415855,-50.86478777229786,
J61,"Ireland        Brownstown Observatory, Kilcloon",353.4264,53.423544,48.757,161.4236423192375,0.006045636405379847,128.66926193237305,83.15382525324821,-50.865063443779945,
J62,"Ireland        Kingsland Observatory, Boyle",351.6345,53.923156,91.25,161.4242671152088,0.0060170210666915455,128.670334815979,83.1533893942833,-50.86504481732845,
J63,Spain          San Gabriel,359.4831,38.329297,71.202,161.42357275882415,0.006945731435170605,128.6626160144806,83.16416665911674,-50.864746794104576,
J64,Spain          La Mata,359.3459,38.028481,22.753,161.42386937917027,0.0069631344852847,128.66279482841492,83.16440880298615,-50.86483992636204,
J65,Ireland        Celbridge,353.4497,53.344457,73.534,161.4235445605866,0.006050971959644175,128.6691129207611,83.15383642911911,-50.865111872553825,
J66,UK/England     Kinver,357.7833,52.452879,104.357,161.42142472455183,0.006091404527666036,128.66634130477905,83.15403386950493,-50.86507275700569,
J67,Spain          Observatorio La Puebla de Vallbona,359.4667,39.63986,158.849,161.42345944109687,0.006873493680125575,128.66300344467163,83.16333591938019,-50.86476542055607,
J68,"UK/England     Tweenhills Observatory, Hartpury",357.7055,51.914101,48.763,161.42143604151966,0.006128021072533511,128.66619229316711,83.15434679389,-50.86497403681278,
J69,"UK/England     North Observatory, Clanfield",358.98034,50.938988,200.998,161.4210688560397,0.006185288548632284,128.66520881652832,83.15510675311089,-50.8650541305542,
J70,"Spain          Obs. Astronomico Vega del Thader, El Palmar",358.8404,37.938923,110.177,161.42419853869006,0.006971837687571144,128.66327166557312,83.16441252827644,-50.86467228829861,
J71,UK/England     Willow Bank Observatory,357.8947,53.687268,177.344,161.42099256131831,0.006007054013706968,128.666490316391,83.15300196409225,-50.86501128971577,
J72,Spain          Valle del Sol,358.9664,37.84982,252.274,161.42407054235989,0.006975804108071598,128.66297364234924,83.164531737566,-50.864825025200844,
J73,UK/England     Quainton,359.0833,51.872472,33.932,161.420706033003,0.006122521034686887,128.66532802581787,83.15419405698776,-50.86509324610233,
J74,Spain          Bilbao,357.0961,43.251635,10.842,161.42421012076426,0.006680920912890654,128.66529822349548,83.16116407513618,-50.864893943071365,
J75,"Spain          OAM Observatory, La Sagra",357.43471,37.982402,1513.658,161.42515367542177,0.006980061281586209,128.66419553756714,83.16478133201599,-50.86476355791092,
J76,Spain          La Murta,358.79718,37.840245,403.868,161.42423560624403,0.006977657010406464,128.66321206092834,83.1645242869854,-50.86475796997547,
J77,"UK/England     Golden Hill Observatory, Stourton Caundle",357.5947,50.930949,80.816,161.42177356464316,0.0061941501671017385,128.6660134792328,83.15522968769073,-50.8650541305542,
J78,Spain          Murcia,358.8244,38.01467,119.524,161.42428404270882,0.006967849753782124,128.6633014678955,83.16449820995331,-50.864728167653084,
J79,"Spain          Observatorio Calarreona, Aguilas",358.38066,37.389097,27.208,161.42448524844804,0.0070048109585318175,128.66336107254028,83.16479995846748,-50.864722579717636,
J80,France         Sainte Helene,359.1083,44.973688,24.471,161.42232108245298,0.00656392707720157,128.66392731666565,83.15960690379143,-50.86491256952286,
J81,Spain          Guirguillano,358.13489,42.711748,644.382,161.42370607792836,0.006706641098486931,128.66449356079102,83.16143974661827,-50.86487904191017,
J82,UK/England     Leyland,357.3067,53.684892,-182.414,161.4211380721044,0.006010306286227071,128.66666913032532,83.15301686525345,-50.86499638855457,
J83,"UK/England     Olive Farm Observatory, Hoghton",357.3883,53.740348,33.423,161.42112289157222,0.006006161159811586,128.66663932800293,83.15294235944748,-50.86514540016651,
J84,"UK/England     South Observatory, Clanfield",358.9803,50.938652,124.559,161.42101220680473,0.006185279717569551,128.66517901420593,83.15505087375641,-50.865041092038155,
J85,UK/Scotland    Makerstoun,357.4833,55.578572,366.961,161.42060055117005,0.005878863329668098,128.66699695587158,83.15134420990944,-50.86519569158554,
J86,Spain          Sierra Nevada Observatory,356.6153,37.064136,2930.527,161.4261908966143,0.007035625711207068,128.665030002594,83.16552639007568,-50.864726305007935,
J87,Spain          La Canada,355.5067,40.603975,1387.041,161.4259880800913,0.006845361515847134,128.66619229316711,83.1632912158966,-50.864797085523605,
J88,"UK/England     Strawberry Field Obs., Southampton",358.5592,50.922439,27.881,161.4211503827707,0.006188957799639163,128.66535782814026,83.15511420369148,-50.86492374539375,
J89,Spain          Tres Cantos Observatory,356.2861,40.598618,709.071,161.4254705110077,0.00684093257806224,128.66562604904175,83.16322416067123,-50.86469650268555,
J90,UK/England     West Challow,358.5317,51.594484,60.692,161.42122898686188,0.006144513959972507,128.66568565368652,83.15468207001686,-50.8650504052639,
J91,"Spain          Alt emporda Observatory, Figueres",357.0483,42.272956,242.106,161.42449158218463,0.006739207298975911,128.6652386188507,83.16181972622871,-50.86486600339413,
J92,UK/England     Beaconsfield,359.3487,51.622145,144.821,161.42044410526833,0.006137563724047872,128.66485118865967,83.15448835492134,-50.86498707532883,
J93,"UK/England     Mount Tuffley Observatory, Gloucester",357.7426,51.830842,22.467,161.42162772387977,0.006133376635751625,128.6662518978119,83.15456286072731,-50.86507834494114,
J94,UK/England     Abbeydale,357.7886,51.844268,65.319,161.42140752101346,0.006132231017726428,128.6660134792328,83.15448835492134,-50.86510442197323,
J95,UK/England     Great Shefford,358.55301,51.47496,157.984,161.42102910255377,0.006152385050834233,128.66544723510742,83.15462991595268,-50.86510442197323,
J96,Spain          Observatorio de Cantabria,356.05669,42.77162,1077.143,161.4251615174565,0.0067160130989070465,128.66610288619995,83.16181600093842,-50.8648119866848,
J97,Spain          Alginet,359.5333,39.250576,-214.484,161.423292241426,0.0068944814937043795,128.66279482841492,83.16336944699287,-50.86470767855644,
J98,Spain          Observatorio Manises,359.5344,39.493264,30.75,161.42353105703572,0.006881098689228029,128.66300344467163,83.16343277692795,-50.86483433842659,
J99,Spain          Burjassot,359.57808,39.508013,49.802,161.42323851810977,0.006879952036803637,128.66273522377014,83.1633061170578,-50.86479149758816,
K00,Germany        Hanau,8.94836,50.107653,152.765,161.41493019675133,0.006152087356028463,128.6585032939911,83.15348252654076,-50.86519010365009,
K01,"UK/England     Astrognosis Observatory, Bradwell",0.62091,51.877481,82.965,161.41992922914162,0.0061119114650491696,128.66446375846863,83.15404504537582,-50.8650578558445,
K02,"UK/England     Eastwood Observatory, Leigh on Sea",0.66761,51.568808,30.723,161.41972211440722,0.006132102674158719,128.66413593292236,83.15420150756836,-50.86497403681278,
K03,Spain          Observatori AAS Montsec,0.74411,42.018981,799.682,161.42203046564904,0.006728132924411882,128.66240739822388,83.16146954894066,-50.86478963494301,
K04,"Spain          Lo Fossil Observatory, Ager",0.74416,42.019267,802.544,161.4218507024274,0.006728116042550021,128.66222858428955,83.16133916378021,-50.86488462984562,
K05,"UK/England     Eden Observatory, Banham",1.02311,52.454288,88.474,161.4194740267853,0.006070479377003158,128.6642551422119,83.15347507596016,-50.86507275700569,
K06,"Spain          Observatorio Montagut, Can Sola",1.9995,41.538882,408.515,161.4209825714406,0.006745174575073302,128.6611258983612,83.1613577902317,-50.86488835513592,
K07,"France         Observatoire de Gravelle, St. Maurice",2.4614,48.817494,177.468,161.4193069118761,0.006297935394268015,128.66240739822388,83.15609395503998,-50.86493492126465,
K08,"Spain          Observatorio Lledoner, Vallirana",1.88,41.386982,497.949,161.42105659507882,0.00675499106176618,128.66118550300598,83.16148445010185,-50.86476542055607,
K09,Spain          Llica d'Amunt,2.24,41.602815,159.213,161.42097613349594,0.006739250407235167,128.6611258983612,83.16131681203842,-50.86493492126465,
K10,"France         Micro Palomar, Reilhanette",5.4214,44.17014,601.46,161.41812740310064,0.0065584915979584255,128.659188747406,83.15875008702278,-50.864990800619125,
K11,France         Observatoire de Pommier,2.88079,45.879436,764.988,161.41966916312924,0.0064790930131138225,128.66145372390747,83.1582248210907,-50.865013152360916,
K12,Spain          Obsevatorio Astronomico de Marratxi,2.7267,39.632871,95.809,161.42083933134518,0.0068463319540311,128.6602020263672,83.16253870725632,-50.86483992636204,
K13,"Spain          Albireo Observatory, Inca",2.9124,39.728341,105.355,161.42072140109983,0.006839289240713876,128.6602020263672,83.16231891512871,-50.864825025200844,
K14,Spain          Observatorio de Sencelles,2.9131,39.661042,119.816,161.42063710872006,0.006843037564000065,128.66008281707764,83.162322640419,-50.86485296487808,
K15,France         Murviel-les-Montpellier,3.75522,43.615884,136.003,161.4195548354668,0.006607634519232689,128.6604106426239,83.15962925553322,-50.864992663264275,
K16,France         Reilhanette,5.42106,44.167417,574.277,161.4181604653182,0.0065586404887207185,128.65930795669556,83.15864577889442,-50.864964723587036,
K17,"Switzerland    Observatoire des Valentines, Bex",7.02679,46.247616,442.189,161.41666729161213,0.006415835987473005,128.65862250328064,83.1567794084549,-50.86501128971577,
K18,France         Hesingue,7.5242,47.575615,279.709,161.41626217722396,0.006328215560073753,128.6587417125702,83.15576985478401,-50.86507461965084,
K19,"France         PASTIS Observatory, Banon",5.64731,43.999461,629.298,161.41783115807107,0.006566352554785011,128.65880131721497,83.15882459282875,-50.86490884423256,
K20,"Belgium        Danastro Observatory, Romeree",4.68015,50.13547,185.578,161.41771508559887,0.006193672462736608,128.6613643169403,83.15456658601761,-50.865018740296364,
K21,France         Saint-Saturnin-les-Avignon,4.9292,43.958569,38.175,161.4186055542804,0.006575816233425326,128.65963578224182,83.15904811024666,-50.86489021778107,
K22,"France         Les Barres Observatory, Lamanon",5.07611,43.693108,123.948,161.41847628047748,0.006590147961853206,128.6594271659851,83.15910398960114,-50.864916294813156,
K23,Italy          Gorgonzola,9.4023,45.535727,166.859,161.41517649535146,0.0064319621449944785,128.656804561615,83.15669372677803,-50.865018740296364,
K24,Germany        Schmelz,6.86069,49.44321,251.411,161.4162762294283,0.0062171350384382955,128.65963578224182,83.15445482730865,-50.86500756442547,
K25,"France         Haute Provence Sud, Saint-Michel-l'Observatoire",5.7136,43.916838,530.129,161.41804076468634,0.00657052564782079,128.65903973579407,83.15884321928024,-50.864940509200096,
K26,Luxembourg     Contern,6.2201,49.58223,318.154,161.41681123366757,0.006214722297350096,128.6602020263672,83.15455913543701,-50.86510255932808,
K27,"France         St-Martin Observatory, Amathay Vesigneux",6.2094,47.026599,715.563,161.41714977034349,0.006376469837086227,128.65939736366272,83.15650001168251,-50.865039229393005,
K28,Germany        Sternwarte Eckdorf,6.8947,50.804161,127.442,161.41601996081636,0.006128864530589273,128.6599636077881,83.15344899892807,-50.86500942707062,
K29,Switzerland    Stellarium Gornergrat,7.78347,45.983391,3140.549,161.41615759139597,0.006424909356249863,128.6579966545105,83.15673097968102,-50.86505599319935,
K30,Switzerland    Luscherz,7.14839,47.046621,429.178,161.41647202287396,0.00636524273354931,128.6587417125702,83.15624669194221,-50.86496099829674,
K31,Italy          Osservatorio Astronomico di Bellino,7.00361,44.579323,1782.993,161.4168389248696,0.006517816040071476,128.65808606147766,83.15793797373772,-50.865018740296364,
K32,"Italy          Maritime Alps Observatory, Cuneo",7.52964,44.36378,574.207,161.41673110032588,0.006524290554148179,128.65784764289856,83.15809071063995,-50.86502991616726,
K33,Italy          San Defendente,7.49761,44.394665,568.59,161.41655777992133,0.006522808029981234,128.657728433609,83.15791934728622,-50.865061581134796,
K34,Italy          Turin,7.7005,45.10923,215.772,161.41637610307384,0.006477527184411549,128.65790724754333,83.15733447670937,-50.864988937973976,
K35,Germany        Huenfelden,8.16369,50.313008,202.387,161.41533990427908,0.0061474864233869875,128.65909934043884,83.15340802073479,-50.86510442197323,
K36,Germany        Ebersheim,8.24887,49.918185,205.646,161.4153702219232,0.006171987860746484,128.65883111953735,83.1538625061512,-50.865136086940765,
K37,Italy          Cereseto,8.3148,45.075143,119.476,161.41592495662303,0.006472532263897237,128.65740060806274,83.15721526741982,-50.86503364145756,
K38,"Italy          M57 Observatory, Saltrio",8.91824,45.873785,547.891,161.4154276817659,0.006417412413830263,128.6572515964508,83.15648511052132,-50.86502619087696,
K39,Italy          Serra Observatory,8.95556,44.533546,568.557,161.41561736647577,0.006497631806955197,128.65689396858215,83.15739408135414,-50.8650466799736,
K40,Germany        Altdorf,9.0135,48.625483,505.97700000000003,161.41509956932347,0.006245866248065042,128.65811586380005,83.15451443195343,-50.86502060294151,
K41,"Italy          Vegaquattro Astronomical Obs., Novi Ligure",8.793,44.771183,209.877,161.41571124308388,0.0064852095844289605,128.65713238716125,83.15728604793549,-50.864918157458305,
K42,Germany        Knielingen,8.3332,49.035841,81.185,161.4154453051628,0.006227350389595715,128.65868210792542,83.15429463982582,-50.86504481732845,
K43,"Italy          OVM Observatory, Chiesa in Valmalencom",9.8389,46.310097,1688.958,161.41465171433268,0.006380349038819848,128.65662574768066,83.15588906407356,-50.86512118577957,
K44,"Germany        Marienburg Sternwarte, Hildesheim",9.97331,52.130403,105.169,161.41405334847244,0.006009137803156236,128.65862250328064,83.15161988139153,-50.86515098810196,
K45,"Italy          Oss. Astronomico di Punta Falcone, Piombino",10.49814,42.932791,53.569,161.41452602717146,0.006572262887338634,128.65513563156128,83.15803483128548,-50.86498335003853,
K46,Germany        Bamberg,10.9114,49.885015,210.62,161.41370971743342,0.006143509142709599,128.6572813987732,83.15299823880196,-50.86519941687584,
K47,"Italy          BSCR Observatory, Santa Maria a Monte",10.68822,43.689188,16.607,161.41434467251128,0.006525726727118305,128.65522503852844,83.1574909389019,-50.86507089436054,
K48,"Italy          Keyhole Observatory, San Giorgio di Mantova",10.83881,45.209185,25.648,161.4141253479657,0.006433721600624487,128.65576148033142,83.1562876701355,-50.86498521268368,
K49,"Italy          Carpione Observatory, Spedaletto",11.18581,43.681117,253.72900000000004,161.41394093543008,0.006519824365788736,128.65492701530457,83.15722644329071,-50.86497589945793,
K50,"Germany        Sternwarte Feuerstein, Ebermannstadt",11.133,49.790115,489.515,161.41352025459247,0.006146964259261425,128.65710258483887,83.15295726060867,-50.86511746048927,
K51,"Italy          Osservatorio del Celado, Castello Tesino",11.65789,46.029483,1295.483,161.4135329804471,0.006374305463307355,128.65543365478516,83.1555686891079,-50.865110009908676,
K52,"Italy          Gwen Observatory, San Francesco al Campo",7.6478,45.230562,300.858,161.4163388433167,0.006470838726625445,128.65784764289856,83.15732702612877,-50.86503364145756,
K53,Italy          Marina di Cerveteri,12.04564,41.981365,7.018,161.41362859598436,0.0066061211719386495,128.65394353866577,83.15814286470413,-50.86497403681278,
K54,Italy          Astronomical Observatory University of Siena,11.33678,43.312669,290.262,161.4139500724784,0.006539328354054432,128.65477800369263,83.15744623541832,-50.86502246558666,
K55,Germany        Wallhausen,7.765,49.88688,219.303,161.41563718552206,0.006179201376637323,128.65909934043884,83.15402269363403,-50.865042954683304,
K56,Italy          Osservatorio di Foligno,12.70497,42.960268,228.436,161.41305370685004,0.006541006104907979,128.65379452705383,83.15723016858101,-50.865018740296364,
K57,Italy          Fiore Observatory,13.0444,45.786125,-8.225,161.41256167633475,0.006369792455442651,128.65447998046875,83.15518498420715,-50.865067169070244,
K58,Germany        Gevelsberg,7.4497,51.300825,407.813,161.4156573671735,0.006090912940979865,128.65978479385376,83.15293863415718,-50.86514540016651,
K59,"Germany        Elsterland Observatory, Jessnigk",13.27744,51.747997,78.696,161.41198255387172,0.0059940239691239254,128.6565065383911,83.15083757042885,-50.865210592746735,
K60,Sweden         Lindby,13.51069,55.435949,40.994,161.4116944281677,0.005747400079869588,128.6579668521881,83.14797654747963,-50.865279510617256,
K61,Czech Republi  Rokycany Observatory,13.6026,49.751403,406.207,161.41169737122854,0.006117723580327224,128.65528464317322,83.1521563231945,-50.86524039506912,
K62,Czech Republi  Teplice Observatory,13.84675,50.638321,277.939,161.4118753657745,0.006058029095449832,128.65591049194336,83.15160870552063,-50.86511746048927,
K63,"Italy          G. Pascoli Observatory, Barga (before June 2023)",10.46252,44.082789,302.917,161.41444279583664,0.0065056171666183086,128.6555528640747,83.1572562456131,-50.8649367839098,
K64,Germany        Waizenreuth,11.74397,49.935479,471.055,161.41305063121663,0.006130144567810463,128.65674495697021,83.1526331603527,-50.865061581134796,
K65,Italy          Cesena,12.2339,44.141649,16.634,161.41325933005595,0.006478659538306626,128.65442037582397,83.15665647387505,-50.86502619087696,
K66,Italy          Osservatorio Astronomico di Anzio,12.62861,41.463359,80.963,161.41320553935236,0.0066272676138562775,128.65331768989563,83.15825462341309,-50.86503177881241,
K67,"Germany        Bayerwald Sternwarte, Spiegelau",13.361,48.927653,825.982,161.41209397881127,0.006172986944636972,128.6553144454956,83.15296098589897,-50.86510814726353,
K68,"Italy          Osservatorio Elianto, Pontecagnano",14.90512,40.657713,112.353,161.41141871029242,0.006638388623831141,128.65138053894043,83.15778896212578,-50.86502246558666,
K69,Germany        Riethnordhausen,10.9941,51.090688,138.035,161.41345595508736,0.006065018697720971,128.65760922431946,83.15199613571167,-50.86520314216614,
K70,Italy          Rosarno,15.9736,38.489205,63.305,161.41062851739116,0.006738574569331613,128.64986062049866,83.15857127308846,-50.86508020758629,
K71,Germany        Neutraubling,12.2159,48.98976,309.413,161.4128647368936,0.0061839369073138604,128.65608930587769,83.15327763557434,-50.86507648229599,
K72,Italy          Celico,16.3396,39.311045,744.864,161.41035584824468,0.006689133798893678,128.64995002746582,83.15792307257652,-50.86504854261875,
K73,Italy          Gravina in Puglia,16.4158,40.820758,396.003,161.4103220672885,0.006605599232642104,128.65042686462402,83.15706625580788,-50.865136086940765,
K74,"Germany        Muensterschwarzach Observatory, Schwarzach",10.2364,49.805279,183.022,161.4141632482989,0.006156661794892031,128.65766882896423,83.15329626202583,-50.8651714771986,
K75,"Italy          Astro Dolomites, Santa Cristina Valgardena",11.7289,46.560481,1529.327,161.4132588826932,0.006341227467233364,128.65546345710754,83.15500989556313,-50.86507834494114,
K76,"Italy          BSA Osservatorio, Savigliano",7.62898,44.580531,410.924,161.41637044413113,0.006510156445749513,128.65763902664185,83.157729357481,-50.86500383913517,
K77,"Germany        EHB01 Observatory, Engelhardsberg",11.2903,49.797364,425.892,161.41341281319117,0.006144551003623754,128.65692377090454,83.15300941467285,-50.86514353752136,
K78,"Italy          iota Scorpii Observatory, La Spezia",9.85356,44.126277,110.112,161.4149394496566,0.006510632878530386,128.65599989891052,83.15746486186981,-50.865041092038155,
K79,Germany        Erfurt,11.05789,50.959372,283.142,161.41337535277367,0.006072802227392631,128.65737080574036,83.15222337841988,-50.8651789277792,
K80,"Poland         Platanus Observatory, Lusowko",16.63733,52.442301,132.413,161.40988244173982,0.005903397914258911,128.6548674106598,83.1492468714714,-50.8652925491333,
K81,"Italy          P.M.P.H.R. Deep Sky Observatory, Atina",13.78511,41.624624,399.907,161.4122121128231,0.006601603389302199,128.65251302719116,83.15758034586906,-50.865016877651215,
K82,"Italy          Alphard Observatory, Ostuni",17.5894,40.689134,259.949,161.40928185530936,0.006593367598240281,128.64947319030762,83.1565111875534,-50.86515471339226,
K83,"Italy          Osservatorio Astronomico Beppe Forti, Montelupo",11.04317,43.755333,249.665,161.41431256817359,0.006517343120479957,128.6553144454956,83.15728232264519,-50.86508393287659,
K84,"Italy          Felliscopio Observatory, Fellicarolo",10.75861,44.187683,983.975,161.41430068012463,0.0064959527869292285,128.65549325942993,83.15703272819519,-50.86500197649002,
K85,Belgium        Kelmis,6.03161,50.723994,238.039,161.4166969920022,0.006142688943258081,128.660649061203,83.15366506576538,-50.86507089436054,
K86,Italy          Brescia,10.18189,45.549196,199.075,161.4145813248682,0.006421637363434158,128.6563277244568,83.1562727689743,-50.86502432823181,
K87,Germany        Dettelbach Vineyard Observatory,10.17011,49.807693,273.486,161.41417201276445,0.006157325769878107,128.657728433609,83.15319940447807,-50.865206867456436,
K88,"Hungary        GINOP-KHK, Piszkesteto",19.89367,47.917455,983.456,161.40770554076724,0.006137000218128318,128.650963306427,83.15106853842735,-50.865281373262405,
K89,"Italy          Digital Stargate Observatory, Manciano",11.56339,42.480015,204.001,161.41390364081164,0.006584340672493192,128.65442037582397,83.15792307257652,-50.86500011384487,
K90,Serbia         Sopot Astronomical Observatory,20.54577,44.530241,323.499,161.40708893984427,0.006326130031216198,128.6490559577942,83.15292745828629,-50.865110009908676,
K91,South Africa   Sutherland-LCO A,20.81019,-32.380542,1806.975,161.4078428285622,0.007317396348363746,128.6463439464569,83.15863087773323,-50.865037366747856,
K92,South Africa   Sutherland-LCO B,20.81004,-32.380542,1806.975,161.4080932328506,0.007317394593365884,128.6466121673584,83.1587053835392,-50.86503177881241,
K93,South Africa   Sutherland-LCO C,20.81011,-32.38067,1808.42,161.40785845694205,0.0073173914015040075,128.6463737487793,83.15866068005562,-50.86496286094189,
K94,South Africa   Sutherland,20.81097,-32.379959,1765.986,161.40796792064592,0.007317369910783188,128.64649295806885,83.15868303179741,-50.86497217416763,
K95,"South Africa   MASTER-SAAO Observatory, Sutherland",20.81106,-32.380484,1757.578,161.40791702415956,0.0073173515798157914,128.6463737487793,83.1587128341198,-50.865063443779945,
K96,Italy          Savelli Observatory,16.75119,39.314406,1215.321,161.4099768280411,0.0066823911755915935,128.64959239959717,83.15771445631981,-50.865091383457184,
K97,France         Freconrupt,7.18026,48.467691,688.105,161.41616976901534,0.006276046806929051,128.65903973579407,83.15517380833626,-50.86500197649002,
K98,"Poland         6ROADS Observatory 1, Wojnowko",17.07217,52.63387,121.861,161.40956262092365,0.005884751119624502,128.65471839904785,83.14890787005424,-50.865208730101585,
K99,Ukraine        Derenivka Observatory,22.4535,48.563384,234.847,161.40597015952292,0.006053446558748118,128.6497414112091,83.14958587288857,-50.865288823843,
L00,"Italy          East Rome Observatory, Rome",12.5375,41.907402,93.279,161.41330326817408,0.00660348914203867,128.6536455154419,83.15794169902802,-50.86502432823181,
L01,"Croatia        Visnjan Observatory, Tican",13.7493,45.290899,380.986,161.4121979971511,0.0063897282622073824,128.65394353866577,83.15525203943253,-50.865160301327705,
L02,"Greece         NOAK Observatory, Stavraki",20.81658,39.652455,580.427,161.40690828931966,0.006592351620707409,128.64702939987183,83.15573260188103,-50.86507648229599,
L03,"Austria        SGT Observatory, Gaflenz",14.73081,47.896626,531.662,161.411225969732,0.006217955774217051,128.6541223526001,83.15309882164001,-50.86514353752136,
L04,"Romania        ROASTERR-1 Observatory, Cluj-Napoca",23.5964,46.820954,394.35,161.40503958950916,0.006136988841513779,128.64816188812256,83.15020054578781,-50.86532607674599,
L05,"Italy          Dridri Observatory, Franciacorta",10.0699,45.59659,233.706,161.41473601331637,0.0064201857076883785,128.65644693374634,83.15635100007057,-50.865085795521736,
L06,"Italy          Sormano 2 Observatory, Bellagio Via Lattea",9.25403,45.970103,372.867,161.4151741777324,0.006407507594738108,128.6570131778717,83.15631747245789,-50.86509883403778,
L07,"Italy          Osservatorio Salvatore di Giacomo, Agerola",14.56406,40.623927,733.082,161.4117056944877,0.006645809805655859,128.65164875984192,83.15792307257652,-50.86503550410271,
L08,"Finland        Metsahovi Optical Telescope, Metsahovi",24.39447,60.220516,72.764,161.40577006804958,0.005271887129101792,128.65498661994934,83.14100280404091,-50.8654173463583,
L09,South Africa   Sutherland-LCO Aqawan A #1,20.80987,-32.380652,1799.618,161.40802452210343,0.007317395253272357,128.64649295806885,83.1587165594101,-50.86509697139263,
L10,Greece         Kryoneri Observatory,22.6186,37.972222,971.259,161.40528454407666,0.006645847855666734,128.64503264427185,83.15569162368774,-50.865041092038155,
L11,Sweden         Sandvreten Observatory,17.2092,59.805209,79.327,161.4093979577351,0.005402648772641055,128.65793704986572,83.14349502325058,-50.86539313197136,
L12,Belgium        Koksijde,2.67789,51.113033,49.998,161.41864499295505,0.006146989205033468,128.66273522377014,83.15425738692284,-50.86500756442547,
L13,"Romania        Stardust Observatory, Brasov",25.62193,45.641596,594.461,161.40360521799735,0.006166925115292637,128.64652276039124,83.1499807536602,-50.865279510617256,
L14,France         Planetarium de Vaulx-en-Velin Observatory,4.92247,45.777818,222.737,161.41822479023173,0.00646614202929174,128.66002321243286,83.15771073102951,-50.86488835513592,
L15,"Romania        St. George Observatory, Ploiesti",25.97839,45.007006,244.838,161.4033623925956,0.00619604822480149,128.6461353302002,83.15015211701393,-50.865208730101585,
L16,"Romania        Stardreams Observatory, Valenii de Munte",26.04561,45.203696,370.724,161.40319257608775,0.0061835181651012355,128.64607572555542,83.14984291791916,-50.86532607674599,
L17,Spain          Observatori Astronomic Albanya,2.7114,42.306713,290.357,161.42042253659858,0.006694328869074859,128.66085767745972,83.16066861152649,-50.864916294813156,
L18,"Ukraine        QOS Observatory, Zalistsi",26.71828,48.848295,393.395,161.40306846953712,0.005956637007278755,128.64747643470764,83.14741775393486,-50.865354016423225,
L19,"Italy          Osservatorio Felsina AAB, Montepastore",11.15258,44.356284,696.27,161.41406762942472,0.006480743466753904,128.65522503852844,83.15692469477654,-50.86511746048927,
L20,"Bosnia/Herzeg  AG_Sarajevo Observatory, Sarajevo",18.32069,43.844908,550.943,161.40890582351764,0.006403923664796952,128.65039706230164,83.1543542444706,-50.86515098810196,
L21,"Romania        Ostrov Observatory, Constanta",27.42128,44.027588,74.795,161.4020649017393,0.006221615031869838,128.6446750164032,83.14981311559677,-50.86533911526203,
L22,Romania        Barlad Observatory,27.66953,46.231697,79.1,161.40219712728245,0.006091185946342944,128.64568829536438,83.14844965934753,-50.865424796938896,
L23,Romania        Schela Observatory,27.8319,45.499624,-4.702,161.40197359613583,0.006129777580958152,128.6451518535614,83.14890041947365,-50.86533538997173,
L24,South Africa   Gauteng,27.9289,-26.102569,1631.489,161.4011448022897,0.007339426188290094,128.6388635635376,83.15709978342056,-50.86520500481129,
L25,Poland         Smolecin,14.43739,53.353671,105.517,161.41107425242555,0.0058741341857492,128.6563277244568,83.14928039908409,-50.86532607674599,
L26,"Italy          Sanderphil Urban Observatory, Civitavecchia",11.81019,42.077138,55.594,161.41377050246163,0.006603936482813848,128.65406274795532,83.15816894173622,-50.86508020758629,
L27,"France         29PREMOTE Observatory, Dauban",5.64704,43.999846,679.476,161.41792875202484,0.006566350972341105,128.6589503288269,83.15880969166756,-50.86486600339413,
L28,Italy          ISON-Castelgrande Observatory,15.46339,40.817569,1303.696,161.4108969851771,0.0066214381752760405,128.650963306427,83.15735682845116,-50.86512863636017,
L29,"Namibia        Drebach-South Observatory, Windhoek",18.0169,-23.460102,1358.816,161.41000251310723,0.0076482426714830935,128.645658493042,83.1640288233757,-50.864798948168755,
L30,"Germany        Lohbach Observatory, Benninghofen",7.51469,51.476911,164.475,161.41569830858907,0.00607861773520112,128.65987420082092,83.15286040306091,-50.86517706513405,
L31,"Germany        RaSo Observatory, Chemnitz",12.85615,50.860377,371.837,161.41232011843874,0.006056833661898754,128.65635752677917,83.15178379416466,-50.865111872553825,
L32,South Africa   Korea Microlensing Telescope Network-SAAO,20.81044,-32.378866,1802.38,161.40786793882555,0.007317447354461265,128.64628434181213,83.15876498818398,-50.86504854261875,
L33,Ukraine        Ananiv,29.9546,47.736097,68.989,161.40085583545343,0.0059558942417258995,128.64524126052856,83.14652740955353,-50.86544156074524,
L34,"Italy          Galhassin Robotic Telescope, Isnello",14.02061,37.939361,649.493,161.41229673894145,0.006798889929710266,128.6512017250061,83.15980061888695,-50.86497217416763,
L35,"Ukraine        DreamSky Observatory, Lisnyky",30.5086,50.262816,138.562,161.40097323263626,0.005794809805227064,128.64643335342407,83.1448994576931,-50.86546018719673,
L36,Czech Republi  Ondrejov--BlueEye600 Telescope,14.78008,49.909487,561.543,161.41114321529628,0.006091706465181365,128.65489721298218,83.15172791481018,-50.865162163972855,
L37,"Spain          Observatorio Alnitak, El Puerto de Santa Maria",353.73883,36.585182,70.422,161.42828725180894,0.007075407293174325,128.66726517677307,83.16615223884583,-50.864702090620995,
L38,"Germany        Gartensternwarte Schafsweide, Sehlde",9.69997,52.095277,140.123,161.41424230948402,0.006014538396736489,128.6587417125702,83.15177261829376,-50.86519941687584,
L39,"Italy          Osservatorio Spica, Signa",11.04031,43.789205,101.342,161.4140999835574,0.006515327021492879,128.65504622459412,83.15733820199966,-50.86499638855457,
L40,Germany        Sternwarte Saarbruecken Rastpfuhl,6.95681,49.252813,301.278,161.41632383845234,0.006228339846784331,128.65954637527466,83.15469697117805,-50.864988937973976,
L41,Italy          Ponte Uso,12.30181,43.988621,361.762,161.41308469841198,0.0064868738127107865,128.65418195724487,83.15670117735863,-50.86500197649002,
L42,Italy          Observatory-Astrocamp Manciano,11.5633,42.646824,205.461,161.41397441059547,0.006574768209405903,128.6545693874359,83.15787091851234,-50.8649330586195,
L43,"Spain          Ager, Leida",0.74439,42.019186,803.013,161.42181873462798,0.00672811862876646,128.66216897964478,83.16142857074738,-50.86478777229786,
L44,"Switzerland    AstroVal, Le Chenit",6.22111,46.619606,1192.958,161.41729853437622,0.0064017718250708846,128.65936756134033,83.15681666135788,-50.86506903171539,
L45,"Italy          ObsCT, Catania",15.06243,37.537428,260.217,161.41138647287386,0.006803383962412236,128.65033745765686,83.15938338637352,-50.86495168507099,
L46,Spain          Observatorio Majadahonda,356.11939,40.460865,778.678,161.42562707533983,0.006849795088316636,128.66580486297607,83.16320925951004,-50.86476542055607,
L47,"Italy          Osservatorio Astronomico, Piobbico",12.50711,43.585895,397.839,161.4130064119681,0.006507600067408906,128.65400314331055,83.15683156251907,-50.864992663264275,
L48,"Romania        CNVL Observatory, Baia Mare",23.56873,47.658052,256.188,161.40519396726071,0.006087746770879879,128.64869832992554,83.14964175224304,-50.86537264287472,
L49,"Austria        VEGA-Sternwarte, Dorfleiten",13.0073,47.923899,834.864,161.41236722965212,0.006240251051990785,128.65519523620605,83.15365761518478,-50.865137949585915,
L50,"Ukraine        GenShtab Observatory, Nauchnyi",34.0114,44.738732,586.106,161.39758064304124,0.0060340504167082825,128.64160537719727,83.14578607678413,-50.86545646190643,
L51,"Ukraine        MARGO, Nauchnyi",34.0164,44.7294,636.02,161.39760021434728,0.0060344657757689015,128.6415457725525,83.14588665962219,-50.86550489068031,
L52,Ukraine        MASTER-Tavrida,34.01694,44.73013,617.598,161.39761412990703,0.006034401460010854,128.64166498184204,83.14575999975204,-50.865454599261284,
L53,"Italy          Aldo Agnetti Observatory, Como",9.03381,45.705208,348.311,161.4153578384442,0.006426190716104233,128.65713238716125,83.1565111875534,-50.865063443779945,
L54,"Romania        Berthelot Observatory, Hunedoara",22.88878,45.616535,437.587,161.40553317582197,0.006220783120559484,128.64819169044495,83.1511877477169,-50.86520314216614,
L55,"Ukraine        Sura Gardens, Dnipro",35.0875,48.320586,142.581,161.39760440751033,0.005806917923236824,128.6431849002838,83.14337581396103,-50.865476951003075,
L56,"Germany        Sternwarte Limburg, Limburg",8.05858,50.381562,177.816,161.41566960574104,0.006144180970636361,128.65936756134033,83.15359428524971,-50.8651677519083,
L57,"Romania        Bacau Observatory, Bacau",26.90419,46.565635,204.987,161.40275296319652,0.006087562195399966,128.64619493484497,83.1487812101841,-50.86536519229412,
L58,Ukraine        Heavenly Owl observatory,30.57108,46.331167,78.317,161.40029924120017,0.00602358814648475,128.64422798156738,83.14699307084084,-50.865476951003075,
L59,"France         Compustar Observatory, Rouen",1.22606,49.438402,205.358,161.42004777423483,0.006267759818460909,128.66339087486267,83.15593749284744,-50.8650541305542,
L60,"Ukraine        Popovich Observatory, Ivanivka",30.69722,49.933611,204.138,161.40062767445127,0.005810541130536132,128.64607572555542,83.14478769898415,-50.865450873970985,
L61,"South Africa   MONET South, Sutherland",20.81028,-32.378897,1796.993,161.40792314521354,0.007317446329060717,128.6463737487793,83.15874636173248,-50.86502805352211,
L62,"Italy          Hypatia Observatory, Rimini",12.52889,44.086121,48.916,161.41302107616113,0.006477889864115544,128.65427136421204,83.15645530819893,-50.86497589945793,
L63,"Italy          HOB Observatory, Capraia Fiorentina",11.00914,43.73845,78.676,161.4142528214959,0.006518697813681953,128.65522503852844,83.15730467438698,-50.86508393287659,
L64,"Italy          Martesana Observatory, Cassina de Pecchi",9.36314,45.524485,186.87,161.41520272889366,0.0064331253106888284,128.65683436393738,83.15664157271385,-50.865111872553825,
L65,"Germany        Bredenkamp Observatory, Bremen",8.82831,53.075281,48.411,161.4146142602731,0.005959280061284044,128.65963578224182,83.15111696720123,-50.86519010365009,
L66,"South Africa   MeerLICHT-1, Sutherland",20.81122,-32.379904,1882.91,161.40793217282183,0.007317443845047319,128.64643335342407,83.15864205360413,-50.86507648229599,
L67,"Russia         Cherkizovo Observatory, Moscow Oblast",37.79889,55.961388,165.171,161.39796284650183,0.0052916052621686215,128.64699959754944,83.13808590173721,-50.86561292409897,
L68,"South Africa   PESCOPE, Port Elizabeth",25.53683,-33.987939,185.069,161.40404500407308,0.0071467499349949296,128.64366173744202,83.1553153693676,-50.86519010365009,
L69,"South Africa   LaCaille Observatory, Pretoria",28.2142,-25.834328,1484.61,161.40094987804576,0.007338984974536272,128.63871455192566,83.1570066511631,-50.865115597844124,
L70,"Croatia        Zvjezdarnica Graberje, Zagreb",15.92333,45.819577,201.745,161.41061690600284,0.00632619790918489,128.65275144577026,83.15403759479523,-50.86514353752136,
L71,"Russia         Vedrus Observatory, Azovskaya",38.5839,44.791477,291.47,161.39445710487476,0.005916773843497219,128.63945960998535,83.14302563667297,-50.86548440158367,
L72,Russia         Melezhy Astrophoto Observatory,38.6928,56.049008,178.735,161.3975173421864,0.005266249142508977,128.64676117897034,83.13755691051483,-50.865666940808296,
L73,"Italy          Beato Ermanno Observatory, Impruneta",11.26183,43.675409,336.03,161.41388402876854,0.0065191870121299135,128.6548674106598,83.15712958574295,-50.86510442197323,
L74,"Italy          AstroColauri, Naples",14.21109,40.879156,287.171,161.4120762961687,0.0066368287742906585,128.65212559700012,83.15794914960861,-50.86496286094189,
L75,Estonia        Tartu Observatory of Tartu University,26.46394,58.264015,96.158,161.4042764334832,0.005368180338371268,128.65272164344788,83.14155787229538,-50.865499302744865,
L76,"Russia         Nomad Observatory, Kochevanchik",39.65161,46.976196,36.873,161.3943620386139,0.00576978649105092,128.6403238773346,83.14148336648941,-50.86551792919636,
L77,"Russia         RDSS, Kovalevka",39.82025,47.336868,98.063,161.39433769732938,0.005745514064662972,128.64050269126892,83.14109221100807,-50.86562782526016,
L78,"Italy          San Marco Observatory, Salerno",14.78,40.682532,134.342,161.41149032835477,0.006638961999459882,128.65138053894043,83.15788581967354,-50.865091383457184,
L79,"Hungary        BOSZA Observatory, Szalanta",18.22039,45.953082,223.834,161.4089806007145,0.006282167804871075,128.65132093429565,83.15309509634972,-50.865110009908676,
L80,"Namibia        SpringBok Observatory, Tivoli",18.0175,-23.460102,1358.816,161.41016828574476,0.007648224579501249,128.64583730697632,83.16405117511749,-50.86483620107174,
L81,Namibia        Skygems Namibia Remote Observatory,16.36169,-23.236422,1854.372,161.41156993261566,0.007688689593380507,128.64702939987183,83.16493779420853,-50.864819437265396,
L82,"Portugal       Crow Observatory, Portalegre",352.6795,39.275814,650.798,161.42852146313763,0.006933488482777055,128.66851687431335,83.16465094685555,-50.86473375558853,
L83,"Spain          UJA Observatory, Jaen",356.22231,37.787351,562.295,161.42617439945062,0.006997802713832884,128.66532802581787,83.16504582762718,-50.86470581591129,
L84,"Russia         Kairos Observatory, Letnik",41.27989,46.034028,46.08,161.3930866050598,0.0057782694928024715,128.6391317844391,83.14083144068718,-50.865551456809044,
L85,"Italy          BiAnto Observatory, Lauria",15.86325,40.028874,750.576,161.41064915670265,0.006658063288478376,128.65042686462402,83.15777406096458,-50.865016877651215,
L86,"Italy          Giordano Bruno Observatory, Brallo",9.2631,44.754974,848.734,161.41524028802715,0.00648085722030618,128.6565661430359,83.15715566277504,-50.86506903171539,
L87,"Namibia        Moonbase South Observatory, Hakos",16.36189,-23.236422,1854.372,161.41167761690807,0.007688679238042682,128.64714860916138,83.1650011241436,-50.86475610733032,
L88,"Italy          Stazione Astronomica Le Pleiadi, Pantane",16.5422,39.102953,1321.103,161.41011641656704,0.006697229896891267,128.64962220191956,83.1579677760601,-50.86504481732845,
L89,"Italy          PAO, Prato",11.14439,43.865166,104.481,161.41401879347922,0.006509508765997677,128.6551058292389,83.15709978342056,-50.86497776210308,
L90,"Italy          ABObservatory, Rosarno",15.97949,38.455736,125.25800000000001,161.41058175613614,0.006740278018632364,128.64986062049866,83.15849304199219,-50.86505971848965,
L91,"Italy          Antares MTM Observatory, S. Donato",13.8078,41.70515,624.087,161.41223991157744,0.006596838984113058,128.65260243415833,83.15752446651459,-50.864970311522484,
L92,Italy          San Costantino,16.00211,38.705394,229.37,161.41067972894248,0.00672673241785281,128.65006923675537,83.15837755799294,-50.86503177881241,
L93,"Spain          Garraf Observatory, Sant Pere de Ribes",1.77221,41.258806,75.113,161.42135237872327,0.006763068135623859,128.66142392158508,83.161611109972,-50.864893943071365,
L94,"Spain          Observatorio MOMA, Oviedo",354.14561,43.364161,286.735,161.42623433993083,0.006690012697932516,128.66759300231934,83.1616260111332,-50.86475796997547,
L95,Spain          Observatorio Astronomico de Cartagena,358.95159,37.612347,131.633,161.4241823904025,0.006988677098687551,128.6630630493164,83.16469937562943,-50.864679738879204,
L96,Armenia        ISON-Byurakan Observatory,44.2745,40.34755,1650.066,161.38947507283777,0.005987172568337461,128.63442301750183,83.1410139799118,-50.86570233106613,
L97,"UK/England     Castle Fields Observatory, Calne",357.99161,51.437018,120.565,161.42149958678118,0.006158261827637745,128.665953874588,83.1548310816288,-50.86498707532883,
L98,"Spain          La Sagra Observatory, Puebla de Don Fadrique",357.43425,37.982643,1583.074,161.42522203512235,0.006980089743301382,128.66434454917908,83.1647552549839,-50.86464621126652,
L99,Ukraine        Novosilky,30.60281,50.607688,137.3,161.40083010267045,0.005772135857612285,128.64652276039124,83.14446732401848,-50.86548626422882,
M00,"Finland        Viestikallio, Artjarvi",26.21155,60.73447,107.531,161.40489246481556,0.00520859601702649,128.65447998046875,83.14000442624092,-50.865545868873596,
M01,Israel         Weizmann Astrophysical Observatory,35.04073,30.052975,432.619,161.39436977512713,0.006718681644380516,128.63412499427795,83.15121755003929,-50.865307450294495,
M02,Spain          Astropriorat Observatory,0.86386,41.123329,425.965,161.42199409577435,0.006778657429823547,128.66201996803284,83.16196873784065,-50.86483806371689,
M03,Spain          Badalona Boreal,2.25822,41.456428,56.282,161.4208884808653,0.006747456012651259,128.66097688674927,83.16141366958618,-50.86487531661987,
M04,"Spain          Pujalt Observatory, Barcelona",1.4256,41.71745,816.625,161.42146194467568,0.006740004413222842,128.66166234016418,83.16149935126305,-50.864821299910545,
M05,"France         Observatoire de la Nine, Canens",1.33161,43.215106,388.695,161.421283878291,0.006652950316527671,128.66204977035522,83.16051214933395,-50.86489021778107,
M06,"Spain          PeLe's Observatory, Ager",0.74381,42.019267,802.544,161.42185869602724,0.006728118128808804,128.66222858428955,83.161361515522,-50.864873453974724,
M07,Germany        Siek,10.29447,53.6369,112.535,161.41354385406913,0.005905854118575312,128.65883111953735,83.15031602978706,-50.865137949585915,
M08,"Belgium        CHON, Stekene",4.0381,51.202067,66.235,161.41787463795907,0.006129695827074574,128.66199016571045,83.15388858318329,-50.8650504052639,
M09,Belgium        Observatory Gromme - Oudsbergen,5.60094,51.032739,115.579,161.41695431649774,0.00612661034248899,128.66097688674927,83.1536129117012,-50.86514353752136,
M10,"France         CPF Observatory, St Vallier de Thiey",6.85411,43.692307,771.08,161.41717939628268,0.00657175090396289,128.65814566612244,83.15857499837875,-50.86490698158741,
M11,"France         Novaastro Observatory, Banon",5.64718,43.999389,683.567,161.4180996736569,0.006566383862008065,128.65912914276123,83.15878733992577,-50.864992663264275,
M12,Russia         Puschino,47.8639,56.109697,169.23,161.39271415032337,0.005039600448946897,128.64384055137634,83.13271403312683,-50.86572840809822,
M13,"France         Lucie Berger Observatory, Strasbourg",7.7425,48.57816,188.268,161.41576573093772,0.0062628458817208625,128.6587119102478,83.15485343337059,-50.86507275700569,
M14,Italy          Schiaparelli Gallarate Station,8.78939,45.673318,296.649,161.41553188801706,0.006430972511791395,128.65731120109558,83.15664529800415,-50.864944234490395,
M15,"Italy          Virgo Oservatory, Seveso",9.1506,45.640009,240.683,161.41527562043535,0.006428709227540521,128.65692377090454,83.15669372677803,-50.86503177881241,
M16,Italy          Osservatorio Il Coreggiolo,9.77319,44.0949,407.809,161.41508314749714,0.006513623961313439,128.65617871284485,83.15746486186981,-50.86504481732845,
M17,"Italy          SN1572 Tycho Observatory, La Spezia",9.80922,44.111291,59.045,161.41497635154604,0.0065120459544775675,128.65608930587769,83.15745741128922,-50.864944234490395,
M18,Germany        Koeditz,11.83939,50.335757,605.83,161.41302604588267,0.006103447468558712,128.6567747592926,83.15251767635345,-50.86509697139263,
M19,"Croatia        Osservatorio Explorer, Pula",13.88327,44.863912,73.33,161.41194067800683,0.006413029627552148,128.65352630615234,83.15547555685043,-50.86503364145756,
M20,"Italy          Polse di Cougnes Observatory, Zuglio",13.01169,46.469391,805.816,161.41245915545193,0.0063293392513062135,128.65465879440308,83.15466716885567,-50.865136086940765,
M21,"Namibia        Schiaparelli Southern Observatory, Hakos",16.36144,-23.236551,1853.543,161.41160497471736,0.0076886913872951275,128.64702939987183,83.16497504711151,-50.864869728684425,
M22,"South Africa   ATLAS South Africa, Sutherland",20.81059,-32.380158,1802.64,161.40784626223686,0.007317398360095617,128.64631414413452,83.158690482378,-50.86502619087696,
M23,"Hungary        ELTE Gothard Observatory, Szombathely",16.6035,47.258007,265.378,161.41000259017522,0.006229275983367943,128.6526620388031,83.15295726060867,-50.865186378359795,
M24,"Italy          La Macchina del Tempo, Ardore Marina",16.2005,38.169874,49.482,161.41034862776314,0.00675168461261472,128.64956259727478,83.15854147076607,-50.864994525909424,
M25,"Finland        Einarin Observatory, Tampere",23.8283,61.494525,118.381,161.40629157131806,0.005194467433459702,128.6560595035553,83.14027637243271,-50.865545868873596,
M26,"Italy          Zen Observatory, Scandicci",11.13494,43.774586,81.749,161.41400345333003,0.006514932768665807,128.65498661994934,83.15719291567802,-50.86507834494114,
M27,"Italy          Elijah Observatory, Lajatico",10.7175,43.429222,476.927,161.41433024953338,0.006540761338004179,128.65522503852844,83.15752446651459,-50.864970311522484,
M28,"South Africa   Lesedi Telescope-SAAO Observatory, Sutherland",20.81064,-32.379792,1807.107,161.4078702677418,0.007317413810386463,128.64628434181213,83.15880596637726,-50.864988937973976,
M29,"Italy          O.M.Ni.A. Observatory, Cesena",12.24864,44.147748,87.707,161.41322776570615,0.0064781298379305,128.65442037582397,83.15660431981087,-50.86501128971577,
M30,"Romania        Zeta Aquarii Observatory, Brasov",25.62,45.64427,633.879,161.40361913036904,0.006166827619951649,128.6466121673584,83.14984664320946,-50.86531676352024,
M31,"Finland        Ursa Havaintokeskus,  Artjarvi",26.21281,60.733519,101.107,161.40486863186698,0.005208638207867156,128.65450978279114,83.13989266753197,-50.86557753384113,
M32,"Ukraine        Sunny Transcarpathian, Mukachevo",22.70919,48.379032,175.121,161.40569697083237,0.006060029000106712,128.64947319030762,83.1495001912117,-50.86524039506912,
M33,"Israel         OWL-Net, Mitzpe Ramon",34.76334,30.597722,906.069,161.39471040185953,0.006703930863630077,128.63454222679138,83.15126970410347,-50.86524784564972,
M34,"Slovakia       AGO70, Astronomical Observatory, Modra",17.27363,48.37252,579.676,161.40954293585708,0.006151013657442209,128.65281105041504,83.15187320113182,-50.86512304842472,
M35,"Romania        PS Observatory, Parjol",26.61669,46.575381,347.485,161.40308118052303,0.006092859447787808,128.64655256271362,83.14888551831245,-50.865331664681435,
M36,"Italy          Opicina, Trieste",13.79647,45.693884,364.517,161.4120320301496,0.006364985154618685,128.65397334098816,83.15497264266014,-50.865015015006065,
M37,"Slovenia       Astronomsko drustvo Nanos, Ajdovscina",13.91243,45.920164,836.096,161.41189208077395,0.006349971212175242,128.653883934021,83.15477892756462,-50.865113735198975,
M38,"Hungary        Harsona Observatory, Nyiregyhaza",21.76719,47.945818,155.979,161.4064704059637,0.0061028673496112615,128.64989042282104,83.15033093094826,-50.865281373262405,
M39,"Greece         AUTH Observatory, Thessaloniki",22.95888,40.630651,87.966,161.40528092567757,0.0064988201832941635,128.64601612091064,83.15406739711761,-50.86519755423069,
M40,"Egypt          OSTS-NRIAG, Kottamia",31.82708,29.936004,481.345,161.39702420302623,0.006809363173691378,128.63603234291077,83.15344527363777,-50.86526460945606,
M41,Saudi Arabia   Jeddah,39.25827,21.521802,59.001,161.38962475757037,0.0069037145797294424,128.62876057624817,83.15025269985199,-50.86539499461651,
M42,"United Arab E  Emirates Observatory, Al Rahba",54.6708,24.58082,-18.052,161.37775929843508,0.00627293930497447,128.62268090248108,83.13632383942604,-50.865890458226204,
M43,"United Arab E  Al Sadeem Observatory, Abu Dhabi",54.68478,24.176308,19.886,161.37753734363218,0.006285202413658909,128.6224126815796,83.13633874058723,-50.865840166807175,
M44,"United Arab E  Al-Khatim Observatory, Abu Dhabi",54.92031,24.219597,55.781,161.37744818534856,0.006274864661855052,128.6224126815796,83.13611894845963,-50.86591653525829,
M45,"Romania        Starhopper Observatory, Sfantu Gheorghe",25.76889,45.865496,624.117,161.40360330276044,0.006151089937360144,128.6466121673584,83.14980566501617,-50.865333527326584,
M46,"United Arab E  Althuraya Astronomy Center, Dubai",55.45033,25.213476,21.599,161.37723055815164,0.006222864686077649,128.62259149551392,83.13548937439919,-50.86580291390419,
M47,"United Arab E  Sharjah Observatory, Sharjah",55.46205,25.282675,-9.122,161.37720990432024,0.0062201521263280015,128.6226511001587,83.13532173633575,-50.865860655903816,
M48,"Italy          GAC - Via L. Sturzo Observatory, Catania",15.09222,37.506621,63.111,161.41135217263457,0.006804406116346958,128.65018844604492,83.15950632095337,-50.865018740296364,
M49,"Namibia        IAS Remote Observatory, Hakos",16.36172,-23.236551,1853.543,161.4115863114021,0.007688680073753745,128.64699959754944,83.16505327820778,-50.86475796997547,
M50,"Italy          Virtual Telescope Project, Manciano",11.56375,42.480177,203.208,161.41395807490744,0.006584330711323852,128.65445017814636,83.15792679786682,-50.865091383457184,
M51,"Germany        Robert Mayer Sternwarte, Heilbronn",9.22697,49.139383,221.363,161.41485139073993,0.006210801591323468,128.65808606147766,83.15406739711761,-50.865039229393005,
M52,Italy/Sardini  Sassari,8.5785,40.727494,315.641,161.41638604758202,0.006722270291788504,128.65617871284485,83.16005766391754,-50.864940509200096,
M53,"Germany        CAS Observatory, Preetz",10.28219,54.219692,63.289,161.41359579630287,0.005867004289386817,128.65912914276123,83.14993977546692,-50.865164026618004,
M54,France         Observatoire Albireo de Biot,7.07781,43.617357,186.188,161.41701649701488,0.00657342731137952,128.65787744522095,83.15861225128174,-50.86500756442547,
M55,"Slovakia       Luckystar Observatory, Vazec",19.987,49.054414,855.727,161.40761042667967,0.006065936187203785,128.65135073661804,83.15027877688408,-50.86529068648815,
M56,Italy          Varedo,9.17483,45.604381,233.762,161.4152684266995,0.006430572008691582,128.6570429801941,83.1565260887146,-50.86498148739338,
M57,"Italy          Wide-field Mufara Telescope, Isnello",14.0202,37.868881,1905.282,161.4122387787074,0.006803264314186309,128.6512017250061,83.15970748662949,-50.864940509200096,
M58,"Namibia        VdS Remote Observatory, Hakos",16.36133,-23.236603,1856.06,161.4115352072147,0.007688688270226362,128.64693999290466,83.16498249769211,-50.86486227810383,
M59,"Switzerland    Rondchamp Observatory, Reconvilier",7.22883,47.232853,801.143,161.41631575060276,0.006352983957899396,128.65865230560303,83.1560418009758,-50.86502619087696,
M60,"Italy          Virgil Observatory, Loiano",11.32554,44.262338,790.559,161.41384787048585,0.006484077297642503,128.65504622459412,83.15686136484146,-50.86497589945793,
M61,Germany        Observatory Moers Kapellen,6.58581,51.420052,75.819,161.41619331488263,0.006091687235436105,128.6604404449463,83.15303176641464,-50.86503550410271,
M62,Switzerland    Lajoux Observatory,7.13417,47.281115,1035.212,161.41649330057885,0.006351093951212756,128.65889072418213,83.1560380756855,-50.864992663264275,
M63,"Italy          RPF Observatory, Gagliano del Capo",18.36969,39.842607,179.302,161.4088029038965,0.006625987282587753,128.6487579345703,83.15674960613251,-50.8650541305542,
M64,"UK/England     Holbrook, Heathfield",0.23964,50.966907,202.917,161.4202267394009,0.006175041986509548,128.66434454917908,83.15485715866089,-50.86497589945793,
M65,"Finland        Mustola Observatory, Lappeenranta",28.32494,61.064799,88.046,161.4039406554067,0.005151766437720287,128.65397334098816,83.13897252082825,-50.86549371480942,
M66,"Cyprus         SNX-NET, Prodromos",32.84019,34.932094,1435.382,161.39701480929944,0.006563333783868576,128.63761186599731,83.1509493291378,-50.86532048881054,
M67,"Russia         Kolobov Observatory, Magnitogorsk",58.63631,53.805391,493.528,161.38656406023804,0.004857642369408418,128.63945960998535,83.12739059329033,-50.86599476635456,
M68,"Russia         School 1502 Rooftop Obs., Moscow",37.83052,55.760259,176.189,161.397870210211,0.005303141215096824,128.6468207836151,83.13818275928497,-50.86561292409897,
M69,United Arab E  Emirates Astronomical Observatory L.L.C,54.74547,23.578071,152.202,161.37742650020192,0.006301555394313608,128.62226366996765,83.13638716936111,-50.86578615009785,
M70,"South Africa   BOOTES-6, Bloemfontein",26.40409,-29.039088,1414.479,161.402908228707,0.007293304750879834,128.64121794700623,83.15693959593773,-50.86510814726353,
M71,"Greece         AUTH Astronomical Station, Noesis",22.99562,40.562522,114.184,161.40520453914425,0.006501783003178453,128.6458671092987,83.15415307879448,-50.86519196629524,
M72,"Cyprus         AUTH Astronomical Station, Cyprus",32.84017,34.932098,1412.391,161.39671717254134,0.006563318993975135,128.63725423812866,83.1509567797184,-50.86526833474636,
M73,"United Arab E  Eden Emirates Observatory, Abu Dhabi",54.74531,23.578113,77.695,161.37744490608281,0.006301519728378956,128.62229347229004,83.13631638884544,-50.865884870290756,
M75,"Russia         Online observatory, Peschany",39.51155,45.74294,44.995,161.39417316358364,0.005840955532570469,128.63963842391968,83.14210548996925,-50.86563527584076,
M77,Russia         Mezmay Comet Search Center,39.96553,44.204621,768.124,161.39346714397252,0.005911869515063556,128.63856554031372,83.14245194196701,-50.8655421435833,
M90,Russia         Chervishevo,65.4286,56.94612,63.64,161.38565543675537,0.004486304166067611,128.641277551651,83.12272652983665,-50.8661363273859,
N27,Russia         Omsk-Yogik Observatory,73.7253,54.748119,58.759,161.3814409319254,0.004309115684975063,128.6390721797943,83.11788737773895,-50.866249948740005,
N30,"Pakistan       Zeds Astronomical Observatory, Lahore",74.3694,31.472983,181.794,161.36809339290443,0.005224441342604,128.62259149551392,83.11738446354866,-50.86640268564224,
N31,"Pakistan       Eden Astronomical Observatory, Lahore",74.44422,31.513501,174.088,161.36793124672448,0.0052197181432987756,128.6224126815796,83.11735093593597,-50.866395235061646,
N42,Kazakhstan     Tien-Shan Astronomical Observatory,76.97181,43.057299,2723.685,161.37283000191965,0.004680379431241159,128.62983345985413,83.1153653562069,-50.86641572415829,
N43,"Antarctica     Plateau Observatory for Dome A, Kunlun Station",77.1167,-80.417417,4082.5240000000003,161.40323483876213,0.0040494102961267575,128.66783142089844,83.11575651168823,-50.86614191532135,
N44,"China          Shache Station, Langan Village",77.13931,38.384471,1201.281,161.3701008876528,0.00485454063102665,128.62655520439148,83.11507850885391,-50.866516306996346,
N50,"India          Himalayan Chandra Telescope, IAO, Hanle",78.96383,32.779547,4475.445,161.36645412412537,0.004973082070896876,128.62321734428406,83.1131786108017,-50.866492092609406,
N51,"India          GROWTH India Telescope, IAO, Hanle",78.96461,32.779243,4468.905,161.3666030719867,0.0049730413951072005,128.62330675125122,83.11329409480095,-50.86654983460903,
N53,India          International Liquid Mirror Telescope,79.6853,29.36151,2388.794,161.3648530319562,0.005047830009339898,128.6216676235199,83.11238512396812,-50.8666280657053,
N54,"China          Purple Mountain Observatory, Jiama'erdeng",80.02674,32.324939,5026.316,161.36585791906919,0.004938924372712224,128.62306833267212,83.11216160655022,-50.866639241576195,
N55,"China          Corona Borealis Observatory, Ngari, Tibet",80.02623,32.326059,5044.589,161.36595863634133,0.0049389212982983485,128.62315773963928,83.11224728822708,-50.866592675447464,
N56,"China          Jiama'erdeng Tianwentai JIST project, Ali, Tibet",80.02675,32.325098,5022.358,161.36593571297286,0.004938918092498546,128.62318754196167,83.11214298009872,-50.866615027189255,
N57,"China          YLT, NAOC",80.046,32.306021,5350.969,161.3658371939955,0.004938784225352097,128.62303853034973,83.11224728822708,-50.86650885641575,
N82,Russia         Multa Observatory,85.95494,50.172048,910.314,161.3746374571788,0.004023119317062574,128.63585352897644,83.10948684811592,-50.86653120815754,
N83,"China          LW-1, NAOC-Korla",86.23504,41.552659,835.738,161.36879200666712,0.004329640815709902,128.6296248435974,83.10773968696594,-50.866592675447464,
N85,China          Megrez-NAOC,87.17701,43.476005,2028.3669999999997,161.36984071309232,0.004217879040501769,128.63114476203918,83.10740068554878,-50.86662992835045,
N86,"China          Xingming Observatory-KATS, Nanshan",87.17852,43.473808,2007.7980000000002,161.36992480713008,0.004217889496876637,128.63114476203918,83.10750126838684,-50.866732373833656,
N87,"China          Nanshan Station, Xinjiang Observatory",87.17503,43.473613,2039.9570000000003,161.36984847267783,0.004218065910077021,128.6311149597168,83.10743793845177,-50.86666904389858,
N88,"China          Xingming Observatory #3, Nanshan",87.17322,43.471787,2040.8580000000002,161.3698197549184,0.0042182080983923596,128.63117456436157,83.10731500387192,-50.8666280657053,
N89,"China          Xingming Observatory #2, Nanshan",87.17906,43.470806,2016.695,161.3698348966459,0.004217977184551638,128.6310851573944,83.10745656490326,-50.86667090654373,
N94,China          Altay Astronomical Observatory,88.72792,47.588448,971.591,161.3723317619001,0.003999557425982777,128.63445281982422,83.10714364051819,-50.866587087512016,
N98,"China          Xingyuan Observatory #2, Qitai",89.75361,43.597187,1891.836,161.36936745344894,0.004095848254730584,128.63171100616455,83.10559391975403,-50.86664855480194,
O02,"China          Galaxy Tibet YBJ Observatory,Yangbajing",90.52614,30.103182,4283.753,161.3612435404623,0.004493191771002324,128.62351536750793,83.10236781835556,-50.86687207221985,
O17,"China          Purple Mountain Observatory, Lenghu-1",93.88669,38.588778,3790.308,161.36520342548152,0.0040671831262902745,128.62926721572876,83.10113474726677,-50.866903737187386,
O18,"China          WFST, Lenghu",93.89522,38.607604,4145.658,161.36529451695966,0.004066287906356569,128.62932682037354,83.10123533010483,-50.866877660155296,
O37,"Thailand       TRT-NEO, Chiangmai",98.48553,18.589868,2514.131,161.35552451321874,0.004330902494981025,128.62208485603333,83.09335261583328,-50.867075100541115,
O38,"China          Purple Mountain Observatory, Dayao",101.04528,25.697507,2480.584,161.35770808796207,0.004046144050124091,128.6255419254303,83.09216052293777,-50.86720734834671,
O39,"China          BOOTES-4, Lijiang",100.03106,26.695553,3195.334,161.35815637758208,0.004079078053435277,128.62533330917358,83.09339731931686,-50.86713656783104,
O40,"China          Xingyuan, Daocheng",100.22861,29.013063,3854.266,161.35927561239853,0.004012489865992802,128.62655520439148,83.09368044137955,-50.86713470518589,
O41,"Thailand       Choakanan Observatory, Lampang",99.46556,18.336971,212.998,161.35519847424007,0.00427930238006235,128.62232327461243,83.0923356115818,-50.867099314928055,
O42,"China          Gaomeigu Gemini Observatory, LiJiang",100.029,26.722495,3134.381,161.35825647983148,0.004078538974852797,128.6255121231079,83.09333771467209,-50.867099314928055,
O43,"Malaysia       Observatori Negara, Langkawi",99.78111,6.307021,111.299,161.35293272238863,0.004401237763443892,128.6204755306244,83.09075608849525,-50.86716450750828,
O44,"China          Lijiang Station, Yunnan Observatories",100.02973,26.695089,3240.856,161.35814040321696,0.004079187052609526,128.62533330917358,83.09335261583328,-50.86715891957283,
O45,"China          Yunnan-HK Observatory, Gaomeigu",100.03261,26.69792,3227.314,161.3582125217653,0.004078951508251776,128.62548232078552,83.0933041870594,-50.86709000170231,
O46,China          Daocheng Glacier Observatory,100.22664,29.01175,3853.753,161.35921595354517,0.00401264261419395,128.6265254020691,83.09359475970268,-50.86716078221798,
O47,"China          Yunling Observatory, Yunnan",101.13415,25.624399,2274.672,161.35772382842876,0.004042799182378669,128.6255419254303,83.09222757816315,-50.867147743701935,
O48,"China          Purple Mountain Observatory, Yaoan (0.8-m)",101.18154,25.526524,1948.518,161.3576135042424,0.004042245640962333,128.6255419254303,83.09203386306763,-50.86711421608925,
O49,"China          Purple Mountain Observatory, Yaoan Station",101.18111,25.528608,1938.63,161.35752730000405,0.004042223920773529,128.62536311149597,83.09213072061539,-50.86713470518589,
O50,"Malaysia       Hin Hua Observatory, Klang",101.43942,3.033412,56.171,161.35262565072702,0.004318686432520041,128.62113118171692,83.08905363082886,-50.867313519120216,
O51,"Thailand       Akin Observatory, Rayong",101.27869,12.7347,-25.562,161.3536690377295,0.004256861871978613,128.6219358444214,83.08988437056541,-50.86723156273365,
O52,"Thailand       Astro820, Samut Prakan",100.72972,13.578635,-26.336,161.3539294877022,0.00427811003793149,128.62184643745422,83.09052512049675,-50.8672371506691,
O53,"Thailand       Pakchong, Nachonratchasima",101.40403,14.669313,288.411,161.3539761532977,0.004225323742374114,128.62232327461243,83.08989927172661,-50.86720176041126,
O54,"Thailand       TSky Observatory, Chonburi",100.94939,13.294693,-16.278,161.3537207391828,0.0042690437039612835,128.62184643745422,83.09014141559601,-50.86720176041126,
O55,"Malaysia       Telok Kemang Observatory, Port Dickson",101.8545,2.445334,28.907,161.3524225201283,0.004295665103731898,128.62122058868408,83.08854699134827,-50.867270678281784,
O56,Thailand       Jaichalad-Pailin Observatory,101.45456,14.698323,292.205,161.35410877853627,0.0042220339252717455,128.6223828792572,83.09005200862885,-50.867222249507904,
O57,Thailand       ROP KKN Observatory,102.63094,16.760677,177.973,161.35440220666487,0.004125036454668315,128.623366355896,83.08913931250572,-50.86715705692768,
O58,"Thailand       SSTAC, Pak Chong",101.45413,14.698323,292.205,161.35396057253308,0.004222063477794509,128.62232327461243,83.08989182114601,-50.86716450750828,
O68,"China          LW-2, NAOC-Zhongwei",105.3309,37.629648,1265.425,161.36352689967077,0.003510917114466385,128.63293290138245,83.09205994009972,-50.86714029312134,
O72,"Mongolia       OWL-Net, Songino",106.33476,47.886134,1637.802,161.37021515445235,0.003177482458314596,128.63925099372864,83.09533819556236,-50.867024809122086,
O75,Mongolia       ISON-Hureltogoot Observatory,107.0518,47.865238,1606.859,161.37042701105773,0.003143372100913322,128.63975763320923,83.0950029194355,-50.86696334183216,
O85,"China          LiShan Observatory, Lintong",109.213,34.352281,911.138,161.3615933926008,0.0033883128399818624,128.633052110672,83.08809995651245,-50.867173820734024,
P07,"Australia/WA   Space Surveillance Telescope, HEH Station",114.08987,-21.895687,51.267,161.3571782130036,0.003350111620978393,128.6325454711914,83.08014646172523,-50.867440178990364,
P13,"China          Baihuashan Observatory, Beijing",115.57333,39.837556,1140.146,161.3653630420334,0.0029071544297158297,128.6391317844391,83.08596163988113,-50.86725018918514,
P14,Australia/WA   Nedlands,115.81167,-31.984472,-2.817,161.3622536494681,0.0030736835648587407,128.63779067993164,83.08188617229462,-50.867434591054916,
P18,"China          Birch Forest Observatory, LaBaGouMen",116.61083,40.898907,482.21,161.36620984020044,0.0028260517073711864,128.64023447036743,83.08592066168785,-50.86721479892731,
P21,"Australia/WA   6R-AUS1, Youndegin",117.28146,-31.820553,334.732,161.3623381505793,0.0029858753149549855,128.63853573799133,83.08089897036552,-50.86743086576462,
P22,"China          LW-3, NAOC-Xinglong",117.57588,40.394252,886.203,161.3659236254719,0.0027856775089382165,128.64050269126892,83.08489248156548,-50.86730793118477,
P25,"China          Kinmen Educational Remote Observatory, Jincheng",118.31274,24.432463,33.118,161.35786272431847,0.0030850390690971862,128.6347210407257,83.07807892560959,-50.867486745119095,
P30,"China          Jiangnantianchi Observatory, Anji",119.59708,30.468691,931.538,161.36074940469493,0.0028931219013660367,128.63755226135254,83.07932689785957,-50.86744576692581,
P31,"China          Starlight Observatory, Tianhuangping",119.59736,30.469175,940.919,161.36072787862724,0.002893118219469524,128.63749265670776,83.07938650250435,-50.86743086576462,
P34,"China          Lvye Observatory, Suzhou",120.32031,31.321361,8.677,161.36128371121046,0.002833424921833965,128.638356924057,83.07915180921555,-50.867391750216484,
P35,"Taiwan         Cuteip Remote Observatory, Changhua",120.55699,24.093399,49.897,161.35810480208764,0.0029589381468110307,128.63609194755554,83.07644352316856,-50.867458805441856,
P36,"China          ULTRA Observatory,Suzhou",120.62669,31.302952,13.767,161.36142673392467,0.002816194153813951,128.63853573799133,83.07910710573196,-50.86746625602245,
P37,"Taiwan         HuiWen High School Observatory, Taichung City",120.63972,24.153164,93.083,161.35825553551896,0.002953021339515234,128.63630056381226,83.07638019323349,-50.867512822151184,
P38,Taiwan         Checheng Elementary School Observatory,120.71429,22.074678,26.008,161.35744647810952,0.002983264966138652,128.6357045173645,83.07567238807678,-50.867609679698944,
P40,"Taiwan         Chinese Culture University, Taipei",121.53958,25.134642,399.145,161.3588265651732,0.0028828705191782872,128.6371350288391,83.07616412639618,-50.86756683886051,
P41,"China          Merak, NAOC",121.786,37.198031,448.276,161.36461235838908,0.0026244438490856834,128.64142656326294,83.08090269565582,-50.86732842028141,
P48,"Antarctica     ASTEP, Concordia Station",123.32403,-75.100395,3232.597,161.39706408102066,0.0032001225258803854,128.66735458374023,83.10431614518166,-50.86646042764187,
P61,China          Jilin Observatory,126.33047,43.824408,335.644,161.36971931890807,0.002240962731768492,128.647118806839,83.08199420571327,-50.8673507720232,
P62,South Korea    Jeonbuk Science High School Observatory,127.03597,36.01398,92.849,161.36547351899407,0.002351865113338563,128.6446750164032,83.07747915387154,-50.867436453700066,
P63,"South Korea    GSA Observatory, Gwangju",126.8475,35.228435,62.158,161.3649085066357,0.002378343800710188,128.64413857460022,83.07721465826035,-50.86743272840977,
P64,"South Korea    GSHS Observatory, Suwon",127.00489,37.308898,94.378,161.36609469653447,0.0023277865640270136,128.64506244659424,83.07813480496407,-50.86735635995865,
P65,"South Korea    OWL-Net, Daedeok",127.37568,36.397627,160.714,161.36574293433517,0.0023248566446727424,128.64503264427185,83.07742699980736,-50.8674718439579,
P66,South Korea    Deokheung Optical Astronomy Observatory,127.44675,34.526296,73.809,161.36462125021842,0.002357983324845602,128.64422798156738,83.07650685310364,-50.86745135486126,
P67,South Korea    Kangwon National University Observatory,127.7415,37.871793,128.603,161.36649605946002,0.002274990396082927,128.6456286907196,83.07801932096481,-50.867386162281036,
P68,South Korea    DDSHS Biryong Observatory,127.4744,36.333148,175.243,161.36573999953652,0.002320513427137872,128.64509224891663,83.0773301422596,-50.86746998131275,
P69,South Korea    ChungBuk National University Observatory,127.47561,36.781816,84.899,161.36581276147274,0.002311532736822189,128.64500284194946,83.07762816548347,-50.867440178990364,
P71,South Korea    Miryang Arirang Astronomical Observatory,128.76108,35.502785,142.02,161.36561569999793,0.0022633121057698546,128.6456286907196,83.07623863220215,-50.86750164628029,
P72,"South Korea    OWL-Net, Mt. Bohyun",128.97595,36.163884,1168.629,161.366024573061,0.0022383770469557346,128.64598631858826,83.07652920484543,-50.86741968989372,
P73,"South Korea    BSH Byulsem Observatory, Busan",129.082,35.263076,138.223,161.36558165322742,0.0022495598068209962,128.64580750465393,83.07589218020439,-50.867507234215736,
P87,"Japan          Hirao Observatory, Yamaguchi",132.09419,33.954136,42.851,161.365884287957,0.0021009349860613177,128.64747643470764,83.07386934757233,-50.86755007505417,
P93,"Japan          Space Tracking and Communications Center, JAXA",133.54433,34.672353,465.427,161.36667749391336,0.002003884898945959,128.64872813224792,83.07349681854248,-50.867509096860886,
Q02,"Japan          Sakai Observatory, Osaka",135.49344,34.470698,107.08,161.36743668408076,0.001895018998523675,128.6502480506897,83.07257667183876,-50.86757615208626,
Q06,"Japan          Tarui Observatory, Tarui",136.49547,35.394794,145.78,161.36813367346193,0.0018206420033325006,128.6512017250061,83.0724947154522,-50.867509096860886,
Q10,Japan          Toyokawa Observatory,137.32944,34.843619,80.05,161.36840012082158,0.001782514319887234,128.65188717842102,83.07193592190742,-50.867533311247826,
Q11,Japan          Shinshiro,137.52069,34.984299,185.236,161.36852902452597,0.0017690456805267364,128.65206599235535,83.07187631726265,-50.86758732795715,
Q12,Japan          Nagano Observatory,137.82536,36.476962,777.994,161.36941940867837,0.00172540606118444,128.65272164344788,83.07260647416115,-50.867561250925064,
Q14,Japan          Goto Astronomical Observatory in Yatsugatake,138.30444,35.893316,1096.708,161.36925727712415,0.0017082215695902235,128.6529004573822,83.07204768061638,-50.867507234215736,
Q19,Japan          Machida,139.439,35.57382,81.308,161.36965059990888,0.0016485834981379162,128.65379452705383,83.07144418358803,-50.8674792945385,
Q20,"Australia/SA   Swan Reach Imaging, Glenalta",139.57008,-34.544081,53.375,161.37051277400337,0.0015520513280430125,128.65564227104187,83.07021856307983,-50.86754262447357,
Q21,Japan          Southern Utsunomiya,139.85335,36.50736,100.066,161.37038830329377,0.001608800048138467,128.6543607711792,83.07191357016563,-50.86762085556984,
Q22,"Australia/SA   SNX-NET, Moorook",140.34192,-34.269187,48.802,161.3707974262456,0.0015056211271094492,128.65620851516724,83.06985348463058,-50.867609679698944,
Q23,Japan          Sukagawa,140.38646,37.295598,284.794,161.37098240821166,0.001565201202446741,128.65498661994934,83.07215198874474,-50.867533311247826,
Q24,Japan          Katori,140.5235,35.898994,41.108,161.37025746002828,0.0015809731337419325,128.6546289920807,83.071269094944,-50.867579877376556,
Q33,"Japan          Nayoro Observatory, Hokkaido University",142.48278,44.373646,192.283,161.3756657310624,0.001354394600513211,128.65832448005676,83.0761268734932,-50.86745694279671,
Q38,Australia/VIC  Swan Hill,143.5506,-35.35209,98.562,161.37279213799033,0.001299663131455992,128.65912914276123,83.06920155882835,-50.86761526763439,
Q54,"Australia/Tas  Harlingten Telescope, Greenhill Observatory",147.28772,-42.431138,639.404,161.37838045215588,0.0011317873567040916,128.66389751434326,83.07275548577309,-50.8674792945385,
Q55,"Australia/NSW  SkyMapper, Siding Spring",149.06142,-31.272133,1191.137,161.37388166922526,0.0009899642939307444,128.66294384002686,83.06538686156273,-50.867652520537376,
Q56,"Australia/NSW  Heaven's Mirror Observatory, Yass",148.97642,-34.864169,556.317,161.37533854119465,0.0009721316697803815,128.66342067718506,83.06749910116196,-50.86761899292469,
Q57,Australia/NSW  Korea Microlensing Telescope Network-SSO,149.06173,-31.271167,1170.872,161.3740234705492,0.0009899569087836052,128.66300344467163,83.06552097201347,-50.86773261427879,
Q58,Australia/NSW  Siding Spring-LCO Clamshell #1,149.07085,-31.272855,1157.659,161.37395606658617,0.0009893893040503977,128.66294384002686,83.06549489498138,-50.86771212518215,
Q59,Australia/NSW  Siding Spring-LCO Clamshell #2,149.07081,-31.272936,1118.328,161.37395814028332,0.0009893812370896343,128.66294384002686,83.06550234556198,-50.867706537246704,
Q60,"Australia/NSW  ISON-SSO Observatory, Siding Spring",149.069,-31.272985,1121.639,161.37408045483068,0.0009894924072555654,128.66303324699402,83.06559920310974,-50.867710262537,
Q61,"Australia/NSW  PROMPT, Siding Spring",149.0619,-31.271682,1138.363,161.37392308309109,0.0009899347963779202,128.66300344467163,83.06540921330452,-50.8675966411829,
Q62,"Australia/NSW  iTelescope Observatory, Siding Spring",149.06442,-31.273289,1164.482,161.3738892049475,0.0009897686197367142,128.6628544330597,83.06550234556198,-50.8677139878273,
Q63,Australia/NSW  Siding Spring-LCO A,149.07064,-31.273002,1167.592,161.37399000278393,0.0009893955881034317,128.66297364234924,83.06551352143288,-50.8677139878273,
Q64,Australia/NSW  Siding Spring-LCO B,149.07078,-31.273002,1167.592,161.37392664130434,0.0009894003511439673,128.66294384002686,83.06540921330452,-50.86775869131088,
Q65,Australia/NSW  Warrumbungle Observatory,149.19313,-31.276327,548.281,161.37410591848024,0.0009819057608412706,128.66315245628357,83.06547999382019,-50.86768418550491,
Q66,"Australia/NSW  Siding Spring-Janess-G, JAXA",149.06425,-31.273299,1150.268,161.374019561576,0.0009897661897833913,128.66303324699402,83.06549116969109,-50.86769349873066,
Q67,"Australia/NSW  JBL Observatory, Bathurst",149.49233,-33.397063,702.366,161.37507316223721,0.000946948541359965,128.66371870040894,83.06652307510376,-50.86761713027954,
Q68,"Australia/NSW  Blue Mountains Observatory, Leura",150.33742,-33.702135,957.276,161.37571584676783,0.0008955743859848481,128.66449356079102,83.06655660271645,-50.86764134466648,
Q69,Australia/NSW  Hazelbrook,150.44933,-33.712916,681.68,161.37571769660485,0.0008889822885732077,128.6645233631134,83.06648209691048,-50.86769349873066,
Q70,"Australia/QLD  Glenlee Observatory, Glenlee",150.50044,-23.269456,108.324,161.3719328500179,0.0010363862115683878,128.66303324699402,83.06131511926651,-50.86789280176163,
Q71,"Australia/NSW  SNX-NET, Siding Spring",149.06981,-31.273329,1144.816,161.3737496698696,0.0009894465721626805,128.66276502609253,83.06538686156273,-50.86768604815006,
Q73,"Australia/NSW  Buckthorn, Thornton",151.64894,-32.765687,41.676,161.3760866370557,0.000824591211088275,128.66544723510742,83.06579291820526,-50.867652520537376,
Q78,"Australia/QLD  Woogaroo Observatory, Forest Lake",152.94789,-27.605675,84.314,161.3749900254046,0.0008175608770441721,128.6660134792328,83.06270092725754,-50.86779035627842,
Q79,Australia/QLD  Samford Valley Observatory,152.8481,-27.36829,80.362,161.37475776832602,0.0008272543508914724,128.6657452583313,83.06273818016052,-50.86767114698887,
Q80,Australia/QLD  Birkdale,153.216,-27.503454,22.748,161.37518680071685,0.0008050643091328713,128.6662518978119,83.0627903342247,-50.86766555905342,
Q81,Australia/QLD  Caloundra West,153.09622,-26.800858,49.357,161.3748561590227,0.0008246119240389127,128.6660134792328,83.06240662932396,-50.867846235632896,
R13,Canary Island  GOTO North,342.12071,28.760147,2388.979,161.43927013438142,0.007480152768687044,128.6778748035431,83.17126333713531,-50.864363089203835,
R14,Canary Island  VillaDeMazoElHoyo,342.23206,28.620791,245.763,161.4392299530199,0.007485258899707178,128.67781519889832,83.17121490836143,-50.86446553468704,
R16,"Canary Island  Tafuriaste, La Orotava",343.46464,28.388769,353.769,161.4383683415667,0.007496983718531785,128.6766529083252,83.17138627171516,-50.86439102888107,
R17,Canary Island  ATLAS-TDO,343.48969,28.298781,2415.474,161.43836200130914,0.00750223297042669,128.67647409439087,83.17157998681068,-50.864506512880325,
R18,"Canary Island  Two-meter Twin Telescope, TTT4",343.49025,28.298909,2415.906,161.438427764325,0.007502229692317122,128.6766231060028,83.17152038216591,-50.864435732364655,
R20,"Canary Island  LaMelira, Las Palmas de Gran Canaria",344.57711,28.152858,74.547,161.43764192431271,0.007507692588094801,128.67555022239685,83.17163214087486,-50.86447298526764,
R37,"Spain          NEObserver Trevinca, Trevinca Skies",353.01175,42.222287,1307.399,161.42736482973106,0.006763205598561212,128.66845726966858,83.16250145435333,-50.864728167653084,
R38,Spain          PixelSkiesAstro,357.35656,37.741991,865.115,161.42526635079187,0.006993280777348803,128.6642849445343,83.16488564014435,-50.864724442362785,
R39,"Portugal       Dobsonian Power, Algarve",352.30683,37.133599,157.49,161.42936769006127,0.007052310842630236,128.6686658859253,83.16613361239433,-50.86461827158928,
R40,"Portugal       STB Astro Observatory, Setubal",351.16978,38.516735,73.865,161.42973973565844,0.006980895147255084,128.66970896720886,83.16517248749733,-50.86473189294338,
R41,"Spain          UAM, Madrid",356.30367,40.5463,1552.54,161.42549859286933,0.006844245135742116,128.66559624671936,83.16328376531601,-50.86476355791092,
R42,Spain          Observatorio Astronomico del Moncayo,358.24614,41.836519,821.666,161.42374899544228,0.006757270698738395,128.66422533988953,83.16202461719513,-50.86473748087883,
R43,Spain          TransAstra TKO at e-EYE,353.37281,38.215294,583.135,161.42819761007038,0.006989312434107109,128.66777181625366,83.16521719098091,-50.86466483771801,
R44,Spain          Metis Trevinca Skies,353.01164,42.222696,1314.223,161.4273090833476,0.006763184587526949,128.6684274673462,83.16245302557945,-50.86470581591129,
R45,"Spain          Tycho Brahe, Trevinca",353.01158,42.222306,1257.629,161.42731950195707,0.006763175689605638,128.66836786270142,83.16249027848244,-50.86482875049114,
R46,"UK/England     Lovell (76-m, Jodrell Bank)",357.69143,53.236575,178.963,161.42117195362377,0.006038904999125671,128.666490316391,83.15331488847733,-50.86506903171539,
R47,Spain          Madrid DSS-63 (70-m),355.75199,40.431228,864.387,161.42594343385113,0.00685360795169696,128.66610288619995,83.1633098423481,-50.86485110223293,
R48,Spain          Centro Astronomico Alto Turia 2,358.89092,39.95004,1332.509,161.42377355290006,0.006860971756411497,128.663569688797,83.1630490720272,-50.864798948168755,
R49,"Spain          Observatorio Villuercas-Navezuelas, Navezuelas",354.56048,39.512742,987.058,161.42708330391022,0.006911907198492679,128.6669373512268,83.16431567072868,-50.86471326649189,
R50,Spain          Obsservatorio astronomico Orion,354.40658,41.88418,752.579,161.42646674079683,0.006776628218105387,128.66726517677307,83.1625945866108,-50.86474120616913,
R51,"Spain          Astrogredos Observatory, Arenas de San Pedro",354.91808,40.170174,455.42,161.42655998113509,0.006872712672690634,128.6666989326477,83.16364139318466,-50.86475796997547,
R52,"Spain          Observatorio IES Al-Baytar, Benalmadena",355.46503,36.595195,93.061,161.4270814691134,0.00706593083314957,128.66583466529846,83.16605910658836,-50.86464621126652,
R53,"Spain          Pinos, Alhaurin de la Torre",355.41333,36.655284,210.01,161.42707244009515,0.007063094829352492,128.66592407226562,83.16591009497643,-50.86463503539562,
R54,"France         Petit Cosquet, Bangor",356.7885,47.314416,100.502,161.42331057101754,0.0064330188172547235,128.6660134792328,83.15825089812279,-50.864992663264275,
R55,"Spain          ALFA CENTAURI, LAS MESAS",357.23226,39.38483,731.692,161.4249723080619,0.006903681409568841,128.66461277008057,83.1637792289257,-50.864771008491516,
R56,"New Zealand    Scott Street Observatory, Lake Tekapo",170.48389,-44.009464,736.283,161.3922812673785,0.000903131686212864,128.68189811706543,83.071980625391,-50.867313519120216,
R57,"New Zealand    Aorangi Iti Observatory, Lake Tekapo",170.47278,-44.008206,743.211,161.39247987781886,0.000902668859052411,128.68207693099976,83.07208493351936,-50.86732096970081,
R58,"New Zealand    Beverly-Begg Observatory, Dunedin",170.49039,-45.864384,148.645,161.3931199066043,0.000979424970341667,128.6819875240326,83.0734372138977,-50.86736939847469,
R59,"Spain          Camarasa Observatory, Astrocamp Nerpio",357.67342,38.165432,1657.495,161.42500410884801,0.006968570834622183,128.66416573524475,83.1645280122757,-50.86477845907211,
R60,"Spain          MonitorMyPlanet, Nerpio",357.67344,38.165561,1701.202,161.4250123082409,0.0069685896253631405,128.66416573524475,83.16456899046898,-50.86473748087883,
R61,Spain          Landete-Kea,358.6305,39.904557,1047.387,161.42398817557114,0.006865254658145767,128.6637783050537,83.16316455602646,-50.86476355791092,
R62,"France         lama'stro, Le Genest-Saint-Isle",359.11339,48.097244,141.482,161.42150570173166,0.006368980089944503,128.66446375846863,83.15720781683922,-50.86489021778107,
R63,"Spain          Observatorio Sureste Estelar, Fuente Alamo",358.77989,37.717186,202.498,161.42433229366975,0.006984333041730844,128.6633014678955,83.16458389163017,-50.86474120616913,
R64,UK/England     Steyning Observatory,359.66752,50.887637,67.248,161.4205562169019,0.006184130375381912,128.66461277008057,83.1550657749176,-50.86500197649002,
R65,"New Zealand    R. F. Joyce Observatory, Christchurch",172.34981,-43.498734,116.431,161.39345412442867,0.0009597902672494268,128.6834180355072,83.07187631726265,-50.86736008524895,
R66,"New Zealand    Mooray Observatory, Christchurch",172.58761,-43.495302,27.181,161.39355712690536,0.0009699189236434835,128.68356704711914,83.07183533906937,-50.86737684905529,
R67,"France         Chinon Private Observatory, Chinon",0.28344,47.172967,125.277,161.42114142000767,0.006419282533486063,128.66362929344177,83.1577405333519,-50.86497403681278,
R68,France         Bourgeon Observatory,359.6768,46.227102,126.783,161.42182704523148,0.006482792732098451,128.66389751434326,83.15866440534592,-50.86496099829674,
R69,France         SAT01-Mntlouis sur Loire,0.80258,47.377018,105.754,161.42075595899973,0.006402555347990009,128.66324186325073,83.15758034586906,-50.864992663264275,
R70,"France         WATCH, Beychac Et Caillau",359.62036,44.872314,111.771,161.42187318543512,0.006566513816360864,128.66339087486267,83.15958455204964,-50.86488462984562,
R71,"Spain          Erchico, San Vicente Del Raspeig",359.50454,38.410494,154.094,161.4236166782376,0.006941178715561765,128.66276502609253,83.1640213727951,-50.864746794104576,
R72,"Spain          RubiObservatory, Rubi",2.03528,41.490268,186.139,161.42093536504382,0.0067475503617715,128.6611258983612,83.16132426261902,-50.86479336023331,
R73,"France         Observatoire de Tauxigny, Tauxigny",0.83289,47.223424,137.499,161.42084668489719,0.006412005955447474,128.6633014678955,83.15769955515862,-50.86493492126465,
R74,"Spain          Observatori Puig d'Agulles, Vallirana",1.93494,41.383133,240.26,161.42126377877372,0.00675460718723613,128.66133451461792,83.1616036593914,-50.86485110223293,
R75,"Spain          Rodamir, Roda de Bara",1.45486,41.187773,116.769,161.42154464758642,0.006769881857677153,128.66157293319702,83.16179364919662,-50.86482875049114,
R76,"Belgium        LEPTINA-ONE, Estinnes-au-val",4.10667,50.416729,103.596,161.4179329000798,0.006180522270273158,128.66169214248657,83.15445482730865,-50.865063443779945,
R77,France         Observatoire de l'etoile qui rit,3.72744,43.786192,266.314,161.419389965578,0.006597841926765518,128.6603808403015,83.15936103463173,-50.86498335003853,
R78,"New Zealand    Crystal Lake Observatory, Ngutunui",175.09104,-38.094331,164.569,161.39385246742742,0.0009795497136644942,128.6861002445221,83.06844159960747,-50.86744762957096,
R79,"France         Observatoire Hubert Reeves, Mars",4.33403,45.007127,1142.335,161.4187964603388,0.006519178059635749,128.66023182868958,83.1584520637989,-50.86496286094189,
R80,France         Observatoire International de Beauvert,4.41089,44.968824,1098.128,161.4186874204989,0.006520738683625142,128.6601424217224,83.15833657979965,-50.86503177881241,
R81,"Spain          Obs Vallespir, Sabadell",2.087,41.563907,272.641,161.42110220219263,0.006742898777549858,128.66124510765076,83.16143974661827,-50.86483247578144,
R83,"France         Observatoire Banon La Tuilerie, Banon",5.64647,43.999793,673.761,161.4180107565978,0.006566356543738534,128.65903973579407,83.15877243876457,-50.86496099829674,
R85,"France         Telescope Leonard de Vinci, GAPRA, Antibes",7.07181,43.604403,180.487,161.4170554985246,0.006574248817503533,128.65793704986572,83.15866068005562,-50.86490139365196,
R86,"Switzerland    Mont-Soleil, Saint-Imier",6.98947,47.164034,1324.301,161.41656098559326,0.006360046781405597,128.65886092185974,83.15618708729744,-50.865039229393005,
R87,France         Observatoire de la Cote d'Azur,6.92294,43.753716,1322.7,161.41707279024908,0.006567625283615613,128.65793704986572,83.15865322947502,-50.864968448877335,
R88,"Switzerland    La Porte des Etoiles, Corgemont",7.14447,47.190335,735.921,161.41650196221315,0.006356494332700756,128.65880131721497,83.15616473555565,-50.865039229393005,
R91,Switzerland    ETH Honggerberg Observatory,8.51092,47.40774,568.953,161.41560521806633,0.006327853021105966,128.65805625915527,83.1555426120758,-50.86509510874748,
R92,Germany        Osterholz-Scharmbeck,8.78094,53.218628,63.308,161.41465605050874,0.0059502445402633795,128.65963578224182,83.1512026488781,-50.865182653069496,
R93,"Italy          Sanse Observatory, San Sebastiano Curone",9.06719,44.787057,387.988,161.41550050689742,0.006481082856858541,128.65692377090454,83.15719291567802,-50.8649293333292,
R95,"Italy          Fiammetta Observatory, La Spezia",9.79045,44.132647,388.031,161.41507646155017,0.006511174577401796,128.65614891052246,83.157479763031,-50.86507461965084,
R96,Italy          Osservatorio Pierino Zambonini,10.43101,44.299637,1162.514,161.41452259291438,0.006493609419006209,128.65573167800903,83.15709233283997,-50.86500570178032,
R97,Germany        Baudenbach,10.53953,49.624554,348.808,161.41384795878463,0.006164643201852172,128.6572515964508,83.15332978963852,-50.8651714771986,
R98,Italy          Otus Scopes Observatory,10.88781,42.760499,64.679,161.41430327435395,0.006577145558533173,128.6548376083374,83.15802365541458,-50.86504854261875,
R99,"Italy          Giuliano Betti Observatory, Firenze",11.23808,43.753234,105.87,161.41403084104905,0.006514841112961117,128.65501642227173,83.15718173980713,-50.86510814726353,
S03,"Austria        Stierlingwald, Buermoos",12.92156,47.976573,481.914,161.41238938143923,0.006237985499702245,128.65519523620605,83.15375074744225,-50.86505599319935,
S04,Italy          Osservatorio Astronomico Narciso Spuntoni,12.71285,41.956046,119.81,161.4129615933098,0.006598263222419329,128.65331768989563,83.15776288509369,-50.865061581134796,
S05,Germany        Sternwarte Burghausen,12.83332,48.173774,463.124,161.41239044773243,0.006226924893926036,128.65528464317322,83.15359055995941,-50.86509510874748,
S06,Italy          ASTRIS Osservatorio Astronomico Claudio Del Sole,13.07584,42.006044,1213.396,161.41263866772908,0.0065907805108573235,128.65301966667175,83.15767347812653,-50.8649367839098,
S15,"Namibia        Namibia1/HAKOS, Hakos, Namibia, Hakos",16.36147,-23.236498,1851.027,161.4115384123244,0.0076886858205197925,128.64702939987183,83.16490054130554,-50.86478032171726,
S16,Italy          ASI Matera Flyeye,16.705,40.649655,537.687,161.4099720249394,0.006610368111665562,128.65009903907776,83.15698057413101,-50.864994525909424,
S24,"Hungary        Szilard Leo Observatory, Bujak",19.54683,47.883527,223.308,161.40790576742955,0.006144502579876681,128.65102291107178,83.15138891339302,-50.86524225771427,
S30,"Hungary        Zenit, Hajduboszormeny",21.49744,47.677665,159.146,161.4066800491636,0.006123750367280278,128.6499798297882,83.15061777830124,-50.86525157094002,
S42,Romania        Institute of Space Science Magurele,26.02889,44.347337,125.687,161.40311461949017,0.006232442744598642,128.64568829536438,83.15037190914154,-50.86519382894039,
S43,"Romania        StarBlazer Observatory, Bucharest",26.0225,44.488909,128.284,161.4031867173325,0.006224564097376956,128.64580750465393,83.15031602978706,-50.865212455391884,
S45,"Romania        SkyQuest Observatory, Sahateni",26.46538,45.062439,329.752,161.4029673249767,0.006183072777314366,128.64583730697632,83.14984291791916,-50.86521431803703,
S47,Bulgaria       Alfastar - Astroclubul Bucuresti,27.29661,43.925391,214.517,161.4022484479257,0.00623001849816904,128.64476442337036,83.15010741353035,-50.86521431803703,
S61,"Ukraine        Mykolaiv, 0.3m f/5 Telescope",31.97332,46.972488,81.329,161.3994131250746,0.00595576337280522,128.64384055137634,83.14593508839607,-50.86537450551987,
S86,Saudi Arabia   Alamri astronomical observatory,40.325,23.34362,917.742,161.3889580377492,0.006812550258212108,128.628671169281,83.14908668398857,-50.86541175842285,
S89,"Russia         FASTAU, Astrofarm Astroverts",41.42533,43.649602,4043.5799999999995,161.39233245442998,0.005902795229155745,128.63758206367493,83.1417515873909,-50.865573808550835,
S93,Russia         INASAN-Kislovodsk Observatory,42.66639,43.74303,2092.979,161.3914489339134,0.005862498045229718,128.63707542419434,83.1407941877842,-50.86561664938927,
T02,"US/Hawaii      SNX-NET, Wailuku",203.49572,20.900636,104.174,161.41596642431122,0.002740960880143472,128.7117898464203,83.07180926203728,-50.867119804024696,
T03,US/Hawaii      Haleakala-LCO Clamshell #3,203.74247,20.706986,3050.49,161.41619138314542,0.00276060278088378,128.711998462677,83.07194709777832,-50.86708068847656,
T04,US/Hawaii      Haleakala-LCO OGG B #2,203.74249,20.706966,3056.456,161.41628339960118,0.0027606157465222183,128.71205806732178,83.07201415300369,-50.8671123534441,
T05,"US/Hawaii      ATLAS-HKO, Haleakala",203.74299,20.707553,3046.923,161.41640488456315,0.0027606313102111696,128.71220707893372,83.07196572422981,-50.86719989776611,
T07,"US/Hawaii      ATLAS-MLO Auxiliary Camera, Mauna Loa",204.42387,19.536152,3426.958,161.41705809654715,0.0028239061285926254,128.71301174163818,83.07201787829399,-50.86715146899223,
T08,"US/Hawaii      ATLAS-MLO, Mauna Loa",204.42395,19.536152,3426.958,161.41707653787472,0.002823921267500662,128.7129521369934,83.07210728526115,-50.86721479892731,
T09,"US/Hawaii      Subaru Telescope, Maunakea",204.52396,19.825501,4194.602,161.4170127394942,0.0028247258255040247,128.71283292770386,83.0722227692604,-50.867125391960144,
T10,"US/Hawaii      Submillimeter Array, Maunakea (SMA)",204.52241,19.824136,4106.197,161.41717177438804,0.002824622171436476,128.71304154396057,83.07217434048653,-50.86718127131462,
T11,"US/Hawaii      United Kingdom Infrared Telescope, Maunakea",204.52965,19.822452,4228.78,161.41698544450853,0.0028251300632880848,128.71286273002625,83.07211101055145,-50.867145881056786,
T12,"US/Hawaii      University of Hawaii 88-inch telescope, Maunakea",204.53054,19.823013,4244.409,161.41708652724645,0.0028251762028072627,128.7129819393158,83.07211473584175,-50.86715891957283,
T13,"US/Hawaii      NASA Infrared Telescope Facility, Maunakea",204.52797,19.826229,4196.56,161.4172135073876,0.0028249349247397777,128.71301174163818,83.07230845093727,-50.867170095443726,
T14,"US/Hawaii      Canada-France-Hawaii Telescope, Maunakea",204.53109,19.825438,4232.766,161.4171472434584,0.002825158967363156,128.71304154396057,83.07210728526115,-50.86721293628216,
T15,"US/Hawaii      Gemini North Observatory, Maunakea",204.53093,19.823815,4242.527,161.41716256638267,0.002825193212565452,128.71301174163818,83.07218551635742,-50.86720921099186,
T16,"US/Hawaii      W. M. Keck Observatory, Keck 1, Maunakea",204.52526,19.825938,4191.744,161.4170297198515,0.0028247929232333943,128.71283292770386,83.07226374745369,-50.8671123534441,
T17,"US/Hawaii      W. M. Keck Observatory, Keck 2, Maunakea",204.52574,19.826558,4189.377,161.41717953212435,0.002824804057854634,128.7129819393158,83.07227492332458,-50.867192447185516,
T35,Tahiti         Astronomical Society of Tahiti,210.3902,-17.563461,80.078,161.42354075319034,0.0033525528521068854,128.7190318107605,83.07534828782082,-50.867050886154175,
U52,"US/California  Shasta Valley Observatory, Grenada",237.451,41.579167,812.665,161.43791158345493,0.004019318726013405,128.71932983398438,83.10334756970406,-50.86616799235344,
U53,"US/Oregon      Murray Hill Observatory, Beaverton",237.1603,45.450107,130.091,161.43593556610583,0.003862909323499214,128.71646881103516,83.1039734184742,-50.86611397564411,
U54,"US/California  Hume Observatory, Santa Rosa",237.31286,38.565903,336.505,161.43920620872083,0.004121961699550408,128.7214159965515,83.10259133577347,-50.86623318493366,
U55,"Canada/BritCo  Golden Ears Observatory, Maple Ridge",237.41456,49.253279,29.265,161.43422224985792,0.0037347321631996814,128.71354818344116,83.10513570904732,-50.86616799235344,
U56,US/California  Palo Alto,237.86917,37.433102,-27.438,161.4399650522249,0.004189616468290295,128.72222065925598,83.10286700725555,-50.866154953837395,
U57,"US/California  Black Mountain Observatory, Los Altos",237.84128,37.366692,214.371,161.44004096714875,0.004190709467029127,128.72233986854553,83.10284465551376,-50.866130739450455,
U62,US/California  TransAstra TKO at SkiesAway,238.95508,35.808077,454.834,161.44140492565174,0.004300896943870558,128.72353196144104,83.10358971357346,-50.866225734353065,
U63,"US/Washington  Burnt Tree Hill Observatory, Cle Elum",239.19456,47.162715,668.851,161.43621087155972,0.0038917237473648793,128.71551513671875,83.10597389936447,-50.866132602095604,
U64,"US/Washington  CWU-Lind Observatory, Ellensburg",239.46151,47.000247,490.714,161.4365004726001,0.00390977576498684,128.71584296226501,83.10604467988014,-50.866106525063515,
U65,"US/Washington  CWU Observatory, Ellensburg",239.45983,47.002078,475.265,161.43647071268424,0.003909624860283327,128.71578335762024,83.10604840517044,-50.866156816482544,
U66,US/California  June Lake Overlook,240.92056,37.780947,2343.434,161.44155943915396,0.004325793773535602,128.7226676940918,83.10533687472343,-50.86604878306389,
U67,"US/Nevada      Jack C. Davis Observatory, Carson City",240.20358,39.185603,1513.263,161.44059070106354,0.0042392658034285866,128.72150540351868,83.1051617860794,-50.866201519966125,
U68,"US/California  JPL SynTrack Robotic Telescope, Auberry",240.58701,37.07039,1376.643,161.4415701853222,0.004335443971717996,128.7229359149933,83.1049457192421,-50.86604319512844,
U69,"US/California  iTelescope SRO Observatory, Auberry",240.587,37.07039,1376.643,161.44180024809438,0.004335447585710131,128.72320413589478,83.10496807098389,-50.866058096289635,
U70,"US/California  RASC Observatory, Alder Springs",240.5869,37.07039,1376.643,161.44184401874114,0.004335436408987303,128.72314453125,83.10508728027344,-50.866153091192245,
U71,"US/California  AHS Observatory, Castaic",241.3633,34.485863,372.598,161.44327005407374,0.004465779100980573,128.7248134613037,83.10528844594955,-50.866127014160156,
U72,US/California  Tarzana,241.46,34.183055,214.153,161.44360600551005,0.004481162551157071,128.72517108917236,83.1054076552391,-50.86609348654747,
U73,US/California  Redondo Beach,241.6172,33.821671,23.959,161.4438217116902,0.004501532399318396,128.72543931007385,83.1054374575615,-50.86605064570904,
U74,"US/California  JPL SynTrack Robotic Telescope 2, Auberry",240.5872,37.070344,1372.799,161.4418461678733,0.004335452166115762,128.72314453125,83.10506865382195,-50.86619034409523,
U75,US/California  Newport Beach,242.18366,33.607628,245.509,161.44420057384218,0.004536849842418776,128.7255585193634,83.10598880052567,-50.86605064570904,
U76,"US/California  Maury Lewin Observatory, Glendora",242.1279,34.142213,222.78,161.44401978076547,0.004515202995004464,128.7253201007843,83.10595899820328,-50.866128876805305,
U77,"US/California  Rani Observatory, San Diego",242.9181,32.946672,82.132,161.44499423574715,0.004595838009920296,128.72618436813354,83.10653269290924,-50.86609721183777,
U78,US/California  Cedar Glen Observatory,242.8449,34.258673,1523.134,161.44440634315347,0.0045463482747394824,128.72537970542908,83.1066370010376,-50.86609721183777,
U79,"US/California  Cosmos Research Center, Encinitas",242.79187,33.072374,141.21,161.44470345776992,0.0045852963260158775,128.72597575187683,83.10636505484581,-50.86597613990307,
U80,"US/California  CS3-DanHenge Observatory, Landers",243.6151,34.272596,954.861,161.44482498169893,0.0045828345655757295,128.72552871704102,83.10724794864655,-50.86605064570904,
U81,"US/California  CS3-Trojan Station, Landers",243.61514,34.272551,928.274,161.44468016191323,0.004582824871040017,128.72543931007385,83.1071324646473,-50.866005942225456,
U82,"US/California  CS3-Palmer Divide Station, Landers",243.61519,34.272471,929.953,161.44467041006743,0.004582837890376194,128.72540950775146,83.10715854167938,-50.866007804870605,
U83,US/California  Mount Laguna Observatory,243.57311,32.842004,1824.998,161.44539831489587,0.004632063388019788,128.72636318206787,83.10702815651894,-50.86611770093441,
U86,"Mexico         BOOTES-5, Bajo California",244.53556,31.044836,2771.394,161.44676068348497,0.004741744843950371,128.72770428657532,83.10763165354729,-50.86606182157993,
U91,"US/Utah        BURSST, Beryl",246.30486,37.826511,1545.591,161.444714419087,0.004577439340106589,128.72359156608582,83.11007916927338,-50.86597613990307,
U92,"US/New Mexico  Astrottica Network USA2, Pie Town",251.83,34.321706,2270.412,161.44918327469924,0.004965656505023507,128.72633337974548,83.1146240234375,-50.86579546332359,
U93,"US/Utah        Skygems Dreamscope Utah, Beryl Junction",246.28761,37.762811,1557.743,161.4445986002943,0.0045791054988791,128.72353196144104,83.10994878411293,-50.86597241461277,
U94,"US/Utah        iTelescope Observatory, Beryl Junction",246.3025,37.737783,1552.042,161.44478002568655,0.004580759492137315,128.72368097305298,83.11004191637039,-50.8660189807415,
U95,"US/New Mexico  USA1/HCRO, Pie Town",251.82967,34.321833,2272.337,161.44915099544176,0.00496563775656756,128.72639298439026,83.11447128653526,-50.865791738033295,
U96,Canada/Albert  Athabasca University Geophysical Observatory,246.686,54.71367,567.954,161.43518258461455,0.003910601759521045,128.71018052101135,83.11227709054947,-50.86606927216053,
U97,"US/Arizona     JPL SynTrack Robotic Telescope 3, Flagstaff",248.33292,35.202997,2191.908,161.44696410295694,0.004771837252797611,128.7255585193634,83.11140164732933,-50.86597800254822,
U98,"US/Arizona     NAC Observatory, Benson",249.743,31.941291,1068.944,161.44912787450758,0.004957843951728138,128.72761487960815,83.11248943209648,-50.865864381194115,
U99,"US/Arizona     BCC Observatory, Black Canyon City",247.8537,34.064734,595.944,161.44720265705584,0.004791549217273866,128.72615456581116,83.11102166771889,-50.86584761738777,
V00,US/Arizona     Kitt Peak-Bok,248.39981,31.963127,2030.7879999999998,161.44845268450246,0.004894450149888809,128.7274956703186,83.11132714152336,-50.86592212319374,
V01,"US/Utah        Mountainville Observatory, Alpine",248.23911,40.448904,1540.295,161.4443894774342,0.004561977390560632,128.72207164764404,83.11186358332634,-50.86587555706501,
V02,"US/Arizona     Command Module, Tempe",248.05794,33.399758,341.737,161.44776338198756,0.004825538837989994,128.7268102169037,83.11105892062187,-50.86590722203255,
V03,US/Utah        Big Water,248.3314,37.083379,1267.045,161.44597123828652,0.004699314147795495,128.72415781021118,83.11165496706963,-50.865957513451576,
V04,"US/Arizona     FRoST, Anderson Mesa",248.46331,35.095868,2182.756,161.4470058484902,0.004781931843303806,128.72546911239624,83.11163261532784,-50.865959376096725,
V05,"US/Arizona     Rusty Mountain Observatory, Gold Canyon",248.63195,33.310395,597.819,161.44788929139168,0.004855788311448004,128.72663140296936,83.11158046126366,-50.86590722203255,
V06,US/Arizona     Catalina Sky Survey-Kuiper,249.26745,32.416873,2491.132,161.44859325423636,0.004918953010335173,128.72719764709473,83.11209827661514,-50.865862518548965,
V07,"US/Arizona     Whipple Observatory, Mount Hopkins-PAIRITEL",249.1219,31.680709,2287.949,161.44894558006777,0.004938667487962272,128.72782349586487,83.11184868216515,-50.86580477654934,
V08,"US/Arizona     Mountain Creek Ranch, Vail",249.339,32.079598,1029.734,161.4489064956947,0.004933955905862708,128.72755527496338,83.11212435364723,-50.865909084677696,
V09,"US/Arizona     Moka Observatory, Benson",249.74202,31.94056,1078.5,161.44904097363943,0.0049578355243007416,128.727525472641,83.11246708035469,-50.86585134267807,
V10,"US/Arizona     Sierra Sinagua Observatory, Flagstaff",248.32772,35.170189,2098.552,161.44694785976492,0.004772804725271682,128.7255585193634,83.11136439442635,-50.865987315773964,
V11,"US/Arizona     Saguaro Observatory, Tucson",249.21119,32.208838,816.343,161.44882622333512,0.0049232029113824485,128.7274956703186,83.11211317777634,-50.86582340300083,
V12,US/Arizona     Elgin,249.39819,31.66561,1479.588,161.44914639188454,0.004951838777773968,128.72785329818726,83.11215043067932,-50.86587369441986,
V13,"US/Utah        Little Moose Observatory, Timber Lakes",248.78278,40.451944,2599.256,161.44458320776664,0.004586467945484251,128.72201204299927,83.11235159635544,-50.86584389209747,
V14,"US/Utah        Moose Springs Observatory, Timber Lakes",248.78336,40.45573,2597.482,161.44454085248373,0.0045863391427167005,128.72204184532166,83.11216160655022,-50.86594447493553,
V15,"US/Arizona     OWL-Net, Mt. Lemmon",249.21069,32.442202,2742.485,161.44876072676178,0.0049154746898662114,128.72737646102905,83.1121876835823,-50.86579546332359,
V16,"US/New Mexico  Dark Sky New Mexico, Animas",251.10288,31.946944,1317.072,161.44982909222685,0.005020891428191333,128.72767448425293,83.11382308602333,-50.86576007306576,
V17,"US/Arizona     Leo Observatory, Tucson",248.98319,32.373981,703.596,161.44845058150537,0.004906492571156002,128.72716784477234,83.11181142926216,-50.86595378816128,
V18,"Mexico         MASTER-OAGH Observatory, Sonora",249.6181,31.056034,2476.842,161.44936407664642,0.004984364839712443,128.72806191444397,83.11225473880768,-50.865866243839264,
V19,US/New Mexico  Whiskey Creek Observatory,251.79086,32.829983,1974.027,161.44969091265443,0.005020152327094303,128.72710824012756,83.11441913247108,-50.8657805621624,
V20,"US/New Mexico  Killer Rocks Observatory, Pie Town",251.77822,34.327333,2272.02,161.44903581751694,0.004963092464341291,128.72621417045593,83.11450853943825,-50.865817815065384,
V21,US/New Mexico  Cewanee Observatory at DSNM,251.10231,31.946621,1302.234,161.4497337016555,0.005020866707268338,128.72764468193054,83.1136554479599,-50.86580663919449,
V22,"US/New Mexico  Insight Remote Observatory, Pie Town",251.8155,34.327076,2291.163,161.4490003028111,0.004964806838900631,128.72615456581116,83.11450108885765,-50.86586810648441,
V23,"US/New Mexico  FOAH Observatory, Magdalena",252.76406,34.147702,1961.266,161.44976405216858,0.005014391393463263,128.7265419960022,83.11544731259346,-50.865765661001205,
V24,"US/Arizona     Sonoran Desert Skies Observatory, Pearce",250.48403,31.866804,1425.653,161.44966105065225,0.004995197522946406,128.72779369354248,83.11329036951065,-50.86579546332359,
V25,"US/New Mexico  Tortugas Mountain Observatory, Las Cruces",253.30194,32.293068,1477.032,161.4508604987619,0.005108746889852324,128.72764468193054,83.11585336923599,-50.865791738033295,
V26,"Mexico         UAS-ISON Observatory, Cosala",253.3902,24.401562,629.624,161.45399684955447,0.0053836363243338885,128.73169779777527,83.11572298407555,-50.86570233106613,
V27,"US/New Mexico  North Mesa Observatory, Los Alamos",253.71819,35.890115,2185.939,161.4492954352514,0.004988926106917622,128.72543931007385,83.11624825000763,-50.86576007306576,
V28,"US/New Mexico  Deep Sky West Observatory, Rowe",254.34647,35.331087,2183.334,161.44990661115273,0.005038851805069666,128.7258267402649,83.11683312058449,-50.865763798356056,
V29,US/New Mexico  Tzec Maun Cloudcroft Facility,254.2666,32.979417,2756.945,161.45076258808845,0.005126855444140071,128.72710824012756,83.1165760755539,-50.86565762758255,
V30,"US/New Mexico  Heaven on Earth Observatory, Mayhill",254.47105,32.903532,2226.526,161.45104971590138,0.0051386644116912066,128.72719764709473,83.11694860458374,-50.86573399603367,
V31,"US/New Mexico  Hazardous Observatory, Mayhill",254.475,32.913751,2200.449,161.45097834931374,0.005138441909347385,128.72713804244995,83.11687037348747,-50.86578615009785,
V32,"US/New Mexico  Canvas View New Mexico Skies, Mayhill",254.47131,32.903322,2203.848,161.4510286960325,0.00513867183715554,128.72722744941711,83.11683312058449,-50.8657805621624,
V33,"US/New Mexico  Finlaystone Observatory, Angel Fire",254.72039,36.380357,2654.159,161.44936810366823,0.005013525122374638,128.72499227523804,83.11711251735687,-50.86570978164673,
V34,"US/Colorado    Baker Observatory, Black Forest",255.36992,39.004636,2245.136,161.4483519720388,0.004933416826593712,128.72332334518433,83.11766758561134,-50.86580105125904,
V35,"US/Texas       Deep Sky Observatory Collaborative, Pier 5",255.91881,30.588443,1831.571,161.45279226641213,0.005289815616317809,128.72850894927979,83.11829343438148,-50.86574889719486,
V36,"US/New Mexico  The Ranch Observatory, Lakewood",255.61742,32.638535,992.561,161.45176678445452,0.005199287180764817,128.72743606567383,83.11797678470612,-50.86572654545307,
V37,US/Texas       McDonald Observatory-LCO ELP,255.98483,30.67987,2009.519,161.45270660269904,0.0052894808698547395,128.7284791469574,83.1182450056076,-50.86563155055046,
V38,US/Texas       McDonald Observatory-LCO ELP Aqawan A #1,255.98493,30.680077,2008.3120000000001,161.4527420324829,0.005289476351991068,128.72853875160217,83.11822265386581,-50.86562968790531,
V39,US/Texas       McDonald Observatory-LCO ELP B,255.98483,30.679821,2006.2649999999999,161.45286907579302,0.005289486651192238,128.72859835624695,83.11832696199417,-50.86571164429188,
V40,"US/Texas       Divine Creation Observatory, Fort Davis",255.91873,30.588443,1831.571,161.45287143034886,0.005289809930370502,128.72865796089172,83.11823010444641,-50.86572654545307,
V41,US/South Dako  Rapid City,256.72578,44.052007,1039.702,161.445874861043,0.004770727751639402,128.71956825256348,83.11867713928223,-50.865791738033295,
V42,"US/New Mexico  Dimension Point, Mayhill",254.47472,32.913047,2180.278,161.45104703155147,0.0051384524477516005,128.7272572517395,83.11688527464867,-50.86567811667919,
V43,"US/Arizona     Chiricahua Skies Observatory, Sunizona",250.4842,31.866835,1420.236,161.4497182366909,0.0049952046543696674,128.72785329818726,83.11328291893005,-50.865838304162025,
V44,"US/New Mexico  Coyote Watcher, Pie Town",251.82983,34.321865,2267.069,161.44890860859024,0.004965640100854552,128.72609496116638,83.11449736356735,-50.86573399603367,
V45,US/Texas       McDonald Observatory-LCO ELP Aqawan B #1,255.98496,30.679943,4083.4279999999994,161.4527549614191,0.00529039640668643,128.728449344635,83.11832696199417,-50.86572654545307,
V46,"US/New Mexico  Walnut Park Observatory, Los Alamos",253.69516,35.891184,2185.187,161.4493541123699,0.004987871626031074,128.72552871704102,83.11619982123375,-50.86579918861389,
V47,US/Texas       McDonald Observatory-LCO ELP Aqawan B #2,255.98498,30.679943,4083.4279999999994,161.45270840939187,0.005290394133952706,128.72850894927979,83.11821147799492,-50.86561664938927,
V48,US/Arizona     TransAstra at Winer,249.39822,31.665531,1481.668,161.4491463078854,0.004951843122396802,128.72785329818726,83.11212062835693,-50.86592212319374,
V54,"Mexico         Observatoire LAURIER, El Marques",259.69219,20.600867,2007.698,161.45841763637623,0.005788564553695349,128.73324751853943,83.12205597758293,-50.86546391248703,
V55,"US/Texas       The Gikem Observatory, Rockwood",260.61797,31.546842,429.416,161.45436913766432,0.0054584108425772705,128.72785329818726,83.12247321009636,-50.86558312177658,
V56,"US/Texas       Stonehenge Observatory, Novice",260.30403,31.937385,618.497,161.45402170588457,0.00543002050025524,128.72761487960815,83.12219381332397,-50.86554028093815,
V57,"US/Texas       Starfront Observatories, Rockwood",260.61774,31.547099,431.894,161.45432532386081,0.005458396281414576,128.72782349586487,83.1223875284195,-50.8656594902277,
V58,"US/Texas       Medina Dome, Medina",260.73497,29.778158,460.527,161.45517609300637,0.005530339920559032,128.72880697250366,83.1226035952568,-50.86551792919636,
V59,"US/Texas       Millwood Observatory, Comfort",261.0734,30.046447,537.153,161.45529674224235,0.005534889643057225,128.7287175655365,83.12292397022247,-50.86560361087322,
V60,US/Texas       Putman Mountain Observatory,261.09473,30.534071,501.12,161.45506450985604,0.005517429162827924,128.72841954231262,83.12300965189934,-50.86548067629337,
V61,"US/Texas       Shed of Science South, Pontotoc",261.0571,30.97573,516.232,161.45476378151335,0.005499053786482108,128.7280023097992,83.12304317951202,-50.865527242422104,
V62,"US/Texas       Live Oak Observatory, Pontotoc",261.05661,30.975779,519.514,161.4549838174197,0.0054990336422399595,128.72827053070068,83.12305063009262,-50.8655346930027,
V63,"US/Texas       Tara Observatory, Cherokee",261.05728,30.975444,519.507,161.45482834100227,0.0054990792289923655,128.72812151908875,83.12300220131874,-50.865497440099716,
V70,"US/Texas       Starry Night Observatory, Columbus",263.33572,29.619051,100.577,161.4562427108272,0.005646570984414523,128.728449344635,83.12524855136871,-50.86548626422882,
V72,"US/Nebraska    JDP Observatory, Omaha",263.89,41.274086,316.9,161.45003165501822,0.005180338363378132,128.72102856636047,83.12465250492096,-50.865525379776955,
V74,"US/Texas       Katy Observatory, Katy",264.15689,29.703308,17.315,161.45649975793515,0.005677672981195369,128.72838973999023,83.12585949897766,-50.865454599261284,
V75,"US/Texas       Live Oak Observatory, Lake Jackson",264.56578,29.044439,-21.654,161.45688570631566,0.0057193915829027355,128.72856855392456,83.12631398439407,-50.86548440158367,
V78,US/Minnesota   Spirit Marsh Observatory. Sauk Centre,265.1078,45.660977,352.84,161.44727968040058,0.005020219342247131,128.71742248535156,83.12489837408066,-50.86551420390606,
V81,US/Arkansas    Fayetteville,265.7604,36.095422,336.783,161.4537104081366,0.005483972484857574,128.7243664264679,83.12666416168213,-50.86546763777733,
V83,"US/Missouri    Rolling Hills Observatory, Warrensburg",266.25728,38.677354,269.491,161.4522368941961,0.005389715141960362,128.7223994731903,83.12689140439034,-50.86539685726166,
V86,"US/Missouri    Rattle Snake Observatory, Sedalia",266.8927,38.633315,254.931,161.45254850233184,0.005416134170723304,128.72248888015747,83.12730118632317,-50.86548998951912,
V88,"US/Arkansas    River Ridge Observatory, Conway",267.42811,34.946273,208.105,161.45469866671118,0.005598689069822597,128.7245750427246,83.12825486063957,-50.865476951003075,
V92,"US/Arkansas    White County Observatory, Searcy",268.34983,35.23485,49.459,161.45494336415993,0.005622052970342551,128.7243664264679,83.12909305095673,-50.86541175842285,
V93,"US/Iowa        Pin Oak Observatory, Fort Madison",268.61611,40.653352,167.239,161.45171599376897,0.005388330600995766,128.72067093849182,83.12855288386345,-50.865402445197105,
V94,"US/Iowa        Cherokeeridge Observatory, Fort Madison",268.66169,40.643752,185.038,161.4517804456207,0.005390471001512387,128.7207305431366,83.12852308154106,-50.86550489068031,
W04,"US/Illinois    Mark Evans Observatory, Bloomington",271.00944,40.49161,246.144,161.4523750037427,0.005483640754395917,128.72031331062317,83.1303820014,-50.8654098957777,
W05,"US/Mississipp  Tree Gate Farm Observatory, Starkville",271.26719,33.347638,62.313,161.45646362518974,0.005814151077256352,128.7245750427246,83.13174545764923,-50.86537450551987,
W08,"US/Illinois    Jimginny Observatory, Naperville",271.88331,41.75898,196.856,161.4517864088656,0.005454228199070033,128.7192702293396,83.1308551132679,-50.86540803313255,
W09,"US/Illinois    Willowed Plains Observatory, Manteno",272.14753,41.256136,171.344,161.4520403080043,0.005487862821138829,128.7194788455963,83.13105255365372,-50.86536332964897,
W11,"US/Indiana     Northwest Indiana Robotic Telescope, Lowell",272.6247,41.270841,195.755,161.4522334554725,0.005504047354453438,128.71944904327393,83.13147723674774,-50.865357741713524,
W13,"US/Indiana     Star Quarry Observatory, Bedford",273.47361,38.977042,150.536,161.45377277524662,0.0056434662232417,128.7207007408142,83.1325389444828,-50.86534097790718,
W14,US/Alabama     Harvest,273.24511,34.816697,263.009,161.4563260914964,0.00582454877839647,128.72350215911865,83.13324674963951,-50.86519941687584,
W15,"US/Tennessee   Wayne Observatory, Franklin",273.19083,35.912496,212.37,161.45557277675533,0.005773986600302838,128.7226676940918,83.13299715518951,-50.865327939391136,
W16,US/Alabama     Pleasant Groves Observatory,273.76869,34.711891,437.764,161.45644918645047,0.0058483585607656706,128.72332334518433,83.13368633389473,-50.86532421410084,
W17,"US/Indiana     Arrowhead, Sheridan",273.77122,40.128199,253.519,161.45317505026188,0.00559938645072283,128.71992588043213,83.13256874680519,-50.865355879068375,
W18,"US/Indiana     Red Fox Observatory, Pendleton",274.24962,40.008446,228.471,161.45322340356896,0.0056218713762855935,128.7197470664978,83.13293382525444,-50.86536519229412,
W19,US/Michigan    Kalamazoo,274.37283,42.300452,286.991,161.45169969345386,0.005514561777941257,128.7180483341217,83.13260599970818,-50.86536332964897,
W20,"US/Ohio        Moeller Observatory, Manchester",276.4855,38.713182,252.02999999999997,161.45447166516993,0.005761204405746042,128.7199854850769,83.13501626253128,-50.86532048881054,
W21,"US/Maryland    Spots Observatory, Bethesda",282.90628,38.957173,48.059,161.4549216679979,0.0059604173456948165,128.71745228767395,83.13992619514465,-50.865134224295616,
W22,"US/Georgia     WestRock Observatory, Columbus",275.00447,32.459694,83.591,161.45803812875332,0.005990334095284433,128.7243366241455,83.13523977994919,-50.86526460945606,
W23,"US/Ohio        Hevonen Farm Observatory, Oxford",275.38019,39.492126,224.17,161.45381956894838,0.005685918466130005,128.7197768688202,83.13406258821487,-50.86533725261688,
W24,"US/Michigan    Shamrock Banks Observatory, Clare",275.23817,43.83076,217.448,161.4508691211491,0.0054673288833446635,128.71688604354858,83.1327959895134,-50.865357741713524,
W25,"US/Ohio        RMS Observatory, Cincinnati",275.63506,39.163116,235.706,161.45407601585538,0.005710460517760471,128.7200152873993,83.1342302262783,-50.86527392268181,
W26,"US/Maryland    Starpool Observatory, Hampstead",283.12911,39.587178,243.787,161.45441239770682,0.005936268089205402,128.71688604354858,83.13976600766182,-50.865212455391884,
W27,"US/Connecticu  RCNS, New Milford",286.57383,41.525585,46.18,161.45340262299231,0.005941473115148354,128.71438264846802,83.14172178506851,-50.86514540016651,
W28,"US/Georgia     Ex Nihilo Observatory, Winder",276.3883,33.982895,284.786,161.45737579010085,0.005974421260750004,128.72305512428284,83.13600718975067,-50.86515098810196,
W29,"US/Ohio        Adena Brook Observatory, Columbus",276.9939,40.048565,230.288,161.453631359786,0.005714226007761897,128.71888279914856,83.13514292240143,-50.865236669778824,
W30,"US/Georgia     Georgia College Observatory, Milledgeville",276.77117,33.082852,121.712,161.4578510089552,0.006027116552568527,128.72326374053955,83.13658088445663,-50.86519382894039,
W31,"US/Georgia     Deerlick Observatory, Crawfordville",277.23736,33.555123,138.035,161.45762114027787,0.006023046586969291,128.72281670570374,83.13685283064842,-50.86515098810196,
W32,US/Georgia     Crawfordville Observatory,277.2375,33.555538,137.927,161.45756844635582,0.006023032009765621,128.72281670570374,83.13674479722977,-50.865160301327705,
W33,"US/South Caro  Transit Dreams Observatory, Campobello",277.83451,35.077819,284.791,161.45696952727704,0.005976305167878976,128.72186303138733,83.13705027103424,-50.86517333984375,
W34,"US/North Caro  Squirrel Valley Observatory, Columbus",277.8453,35.225393,307.927,161.45687252814056,0.005970014958090184,128.7217140197754,83.13708007335663,-50.86519382894039,
W35,"US/Georgia     Buffalo Creek Observatory, Nahunta",278.0391,31.146836,-14.806,161.45914180162518,0.006154133707137226,128.72391939163208,83.13808962702751,-50.86516588926315,
W36,"US/Pennsylvan  EliLauren Observatory, Neilltown",280.502,41.619989,479.989,161.45309494599593,0.005751413586146264,128.7168264389038,83.13734084367752,-50.86514540016651,
W37,"US/New York    Transit Dreams Observatory-North, Hamburg NY",281.22014,42.667711,322.68,161.45235581255412,0.00572050239485239,128.71572375297546,83.13754200935364,-50.865260884165764,
W38,"US/North Caro  Dark Sky Observatory, Boone",278.58531,36.252691,922.142,161.4563061194881,0.005948668067465434,128.72084975242615,83.13737064599991,-50.86510814726353,
W39,US/Florida     Robinson Observatory,278.80944,28.591745,-5.972,161.46058020169795,0.006285191151706577,128.7250518798828,83.13919231295586,-50.865063443779945,
W40,US/Virginia    Hampden-Sydney Observatory,281.5291,37.238438,122.186,161.45595479672744,0.005999771018007246,128.71912121772766,83.13937485218048,-50.865091383457184,
W41,US/Virginia    Anderson Observatory,279.54,37.222125,596.821,161.45568398643857,0.005935360592766626,128.7197470664978,83.13779905438423,-50.86522363126278,
W42,"US/Florida     Mind's Eye Observatory, Vero Beach",279.46571,27.764566,-19.346,161.46105674663315,0.0063407166904286185,128.72514128684998,83.14000442624092,-50.86502246558666,
W43,"US/New York    MT_Hope_Cavu, Otisville",285.43186,41.444198,303.219,161.45340837740275,0.005912156483514543,128.71494889259338,83.14089849591255,-50.86507648229599,
W44,"US/New York    Duo Ursi de Saltu, Scarsdale",286.22017,41.01486,46.725,161.45373986865988,0.005957558917932105,128.71494889259338,83.14156159758568,-50.86504481732845,
W45,"US/Virginia    Benito Loyola Observatory, Virginia Beach",283.93828,36.728937,-30.935,161.45636313459516,0.006100932518426047,128.71837615966797,83.14130082726479,-50.86512491106987,
W46,US/North Caro  Foxfire Village,280.41192,35.145627,108.744,161.4570247327528,0.006060679777317517,128.7207305431366,83.13895761966705,-50.86509697139263,
W47,"Chile          SNX-NET, Rio Hurtado",289.23501,-30.47047,1602.574,161.46126560162753,0.006988060214047562,128.72114777565002,83.14669877290726,-50.864849239587784,
W48,"US/North Caro  BKH Observatory, Chapel Hill",280.887,35.831005,112.194,161.4568536882843,0.006044904038209011,128.72028350830078,83.13927426934242,-50.8651677519083,
W49,"US/West Virgi  CBA-MM Observatory, Mountain Meadows",281.06757,38.952839,815.574,161.45469564919455,0.005902422174322061,128.71801853179932,83.13856273889542,-50.865212455391884,
W50,US/North Caro  Apex,281.25404,35.690054,120.319,161.45698025513698,0.006063530355120053,128.720223903656,83.13969895243645,-50.86502619087696,
W51,US/New York    Custer Institute and Observatory,287.56544,41.051862,-21.217,161.45365096511395,0.005994850563342063,128.7142038345337,83.14252644777298,-50.86507089436054,
W52,US/Maryland    US Naval Academy Hopper Hall Observatory,283.51419,38.985324,-32.572,161.45517174354453,0.005978014901692885,128.71748208999634,83.14035087823868,-50.865158438682556,
W53,US/Maryland    Hagerstown,282.31524,39.639374,114.09,161.45438038006372,0.005908090202687034,128.71724367141724,83.13919231295586,-50.86514353752136,
W54,"US/Virginia    Mark Slade Remote Observatory, Wilderness",282.28944,38.333748,63.391000000000005,161.45544137838942,0.005971444255031416,128.71822714805603,83.13971757888794,-50.865164026618004,
W55,"US/Maryland    Natelli Observatory, Frederick",282.58389,39.407774,92.019,161.4545912813153,0.005928030592350335,128.7173628807068,83.13947543501854,-50.86504854261875,
W56,"US/Maryland    Pineapple Observatory, Frederick",282.52583,39.459533,193.547,161.45466946758145,0.0059236826258795144,128.71745228767395,83.13943073153496,-50.86514353752136,
W57,Chile          ESA TBT La Silla Observatory,289.26095,-29.255234,2363.859,161.46189155632095,0.007024714845648007,128.72159481048584,83.14716070890427,-50.86494982242584,
W58,"US/Maryland    ALPHA Observatory, South Laurel",283.14964,39.046892,21.886,161.45493752185718,0.005963614016554277,128.71739268302917,83.14002305269241,-50.86517706513405,
W59,"US/Pennsylvan  The Dark Side Observatory, Weatherly",284.10758,40.897966,349.531,161.45372627245283,0.005900391542896867,128.71584296226501,83.14008265733719,-50.86515657603741,
W60,"Colombia       AstroExplor Observatory, Tinjaca",286.36626,5.610983,2137.204,161.46840562716207,0.007184719429625995,128.72856855392456,83.14913138747215,-50.86475796997547,
W61,"Canada/Ontari  Leeside Observatory, Elgin",283.74492,44.586395,85.967,161.4511423420516,0.005696685643931089,128.71354818344116,83.13857764005661,-50.86522176861763,
W62,"US/Pennsylvan  Comet Hunter Observatory2, New Ringgold",284.13761,40.745188,223.42,161.45398925384796,0.005909032378575144,128.7161409854889,83.14018324017525,-50.86507275700569,
W63,"Colombia       Observatorio Astronomico UTP, Pereira",284.30958,4.790538,1517.37,161.4683866186025,0.007124991240831319,128.72976064682007,83.14723521471024,-50.86478032171726,
W64,"US/New Jersey  Red Lion Observatory, Southampton Twsp",285.27004,39.887267,-17.269,161.45453327810537,0.005986766199687222,128.71599197387695,83.14140886068344,-50.86517333984375,
W65,"Canada/Quebec  Observatoire GOZ, Montpellier",284.79169,45.850016,169.855,161.45010029688365,0.00565920537975587,128.71211767196655,83.13880860805511,-50.86515657603741,
W66,"US/New Jersey  SVH Observatory, Blairstown",285.05381,40.960335,218.288,161.45367270198736,0.005925744967243066,128.71530652046204,83.14086496829987,-50.865065306425095,
W67,"US/NJersey     Paul Robinson Observatory, Voorhees State Park",285.10211,40.681845,262.219,161.4539244855346,0.0059414641494109745,128.7156343460083,83.14080536365509,-50.86513236165047,
W68,"Chile          ATLAS Chile, Rio Hurtado",289.23502,-30.471012,1600.963,161.46134915637512,0.006988040081863035,128.7212371826172,83.14668387174606,-50.86491256952286,
W69,"US/New York    OLPH Observatory, Brooklyn",285.985,40.639006,35.239,161.45393690382508,0.005969923103575642,128.71524691581726,83.14149081707001,-50.86503177881241,
W70,"Canada/Quebec  Loose Goose Observatory, Saint-Jerome",285.91386,45.79256,132.432,161.45037930502377,0.005694481475352835,128.71193885803223,83.13961699604988,-50.86517333984375,
W71,"US/New York    Rand II Observatory, Lake Placid",285.99297,44.261139,598.33,161.45132774102848,0.005780045457546798,128.71283292770386,83.14012363553047,-50.86509324610233,
W72,"US/Connecticu  Trumbull Observatory, Trumbull",286.8211,41.243074,35.93,161.45353351038773,0.00596336064181207,128.7144422531128,83.14193040132523,-50.86506903171539,
W73,"Peru           Observatorio Astronomico de Moquegua, Carumas",289.32156,-16.828157,3351.87,161.4666396180276,0.0072913719799809805,128.72561812400818,83.15027877688408,-50.86474306881428,
W74,"Chile          Danish Telescope, La Silla",289.26245,-29.257911,2369.241,161.46189591897715,0.007024684563281496,128.72156500816345,83.14724266529083,-50.86490511894226,
W75,"Chile          SPECULOOS-South Observatory, Paranal",289.60944,-24.616088,2479.234,161.46393829748908,0.007155540136274718,128.7231147289276,83.14880728721619,-50.86490884423256,
W76,"Chile          CHILESCOPE Observatory, Rio Hurtado",289.23695,-30.472508,1557.971,161.46122351167895,0.006988034241430076,128.72102856636047,83.14674347639084,-50.864944234490395,
W77,"US/Connecticu  Skyledge Observatory, Killingworth",287.401,41.335888,90.561,161.45339816957156,0.005975382538610952,128.71408462524414,83.14226567745209,-50.86499638855457,
W78,"US/Massachuse  Clay Telescope, Harvard University",288.88325,42.376505,11.661,161.4526988463954,0.005962694297010879,128.71280312538147,83.14285054802895,-50.865063443779945,
W79,Chile          Cerro Tololo-LCO Aqawan B #1,289.19535,-30.167671,2189.34,161.46155006597994,0.006996162037301205,128.72135639190674,83.14691111445427,-50.86487717926502,
W80,US/Massachuse  Westwood,288.7678,42.247271,62.585,161.45281141394798,0.005966347187869574,128.71304154396057,83.14273878931999,-50.86500011384487,
W81,"US/New Hampsh  Nebula Knoll Observatory, East Wakefield",288.99967,43.665919,193.583,161.45178258728822,0.005896805152700902,128.71193885803223,83.14236253499985,-50.865139812231064,
W82,"US/Massachuse  Mendel Observatory, Merrimack College",288.87804,42.669325,71.635,161.45252314799023,0.0059469623898392755,128.71268391609192,83.14266428351402,-50.865111872553825,
W83,"US/Massachuse  Whitin Observatory, Wellesley",288.69747,42.294822,45.609,161.4528669806969,0.005961845212958225,128.71304154396057,83.14277604222298,-50.865115597844124,
W84,Chile          Cerro Tololo-DECam,289.19358,-30.169597,2202.786,161.46147300496443,0.006996059903801599,128.72129678726196,83.14689248800278,-50.86481384932995,
W85,Chile          Cerro Tololo-LCO A,289.19519,-30.167407,2201.781,161.461452860251,0.006996171457652082,128.72135639190674,83.14673602581024,-50.86485482752323,
W86,Chile          Cerro Tololo-LCO B,289.19533,-30.167328,2204.09,161.46153713157364,0.006996180427330897,128.7214756011963,83.14671739935875,-50.86485110223293,
W87,Chile          Cerro Tololo-LCO C,289.19532,-30.167456,2204.986,161.4614750863109,0.0069961805167089225,128.72126698493958,83.1468515098095,-50.86496286094189,
W88,"Chile          Slooh.com Chile Observatory, La Dehesa",289.4657,-33.269128,1445.32,161.4598188194493,0.006907260162428279,128.71986627578735,83.1458754837513,-50.864845514297485,
W89,Chile          Cerro Tololo-LCO Aqawan A #1,289.19533,-30.167663,2203.573,161.46143866966972,0.006996173744053305,128.72132658958435,83.14669877290726,-50.864946097135544,
W90,US/New Hampsh  Phillips Exeter Academy Grainger Observatory,289.05814,42.979452,8.475,161.4524541869602,0.005935348873554803,128.71253490447998,83.14274623990059,-50.865136086940765,
W91,"Chile          VHS-VISTA, Cerro Paranal",289.60257,-24.61584,2508.712,161.46398044821308,0.007155347259166905,128.72326374053955,83.14868807792664,-50.86486041545868,
W92,"Argentina      MASTER-OAFA Observatory, San Juan",290.67357,-31.802281,2432.723,161.46062628463747,0.00699109920779099,128.71986627578735,83.14738422632217,-50.864942371845245,
W93,Chile          Korea Microlensing Telescope Network-CTIO,289.196,-30.167216,2174.727,161.4612969393244,0.006996188636594505,128.72108817100525,83.14677327871323,-50.86497776210308,
W94,"Chile          MAPS, San Pedro de Atacama",291.82019,-22.953076,2440.558,161.46452156528076,0.0072604360908485235,128.72245907783508,83.15107226371765,-50.86471699178219,
W95,"Chile          Observatorio Panameno, San Pedro de Atacama",291.82012,-22.95318,2396.958,161.464614372633,0.007260409138798838,128.7226378917694,83.15092325210571,-50.86480267345905,
W96,"Chile          CAO, San Pedro de Atacama (since 2013)",291.82006,-22.95349,2397.649,161.46452415799487,0.007260398702341099,128.72245907783508,83.15100893378258,-50.86482875049114,
W97,"Chile          Atacama Desert Observatory, San Pedro de Atacama",291.82024,-22.953415,2401.035,161.4645807937684,0.00726040885308533,128.72251868247986,83.15101638436317,-50.864845514297485,
W98,"Chile          Polonia Observatory, San Pedro de Atacama",291.8203,-22.95318,2396.958,161.46447655143393,0.0072604105776100615,128.72248888015747,83.15088972449303,-50.864797085523605,
W99,"Chile          SON, San Pedro de Atacama Station",291.82015,-22.953415,2401.035,161.46450799443824,0.007260403799573804,128.72257828712463,83.15086364746094,-50.86471326649189,
X00,Argentina      Observatorio Astronomico Tolar,292.60125,-24.589539,3573.249,161.46375055744696,0.0072476778818752014,128.7214159965515,83.15115794539452,-50.86476914584637,
X01,"Chile          Observatory Hurtado, El Sauce",289.23502,-30.471033,1609.694,161.46127390295163,0.006988044895316199,128.72105836868286,83.14681798219681,-50.86490698158741,
X02,"Chile          Telescope Live, El Sauce",289.23517,-30.470668,1489.715,161.46141713551782,0.006987989653992652,128.7212371826172,83.1468477845192,-50.86486041545868,
X03,"Chile          Observatoire SADR, Poroto",289.20361,-30.533917,1572.149,161.46129455121962,0.006985186126977832,128.7211775779724,83.14666897058487,-50.86491443216801,
X04,"Canada/Quebec  MCD Observatory, Saint-Anaclet",291.56747,48.469954,39.171,161.44825912568422,0.005695449098458358,128.7078559398651,83.14181491732597,-50.865182653069496,
X05,"Chile          Simonyi Survey Telescope, Rubin Observatory",289.25058,-30.244603,2683.655,161.46146760981085,0.006995883208119231,128.72129678726196,83.14680680632591,-50.8649367839098,
X06,"Chile          Skygems Chile, Rio Hurtado",289.14649,-30.526441,1734.846,161.4611914795242,0.006983753774406055,128.72105836868286,83.14663171768188,-50.86494982242584,
X07,"Chile          iTelescope Deep Sky Chile, Rio Hurtado",289.14639,-30.526391,1731.607,161.4611762904427,0.006983752447176059,128.72105836868286,83.1466056406498,-50.864944234490395,
X08,"Chile          ShAO Chile station, El Sauce",289.235,-30.470114,1594.163,161.4613598545341,0.006988065027520162,128.7212371826172,83.14672857522964,-50.864873453974724,
X09,"Chile          Deep Random Survey, Rio Hurtado",289.1467,-30.526313,1733.861,161.46132534558225,0.00698376324239714,128.7212371826172,83.14662054181099,-50.864940509200096,
X10,"Chile          OVTLN, San Pedro de Atacama",291.8204,-22.953333,2438.761,161.4642926044914,0.007260438939601065,128.72222065925598,83.1509716808796,-50.86475796997547,
X11,"Chile          VLT Survey Telescope, Paranal",289.59604,-24.626344,2663.279,161.4639266053988,0.007154997238788065,128.72323393821716,83.14868435263634,-50.864771008491516,
X12,Argentina      Observatorio Los Cabezones,295.712,-36.635593,198.16,161.45735576612404,0.006963897728984944,128.71474027633667,83.14903825521469,-50.86482875049114,
X13,Argentina      Observatorio Remoto Bosque Alegre,295.4498,-31.598171,1217.34,161.46034717843375,0.007132509800821511,128.71727347373962,83.15092325210571,-50.86483247578144,
X14,"Argentina      Observatorio Orbis Tertius, Cordoba",295.83222,-31.389999,426.088,161.46020871797836,0.007149010268275247,128.71691584587097,83.15123990178108,-50.86478032171726,
X15,"Chile          ABYO, San Pedro de Atacama",291.82053,-22.952948,2441.456,161.46447978799904,0.007260449650617247,128.72245907783508,83.15098658204079,-50.864724442362785,
X16,"Bolivia        Astronomia Sigma Octante, Cochabamba",293.8497,-17.364775,2681.834,161.46586252862585,0.00742246121130147,128.7223994731903,83.15379917621613,-50.86466670036316,
X17,Chile          BlackGEM,289.26208,-29.257419,2375.243,161.46178550046812,0.0070246953547121365,128.72150540351868,83.14715698361397,-50.864845514297485,
X18,"Chile          6R-POL2, San Pedro de Atacama",291.82053,-22.952949,2434.588,161.46446871328874,0.007260449134071156,128.7224292755127,83.15100893378258,-50.864728167653084,
X19,"Argentina      Santel Observatory, El Leoncito",290.67383,-31.802446,2451.588,161.46058674123452,0.006991114524961459,128.7197768688202,83.14749598503113,-50.86486041545868,
X20,"Chile          BOOTES-7, San Pedro Atacama",291.82052,-22.953076,2440.558,161.46445491935458,0.007260446043348371,128.72233986854553,83.15104991197586,-50.864843651652336,
X21,"Chile          RoSaMund Obervatory - DSC, Rio Hurtado",289.14681,-30.526391,1731.607,161.46120888102448,0.006983763812576961,128.72105836868286,83.14670994877815,-50.86487717926502,
X22,"Chile          BTN-1, Deep Sky Chile",289.147,-30.527112,1734.279,161.461350233036,0.0069837487453136135,128.72126698493958,83.1466056406498,-50.864968448877335,
X23,"Chile          OVTLN2, San Pedro de Atacama",291.82053,-22.952895,2438.969,161.46460187139698,0.00726044941235814,128.7226378917694,83.1509605050087,-50.864702090620995,
X24,"Chile          Observatorio Desierto Cosmico, Atacama",289.98831,-27.565597,1520.045,161.4626458685167,0.007093111046485538,128.7219226360321,83.14814418554306,-50.86490698158741,
X25,Chile          UBC Southern Observatory,289.14678,-30.526461,1743.58,161.46131396050444,0.006983770580532664,128.7211775779724,83.14668387174606,-50.86495168507099,
X26,"Argentina      NAOS, Alta Gracia",295.57233,-31.63778,603.492,161.46014124980664,0.007134197294643189,128.71700525283813,83.15091580152512,-50.864869728684425,
X27,Chile          SARA-CT,289.20081,-30.172118,2166.099,161.46156114443386,0.006996183329560131,128.7214756011963,83.14670249819756,-50.86495168507099,
X28,"Chile          CHILE1/ODC, Atacama",289.98828,-27.565597,1520.045,161.46269805103162,0.007093107030189601,128.7219226360321,83.14832299947739,-50.86478032171726,
X29,Argentina      Observatorio Astronomico Municipal de Funes,299.13761,-32.916807,56.976,161.45897175187304,0.007184389387573784,128.71435284614563,83.15281569957733,-50.86476355791092,
X31,"Argentina      Galileo Galilei Observatory, Oro Verde",299.47934,-31.823022,91.816,161.4596252244867,0.007229406831004523,128.7146806716919,83.15357938408852,-50.86475983262062,
X33,"Brazil         OARU, Manaus",299.99039,-2.997379,37.888,161.4672605737791,0.007674141269921805,128.71983647346497,83.16060528159142,-50.86446367204189,
X38,"Argentina      Observatorio Pueyrredon, La Lonja",301.13711,-34.435686,18.196,161.45781789002075,0.007179854457616537,128.7124752998352,83.15345644950867,-50.8648045361042,
X39,"Argentina      Observatorio Antares, Pilar",301.1378,-34.385269,68.171,161.45769756942272,0.00718171102853282,128.71238589286804,83.1533931195736,-50.864752382040024,
X40,"Argentina      Cielos de Banfield, Banfield",301.61689,-34.74733,27.865,161.45750337095978,0.007179862112188424,128.7120282649994,83.1536129117012,-50.86468160152435,
X41,"Argentina      Observatorio Proton-Proton, Longchamps",301.6055,-34.851998,51.062,161.45747923477737,0.007175796090052787,128.71196866035461,83.15358310937881,-50.8648045361042,
X50,Uruguay        Observatorio Astronomico de Montevideo,303.82419,-34.903699,76.209,161.45698609287953,0.007224302754326757,128.7105679512024,83.1548199057579,-50.86476169526577,
X57,"Brazil         Polo Astronomico CMF,Foz do Iguacu",305.40626,-25.434816,186.613,161.46084391811613,0.007556827009983126,128.71220707893372,83.15984159708023,-50.864649936556816,
X60,Brazil         Guaraciaba Observatory,306.42556,-26.549445,600.534,161.46019807557846,0.007549919739622539,128.71131300926208,83.15997943282127,-50.86463689804077,
X70,"Brazil         Observatorio OATU, Tupi Paulista",308.43322,-21.384967,389.102,161.4615161529663,0.0077167096974804115,128.71107459068298,83.16300436854362,-50.86447857320309,
X71,"Brazil         OASMiS, Sao Miguel da Serra",308.92025,-26.375798,968.664,161.45954503241865,0.007606970814730709,128.70952486991882,83.16158503293991,-50.86446367204189,
X72,"Brazil         Waccobs, Sao Leopoldo",308.87889,-29.766926,42.22,161.45807197769443,0.007506057959506113,128.70854139328003,83.1601731479168,-50.86458474397659,
X74,Brazil         Observatorio Campo dos Amarais,309.49422,-21.394146,417.328,161.46126187126998,0.007738315065507057,128.71026992797852,83.16376060247421,-50.86447112262249,
X76,"Brazil         SUN Observatory, Redencao",309.99097,-8.035853,183.179,161.463859805126,0.007910631463301994,128.71146202087402,83.16700160503387,-50.86440220475197,
X77,"Brazil         Centro Astron. Nevoeiro, Antonio Olinto",309.92475,-25.908604,825.865,161.45948447215773,0.007639470255996725,128.70898842811584,83.16229656338692,-50.86446553468704,
X86,"Brazil         Ottoservatorio, Tatui",312.21833,-23.393035,552.06,161.45939317157138,0.007746464251943299,128.70749831199646,83.16439017653465,-50.86452327668667,
X87,"Brazil         Dogsheaven Observatory, Brasilia",312.0889,-15.891703,1044.874,161.4615452562131,0.007885522681414315,128.70875000953674,83.16673710942268,-50.86435005068779,
X88,"Brazil         Observatorio Adhara, Sorocaba",312.49131,-23.445389,596.163,161.45929434562436,0.007750267937633281,128.70725989341736,83.16461741924286,-50.8644413203001,
X89,"Brazil         Rocca Observatory, Brasilia",312.21786,-15.844483,1024.765,161.46158382304426,0.007888602167498055,128.70872020721436,83.16682279109955,-50.864407792687416,
X90,"Brazil         Carina Observatory, Brasilia",312.13208,-15.656914,1273.159,161.46162697550895,0.00788971937917843,128.70880961418152,83.16683769226074,-50.86429417133331,
X91,"Brazil         Orion-Colesanti observatory, Mairinque",312.78881,-23.569491,878.799,161.4590792800516,0.007752910668827506,128.70696187019348,83.16463604569435,-50.864482298493385,
X93,Brazil         Munhoz Observatory,313.6047,-22.628914,1078.766,161.45902922246805,0.007789673637969831,128.7064254283905,83.16541463136673,-50.864407792687416,
X98,"Brazil         Observatorio Pedra Preta, Itajuba",314.58361,-22.489308,1175.134,161.4587094750267,0.007809967747642552,128.70559096336365,83.16610008478165,-50.864383578300476,
Y00,"Brazil         SONEAR Observatory, Oliveira",315.21504,-20.715082,1111.997,161.4589199577731,0.007858923611215249,128.70529294013977,83.16699042916298,-50.86435005068779,
Y01,"Brazil         SONEAR 2 Observatory, Belo Horizonte",316.0158,-19.881969,885.335,161.45882540317788,0.007888674634002502,128.70481610298157,83.16752314567566,-50.864385440945625,
Y05,"Brazil         SONEAR Wykrota-CEAMIG, Serra da Piedade",316.31,-19.824252,1493.8,161.45876957872213,0.007895016207372077,128.70454788208008,83.16784352064133,-50.864363089203835,
Y16,"Brazil         ROCG, Campos dos Goytacazes",318.68794,-21.745265,5.455,161.45714696130227,0.007891184696997225,128.70222330093384,83.16827937960625,-50.86438171565533,
Y20,"Brazil         Omega Centauri Observatory, Cariacica",319.63169,-20.336993,33.567,161.45698619782456,0.007934539203932745,128.70147824287415,83.1691361963749,-50.86435563862324,
Y28,"Brazil         OASI, Nova Itacuruba",321.3126,-8.788707,414.679,161.45834699741022,0.008101526404451907,128.7008821964264,83.172757178545,-50.864262506365776,
Y40,"Brazil         Discovery Observatory, Caruaru",324.03889,-8.288643,533.51,161.4567683787455,0.008138685054263997,128.6981701850891,83.1739529967308,-50.86415819823742,
Y63,"Morocco        SNX-NET, Oukaimeden",352.13368,31.206605,2780.551,161.43083426390143,0.007354456294210586,128.66830825805664,83.16956087946892,-50.8645735681057,
Y64,"Canary Island  Transient Survey Telescope (TST), Teide",343.48961,28.298933,2424.545,161.43825139641328,0.0075022335474351585,128.6764144897461,83.1715315580368,-50.864385440945625,
Y65,"Canary Island  Two-meter Twin Telescope, TTT1",343.49042,28.29873,2412.45,161.43834686765402,0.0075022360476149005,128.67656350135803,83.17149430513382,-50.86437240242958,
Y66,"Canary Island  Two-meter Twin Telescope, TTT2",343.49053,28.29873,2412.45,161.43839014713438,0.007502236624745739,128.67659330368042,83.17149803042412,-50.86442828178406,
Y67,"Morocco        High Atlas Window to the Kosmos,Oukaimeden",352.13292,31.205945,2766.021,161.43094787111286,0.00735448185283845,128.66848707199097,83.16955715417862,-50.86448788642883,
Y68,"Canary Island  Two-meter Twin Telescope, TTT3",343.49077,28.298937,2410.29,161.43847761671103,0.007502224989283808,128.6766231060028,83.17160233855247,-50.864459946751595,
Y70,"Spain          ApolloIV5, Fregenal de la Sierra",353.37238,38.215823,580.687,161.42813420371306,0.006989286111577703,128.66774201393127,83.16511288285255,-50.86470954120159,
Y71,"Spain          Makroskooppi, Fregenal de la Sierra",353.37251,38.215662,582.818,161.42820187327132,0.006989292024051919,128.6677122116089,83.16530287265778,-50.86468905210495,
Y75,"Spain          Abraham Zacut, Salamanca",354.58128,38.2623,659.345,161.42727097342674,0.006981020310470342,128.6666989326477,83.16506817936897,-50.86468160152435,
Y76,"Spain          Observatorio NovaCanet, Canet de Berenguer",359.79189,39.686387,83.941,161.42319313038956,0.006868359021800999,128.66270542144775,83.16323906183243,-50.86483247578144,
Y77,"Spain          Cotos de Monterrey, Venturada",356.38858,40.789626,975.196,161.4253850358871,0.006829540115251393,128.66556644439697,83.1630490720272,-50.86486227810383,
Y78,Spain          Tros Alt,359.46617,39.400889,198.638,161.42344539632612,0.006886851826826204,128.66288423538208,83.16351473331451,-50.86473003029823,
Y79,France         Observatoire de la grande vallee,359.9927,45.517182,170.471,161.42177827561474,0.006524376594180952,128.66359949111938,83.15901830792427,-50.86498148739338,
Y80,"France         Brenehuen, Grand-Champ",357.16642,47.738795,123.965,161.42297514387198,0.006403941632963888,128.66586446762085,83.15784856677055,-50.86496286094189,
Y81,"UK/Scotland    Forthimage, Edinburgh",356.5733,55.913325,141.593,161.4209251143002,0.0058599991147711,128.66756319999695,83.15115049481392,-50.865110009908676,
Y82,"UK/England     LPMR Observatory, Broad Chalke",358.06548,51.025953,135.613,161.4214453260802,0.0061851347706342544,128.6657154560089,83.1550844013691,-50.86500383913517,
Y83,"Spain          Observatorio Arcosur, Zaragoza",359.04761,41.621176,341.185,161.4232814410696,0.006763928976636223,128.66359949111938,83.16198736429214,-50.864897668361664,
Y84,France         Observatoire de Bretagne,358.11972,48.375264,78.112,161.42219656335564,0.0063575767338868334,128.6652684211731,83.157267421484,-50.86494982242584,
Y85,"Spain          Magalofes Observatory, Fene",351.85389,43.456675,326.337,161.42772278200331,0.006693565199447514,128.66941094398499,83.16165581345558,-50.86483433842659,
Y86,Spain          Observatorio de Seron,357.48003,37.351818,831.73,161.4253754477203,0.007013482873517392,128.6642849445343,83.16504955291748,-50.86480267345905,
Y87,"Spain          Trevinca Skies-Amalthea, Trevinca",353.01194,42.222005,1313.434,161.42731049308028,0.006763222991051258,128.66836786270142,83.16247165203094,-50.86483061313629,
Y88,"Spain          ASERO, Valdin",353.01194,42.22221,1316.846,161.4272549808055,0.0067632080634458455,128.66833806037903,83.16249772906303,-50.8646871894598,
Y89,"Spain          Proxima Centauri Observatory, Valdin",353.01189,42.222446,1392.333,161.42714951502649,0.006763231485551744,128.66812944412231,83.16252008080482,-50.864843651652336,
Y90,"Spain          Observatorio ESTELIA, Ladines",354.5553,43.20349,672.706,161.42607374601656,0.006697899154224907,128.66732478141785,83.16174522042274,-50.86473189294338,
Y91,"Spain          Ras Algethi, Ronda",354.8335,36.732104,756.551,161.427445818197,0.007062473950764282,128.66637110710144,83.16592499613762,-50.86466483771801,
Y92,"Spain          JD Cassini, Piconcillo",354.53482,38.177157,579.537,161.42732258553224,0.006985886119133642,128.66678833961487,83.16497877240181,-50.86476542055607,
Y93,"Spain          Observatorio Azahar, Valoria la Buena",355.43322,41.798064,765.592,161.42563340332705,0.006776485502577851,128.66631150245667,83.16246047616005,-50.864728167653084,
Y94,"Spain          LCB Lugueros observatory, Valdelugueros",354.58571,42.983624,1251.218,161.4259722852162,0.006711140375762163,128.66714596748352,83.16178619861603,-50.864795222878456,
Y95,Spain          Pradillos Ferez,357.99864,38.348453,744.617,161.42472712715033,0.006955871817429625,128.66398692131042,83.1642784178257,-50.86475983262062,
Y96,Spain          Observatorio de Vega del Codorno,358.08932,40.417289,1590.036,161.4242394851988,0.006840310776532556,128.66416573524475,83.16298574209213,-50.864873453974724,
Y97,"France         Bommes Observatory, Bommes",359.64303,44.550028,62.301,161.42205579905908,0.006585906127883907,128.66345047950745,83.15980806946754,-50.86494795978069,
Y98,"UK/England     Southside Observatory, Steeple Aston",358.68692,51.92785,170.859,161.42096207292343,0.006121343613978261,128.66562604904175,83.15424248576164,-50.86507275700569,
Y99,Spain          Observatorio del Lucero del Alba,359.07299,41.642025,308.796,161.4232353152311,0.006762521415062296,128.66351008415222,83.1620953977108,-50.864800810813904,
Z00,"Spain          BOOTES-1, Mazagon",353.26586,37.104084,110.091,161.42853436524797,0.007049867728731444,128.6676824092865,83.16595107316971,-50.86475983262062,
Z01,"Morocco        OWL-Net, Oukaimeden",352.13331,31.20606,2855.771,161.4310248575635,0.0073545323708595345,128.66851687431335,83.1695944070816,-50.86459591984749,
Z02,"Morocco        HAO observatory, Oukaimeden",352.13331,31.206172,2773.784,161.43098206777194,0.007354475056428251,128.6684274673462,83.16964283585548,-50.864607095718384,
Z03,"Spain          Rio Cofio, Robledo de Chavela",355.73346,40.523696,975.019,161.42598804064187,0.006848493073124636,128.66613268852234,83.16345512866974,-50.864679738879204,
Z04,"Morocco        MAO, Ain Laqsab",352.98203,33.601394,352.681,161.42975488238156,0.007232895135659805,128.66786122322083,83.16812664270401,-50.86462385952473,
Z05,"Spain          Observatorio Horus, Cartama",355.36389,36.710515,138.98,161.42718452369664,0.007060402149946979,128.66604328155518,83.16592499613762,-50.86466483771801,
Z06,"Spain          Marina Sky, Nerpio",357.67324,38.165593,1655.349,161.42509782217638,0.006968563556725611,128.6642849445343,83.16458016633987,-50.86468905210495,
Z07,"Spain          Ad Astra Sangos Observatory, Alhendin",356.3605,37.111289,786.946,161.4263194855993,0.007033525784017715,128.66517901420593,83.16552266478539,-50.86476355791092,
Z08,"Spain          Telescope Live, Oria",357.59139,37.501038,1195.459,161.42529520626994,0.007004899349980464,128.66419553756714,83.16508680582047,-50.86471326649189,
Z09,"UK/England     Old Orchard Observatory, Fiddington",356.8786,51.159629,99.288,161.42219220519064,0.006182955598986558,128.66663932800293,83.15515145659447,-50.86492747068405,
Z10,"Spain          PGC, Fregenal de la Sierra",353.37235,38.215823,580.687,161.42822677508744,0.006989281474321996,128.66780161857605,83.16516503691673,-50.86476728320122,
Z11,"UK/England     Appledorne Observatory, Farnsfield",358.96669,53.106104,112.384,161.42049965186158,0.006040252890927526,128.66562604904175,83.15331861376762,-50.865115597844124,
Z12,"Spain          La Romaneta, Monovar",359.0961,38.384145,497.206,161.42394430572404,0.006945897566175172,128.6630928516388,83.16411823034286,-50.864798948168755,
Z13,"Spain          Observatorio AGP GUAM 4, Malaga",355.54519,36.722641,116.245,161.42701375591867,0.007058720756880432,128.66583466529846,83.16594362258911,-50.86462013423443,
Z14,"Spain          ART, Fregenal de la Sierra",353.37226,38.215845,639.44,161.42828552883427,0.00698931353785011,128.66786122322083,83.16519483923912,-50.86475424468517,
Z15,UK/England     Southwater,359.65331,51.018662,86.323,161.42055825577188,0.006175580065296627,128.66467237472534,83.15497636795044,-50.86500383913517,
Z16,Spain          Asociacion Astronomica de Cartagena,358.95192,37.612323,145.631,161.42415788385864,0.006988683082457078,128.66300344467163,83.16468819975853,-50.864771008491516,
Z17,Canary Island  Tenerife-LCO Aqawan A #2,343.48827,28.300316,2449.165,161.4384280677353,0.007502184680939567,128.67653369903564,83.17160233855247,-50.864528864622116,
Z18,"Canary Island  Gran Telescopio Canarias, Roque de los Muchachos",342.10811,28.75659,2325.35,161.4392508797867,0.0074802530736282685,128.67778539657593,83.1712856888771,-50.86449161171913,
Z19,Canary Island  La Palma-TNG,342.11094,28.753995,2385.706,161.43919989137802,0.007480411613367856,128.67775559425354,83.17121118307114,-50.86452700197697,
Z20,Canary Island  La Palma-MERCATOR,342.1217,28.762012,2356.944,161.439104370829,0.0074800496310047735,128.67769598960876,83.17120000720024,-50.86439289152622,
Z21,Canary Island  Tenerife-LCO Aqawan A #1,343.4883,28.300293,2440.525,161.43841662204372,0.007502180309964414,128.67650389671326,83.17164331674576,-50.86450092494488,
Z22,"Canary Island  MASTER-IAC Observatory, Tenerife",343.4894,28.29889,2393.011,161.43849778396083,0.007502214734870542,128.67674231529236,83.17145705223083,-50.864459946751595,
Z23,"Canary Island  Nordic Optical Telescope, La Palma",342.11492,28.757277,2425.315,161.43933129534975,0.007480296432793405,128.6778748035431,83.17134901881218,-50.86441710591316,
Z24,"Canary Island  Tenerife Observatory-LCO B, Tenerife",343.48848,28.300546,2455.645,161.438297477275,0.00750217705792972,128.67647409439087,83.17149803042412,-50.864435732364655,
Z25,"Canary Island  Artemis Observatory, Teide",343.49031,28.300012,2431.022,161.43845542682,0.007502188788915706,128.6766231060028,83.17159116268158,-50.864407792687416,
Z26,"Canary Island  Observatorio Astronomico Arcangel, Las Zocas",343.38969,28.078226,355.724,161.43851237301033,0.007510638819001264,128.67668271064758,83.17160606384277,-50.864413380622864,
Z27,"Canary Island  Observatorio Coralito, La Laguna",343.6998,28.472491,322.1,161.43820137152835,0.00749340627970582,128.67632508277893,83.17152038216591,-50.86447112262249,
Z28,"Spain          Northern Skygems Observatory, Nerpio",357.67331,38.165719,1658.217,161.42501720168315,0.006968557837119201,128.66413593292236,83.16458016633987,-50.86481012403965,
Z29,Spain          Observatorio Astronomico Sobradillo,354.11944,41.372224,872.813,161.42688882454695,0.0068078620572747635,128.667414188385,83.16311612725258,-50.86485110223293,
Z30,"UK/Isle of Ma  Glyn Marsh Observatory, Douglas",355.525,54.178411,168.928,161.42200550096948,0.0059853559804476306,128.66783142089844,83.15281569957733,-50.865137949585915,
Z31,"Canary Island  Tenerife Observatory-LCO A, Tenerife",343.48835,28.300421,2440.957,161.43821645583924,0.007502175222189183,128.67632508277893,83.1715576350689,-50.864458084106445,
Z32,Spain          Observatorio Astrofisico de Javalambre,358.98372,40.041843,2010.717,161.4236418202594,0.00685547059804227,128.66336107254028,83.16311612725258,-50.864798948168755,
Z33,"Spain          6ROADS Observatory 2, Nerpio",357.67331,38.165746,1660.581,161.4249192833035,0.0069685555152286015,128.6640763282776,83.16455408930779,-50.86469277739525,
Z34,UK/England     NNHS Drummonds Observatory,359.11233,52.302083,169.15,161.42053366144813,0.006093611291558377,128.66532802581787,83.15392211079597,-50.864990800619125,
Z35,Spain          OAO University Observatory Station Aras,358.8985,39.945062,1327.056,161.42382069508838,0.006861188184985582,128.66348028182983,83.16328004002571,-50.864797085523605,
Z36,Spain          Cancelada,354.94553,36.461066,84.897,161.42743974591735,0.00707590278094758,128.66628170013428,83.16607773303986,-50.86462199687958,
Z37,"UK/England     Northolt Branch Observatory 3, Blandford Forum",357.80426,50.839047,124.191,161.42183003566456,0.006199038515256243,128.66604328155518,83.1553228199482,-50.86500570178032,
Z38,"Portugal       Picoto Observatory, Leiria",351.15294,39.85614,71.022,161.42936970183283,0.006905988772490544,128.66976857185364,83.16439390182495,-50.864679738879204,
Z39,Canary Island  Observatorio Costa Teguise,346.4989,28.996159,65.802,161.43591337679604,0.007469291584303014,128.67364287376404,83.17119255661964,-50.864530727267265,
Z40,"Spain          El Manzanillo Observatory, Puerto de la Torre",355.5127,36.733872,131.022,161.4268861546817,0.007058312092857429,128.6657452583313,83.16580578684807,-50.86466670036316,
Z41,"Spain          Irydeo Observatory, Camarma de Esteruelas",356.6264,40.561118,669.12,161.42521575335323,0.006841038315339448,128.66529822349548,83.16315710544586,-50.86482688784599,
Z42,"UK/England     Rushay Farm Observatory, Sturminster Newton",357.66579,50.934434,102.962,161.42183399311912,0.006193518867211881,128.66607308387756,83.1553265452385,-50.8649367839098,
Z43,France         Landehen,357.46216,48.434104,137.564,161.4226364330834,0.006357789091213202,128.66586446762085,83.15717056393623,-50.86499638855457,
Z44,"Spain          Observatorio Terminus, A Coruna",351.67248,43.318117,159.662,161.42792513979128,0.006702405522976239,128.66955995559692,83.16182717680931,-50.864819437265396,
Z45,"Spain          Cosmos Observatory, Marbella",355.14264,36.516212,113.061,161.4274106297497,0.007071928009774471,128.66619229316711,83.16608890891075,-50.86473748087883,
Z46,UK/Wales       Cardiff,356.807,51.514032,90.003,161.4221172797689,0.0061597321671444695,128.6667287349701,83.15480500459671,-50.86502991616726,
Z47,UK/England     Runcorn,357.2925,53.333337,120.05,161.42136459152695,0.006034481473497076,128.6667287349701,83.15334841609001,-50.86502246558666,
Z48,"UK/England     Northolt Branch Observatory 2, Shepherd's Bush",359.74915,51.500075,53.606,161.42042695810764,0.0061430135421159235,128.6647915840149,83.15448462963104,-50.865089520812035,
Z49,UK/England     Alston Observatory,357.40631,53.801041,112.78,161.4210882996122,0.006001941240132212,128.6667287349701,83.15282687544823,-50.86499825119972,
Z50,Spain          Mazariegos,355.28431,42.025894,804.895,161.42564238800958,0.006763972483820539,128.66637110710144,83.1623412668705,-50.864800810813904,
Z51,"Spain          Anunaki Observatory, Rivas Vaciamadrid",356.4486,40.360654,626.823,161.42538964114038,0.006853497216678435,128.66535782814026,83.16345140337944,-50.864746794104576,
Z52,"UK/England     The Studios Observatory, Grantham",359.33899,52.915118,136.301,161.42033308806816,0.006050860695068197,128.66535782814026,83.15340802073479,-50.86511932313442,
Z53,"Morocco        TRAPPIST-North, Oukaimeden",352.1336,31.206221,2777.089,161.43096475700995,0.007354474360334384,128.66851687431335,83.16951990127563,-50.86452700197697,
Z54,"UK/England     Greenmoor Observatory, Woodcote",358.92214,51.528801,209.752,161.42077824713257,0.006146529270170048,128.66520881652832,83.15460756421089,-50.86494795978069,
Z55,"Spain          Uraniborg Observatory, Ecija",354.915,37.542483,168.55,161.42716411670074,0.007018237148710917,128.66631150245667,83.16545560956001,-50.86468905210495,
Z56,Ireland        Knocknaboola,350.2119,52.085639,29.449,161.42598403131794,0.0061459340612852595,128.6713182926178,83.15522223711014,-50.86500942707062,
Z57,"Spain          Observatorio Zuben, Alhaurin de la Torre",355.42589,36.656985,191.447,161.42702431245704,0.007062922380427941,128.66580486297607,83.16593617200851,-50.86474120616913,
Z58,Spain          ESA TBT Cebreros Observatory,355.63068,40.454056,770.891,161.42607207070043,0.006852930024949434,128.66616249084473,83.16349238157272,-50.86481012403965,
Z59,UK/England     Chelford Observatory,357.7154,53.273907,125.531,161.42120274267137,0.006036211272176733,128.6664605140686,83.15339684486389,-50.86510814726353,
Z60,Spain          Observatorio Zaldibia,357.8506,43.038842,144.66,161.42380022577882,0.006688909015095399,128.6647617816925,83.16123485565186,-50.86483433842659,
Z61,"Spain          Montecanal Observatory, Zaragoza",359.064,41.629001,217.642,161.42323714087172,0.006763292415157084,128.66351008415222,83.16206932067871,-50.864849239587784,
Z62,Spain          Observatorio Forcarei,351.62912,42.610591,670.063,161.4281986081361,0.006745003673812986,128.66955995559692,83.16237851977348,-50.86478590965271,
Z63,"Spain          Skybor Observatory, Borja",358.47002,41.830074,454.751,161.42358521493475,0.00675593615249798,128.66398692131042,83.16202089190483,-50.86482688784599,
Z64,Spain          Observatorio el Miron del Cielo,352.1424,42.352174,145.107,161.42778176750178,0.006758280002883103,128.6689043045044,83.16260203719139,-50.86475610733032,
Z65,Spain          Observatorio Astronomico Corgas,352.17252,42.249342,340.501,161.42796157662713,0.006764337130109493,128.6691129207611,83.16265791654587,-50.86470767855644,
Z66,"Spain          DeSS Deimos Sky Survey, Niefla Mountain",355.59156,38.543547,1066.217,161.426528298647,0.006960381613551492,128.6660134792328,83.16464722156525,-50.864746794104576,
Z67,Ireland        Dunboyne Castle Observatory,353.52314,53.41442,71.701,161.42337332627972,0.006045920380328377,128.66899371147156,83.15376937389374,-50.86497962474823,
Z68,"Spain          Observatorio Torreaguila, Barbano",353.4003,38.868669,206.864,161.4279387876613,0.006952926977579898,128.6676824092865,83.16487818956375,-50.86462385952473,
Z69,Spain          Observatorio Mazagon Huelva,353.187,37.131467,26.289,161.42855472566686,0.007048700296395176,128.66777181625366,83.16595479846,-50.86459219455719,
Z70,Spain          Ponferrada,353.35711,42.575022,520.198,161.42687878170707,0.006740572795361093,128.66804003715515,83.16221833229065,-50.864703953266144,
Z71,"Spain          Observatorio Norba Caesarina, Aldea Moret",353.60972,39.450877,468.103,161.4279369578906,0.00691962534816026,128.6678910255432,83.16447213292122,-50.86475424468517,
Z72,"Ireland        Cademuir Observatory, Dalkey",353.88864,53.273256,60.292,161.42341009615149,0.006054203905458431,128.66896390914917,83.15384015440941,-50.86505599319935,
Z73,"Spain          Observatorio Nuevos Horizontes, Camas",353.96731,37.403179,9.671,161.42791568631824,0.007030469042673688,128.6671757698059,83.16556364297867,-50.86471140384674,
Z74,Spain          Amanecer de Arrakis,354.1562,37.334107,53.923,161.42795088830076,0.007033300898368268,128.66714596748352,83.16569402813911,-50.86468532681465,
Z75,"Spain          Observatorio Sirius, Las Lomas",354.4676,42.598353,970.698,161.4262682146934,0.006734434980160755,128.66732478141785,83.16213637590408,-50.86470954120159,
Z76,"Spain          Observatorio Carda, Villaviciosa",354.5644,43.48149,4.513,161.42596346098065,0.006680894873071984,128.66729497909546,83.16147699952126,-50.864895805716515,
Z77,Spain          Osuna,354.88958,37.230879,245.687,161.427338558938,0.007035219652090436,128.66640090942383,83.16560462117195,-50.864772871136665,
Z78,"Spain          Arroyo Observatory, Arroyo Hurtado",358.3242,38.09687,466.614,161.4245188062543,0.006967177487400108,128.66359949111938,83.1645019352436,-50.86471326649189,
Z79,Spain          Calar Alto TNO Survey,357.45327,37.220935,2162.511,161.42545642228885,0.00702140115500711,128.66434454917908,83.16514641046524,-50.864750519394875,
Z80,UK/England     Northolt Branch Observatory,359.62808,51.554661,58.505,161.42057279219512,0.006140191434949766,128.665030002594,83.15442502498627,-50.8650466799736,
Z81,Spain          Observatorio Estrella de Mar,355.7324,36.720606,67.08,161.42690096104926,0.007057724756930175,128.6657154560089,83.16584303975105,-50.864728167653084,
Z82,"Spain          BOOTES-2 Observatory, Algarrobo",355.95897,36.759252,132.613,161.4267166969895,0.007054381427441602,128.66556644439697,83.16577970981598,-50.86462385952473,
Z83,"Spain          Chicharronian 3C Observatory, Tres Cantos",356.2881,40.610079,792.156,161.42541503042608,0.006840305271237178,128.66553664207458,83.16325023770332,-50.864703953266144,
Z84,Spain          Calar Alto-Schmidt,357.45184,37.223989,2211.796,161.42534185267175,0.007021271749833477,128.66413593292236,83.1652581691742,-50.86473189294338,
Z85,Spain          Observatorio Sierra Contraviesa,356.75028,36.877254,1347.963,161.42610082629213,0.007043905067939876,128.66485118865967,83.16564187407494,-50.864703953266144,
Z86,UK/Wales       St. Mellons,356.89,51.523936,20.726,161.42220268718688,0.006158596023096726,128.6667287349701,83.15495029091835,-50.865063443779945,
Z87,"UK/England     Stanley Laver Observatory, Pontesbury",357.1021,52.648212,110.278,161.4217437024391,0.006081979327392672,128.66675853729248,83.15400406718254,-50.86507834494114,
Z88,"UK/England     Fosseway Observatory, Stratton-on-the-Fosse",357.5101,51.254536,204.251,161.4218304615061,0.006173211757020626,128.66619229316711,83.15510675311089,-50.86498335003853,
Z89,UK/England     Macclesfield,357.8281,53.264567,97.494,161.42108354812788,0.006036203922378522,128.66637110710144,83.15331861376762,-50.86508393287659,
Z90,Spain          Albox,357.8482,37.405564,493.072,161.42509848823795,0.007007918314772221,128.66392731666565,83.16510170698166,-50.86474306881428,
Z91,UK/England     Curdridge,358.74999,50.916485,31.749,161.42112217674048,0.006188164630399439,128.66532802581787,83.15505087375641,-50.865013152360916,
Z92,"UK/England     Almalex Observatory, Leeds",358.39222,53.837615,114.55,161.42049121380072,0.005993909116386725,128.6659836769104,83.15273746848106,-50.865134224295616,
Z93,"Spain          Observatorio Polop, Alicante",359.85589,38.617299,222.134,161.4233414008477,0.006927148836042445,128.66249680519104,83.16383138298988,-50.86486227810383,
Z94,UK/England     Kempshott,358.8565,51.247283,115.859,161.42105495160726,0.006165614472840218,128.66538763046265,83.15486460924149,-50.86495354771614,
Z95,Spain          Astronomia Para Todos Remote Observatory,358.8909,39.949917,1279.393,161.4237239242482,0.006860949334875032,128.66348028182983,83.16311612725258,-50.86475796997547,
Z96,Spain          Observatorio Cesaraugusto,359.19369,41.696118,225.655,161.4230150971837,0.006758471918890789,128.66336107254028,83.16189050674438,-50.86481384932995,
Z97,"France         OPERA Observatory, Saint Palais",359.41647,45.302074,58.177,161.4221002634978,0.006541690744659478,128.66386771202087,83.15927162766457,-50.86491070687771,
Z98,"Spain          Observatorio TRZ, Betera",359.5216,39.601465,107.275,161.42328582785575,0.006875198174120824,128.6628246307373,83.1632949411869,-50.86473375558853,
Z99,"UK/England     Clixby Observatory, Cleethorpes",359.97874,53.546062,8.159,161.41982952059604,0.00600389880591547,128.66508960723877,83.15284550189972,-50.86511932313442,
